client_id,client_type,first_name,last_name,date_of_birth,gender,country,region,acquisition_purpose,satisfaction_score,loan_applied,referral_channel,age,total_properties,total_investment,average_property_price,max_property_price,min_property_price,average_property_area,total_property_area,cluster,hierarchical_cluster,segment_name
C0001,Individual,Kareem,Liu,1968-05-11,F,USA,California,Home,4,Yes,Website,58,4,1246764.72,311691.18,496266.41,175599.9,983.885,3935.54,2,1,Home-Focused Buyers - Cluster 2
C0002,Individual,Trystan,Oconnor,1962-11-26,M,USA,California,Home,1,No,Website,63,5,1841095.9300000002,368219.18600000005,505127.63,248525.12,1187.942,5939.71,1,0,Home-Focused Buyers
C0003,Individual,Kale,Gay,1959-04-07,M,USA,California,Home,4,Yes,Agency,67,5,1661457.5899999999,332291.518,584611.99,216874.97,1058.1100000000001,5290.55,1,0,Home-Focused Buyers
C0004,Individual,Russell,Gross,1959-11-25,M,USA,California,Home,5,No,Website,66,6,1608263.51,268043.91833333333,606634.75,149009.73,937.1033333333334,5622.62,0,0,High-Value Investors
C0005,Company,Marleez,Co,1976-02-28,M,USA,California,Investment,5,No,Website,50,13,3653385.38,281029.64461538463,628812.33,189194.31,927.2961538461539,12054.85,0,2,High-Value Investors
C0006,Individual,Yurem,Wright,1957-03-06,M,USA,California,Home,3,Yes,Website,69,5,1514131.06,302826.212,435031.4,195874.94,989.5899999999999,4947.95,2,0,Home-Focused Buyers - Cluster 2
C0007,Individual,Xavier,Faulkner,1947-05-24,M,CANADA,Quebec,Investment,5,No,Website,79,11,3251147.83,295558.8936363636,484458.03,177555.06,995.6936363636363,10952.63,0,2,High-Value Investors
C0008,Individual,Kayden,Olsen,1969-10-17,F,USA,California,Home,5,No,Website,56,5,1476730.4100000001,295346.08200000005,537291.01,199931.08,1031.106,5155.53,2,0,Home-Focused Buyers - Cluster 2
C0009,Individual,Joaquin,Mullins,1975-10-05,M,USA,California,Investment,5,No,Agency,50,5,1820832.35,364166.47000000003,580903.05,168834.04,1305.644,6528.22,1,0,Home-Focused Buyers
C0010,Individual,Nicolas,Navarro,1966-06-17,M,USA,Oregon,Investment,3,No,Agency,60,5,1732434.0,346486.8,480540.62,214631.68,1140.206,5701.03,1,0,Home-Focused Buyers
C0011,Individual,Laci,Guerra,1956-06-17,F,USA,California,Home,2,Yes,Website,70,5,1325211.52,265042.304,473195.39,152118.46,935.914,4679.57,2,0,Home-Focused Buyers - Cluster 2
C0012,Company,Kylax,Co,1975-04-25,M,USA,California,Investment,5,No,Website,51,4,1599526.4,399881.6,529317.28,246824.34,1317.445,5269.78,1,0,Home-Focused Buyers
C0013,Individual,Harley,Lucero,1962-08-10,M,USA,California,Home,1,Yes,Website,64,5,2142750.89,428550.178,562818.96,177556.15,1407.376,7036.88,1,0,Home-Focused Buyers
C0014,Company,Esther,Co,1980-07-10,M,USA,California,Home,3,Yes,Website,46,4,1548140.0699999998,387035.01749999996,531267.61,169158.29,1280.5425,5122.17,1,0,Home-Focused Buyers
C0015,Individual,Jaylynn,Hickman,1941-08-19,F,USA,California,Home,5,No,Client,85,5,1585907.37,317181.47400000005,426442.43,169113.16,1030.764,5153.82,2,0,Home-Focused Buyers - Cluster 2
C0016,Individual,Olivia,Oconnell,1939-09-03,F,USA,California,Investment,5,No,Website,87,4,1010217.73,252554.4325,287917.8,224076.84,842.145,3368.58,2,1,Home-Focused Buyers - Cluster 2
C0017,Individual,Antonio,Porter,1977-01-08,M,USA,Arizona,Home,3,No,Client,49,5,1778693.75,355738.75,568732.24,183173.08,1195.8139999999999,5979.07,1,0,Home-Focused Buyers
C0018,Individual,Luke,Lynn,1967-02-07,M,USA,California,Home,2,Yes,Agency,59,4,1061478.67,265369.6675,461655.95,170848.18,913.8325,3655.33,2,1,Home-Focused Buyers - Cluster 2
C0019,Individual,Anahi,Curry,1957-09-09,M,USA,California,Home,5,Yes,Client,69,4,1773474.26,443368.565,599245.34,239248.75,1402.0425,5608.17,1,0,Home-Focused Buyers
C0020,Individual,Camille,Sharp,1967-10-17,F,USA,California,Home,5,No,Website,58,4,1508032.25,377008.0625,505470.6,282867.04,1307.08,5228.32,1,0,Home-Focused Buyers
C0021,Individual,Jesus,Obrien,1938-06-09,M,USA,Oregon,Investment,3,No,Website,88,6,1928172.72,321362.12,555614.35,183083.45,1028.86,6173.16,0,0,High-Value Investors
C0022,Individual,Araceli,Nelson,1966-09-14,M,GERMANY,Berlin,Investment,5,No,Agency,59,4,1372403.2,343100.8,453294.55,205098.21,1247.4850000000001,4989.9400000000005,1,0,Home-Focused Buyers
C0023,Individual,Cole,Taylor,1958-12-06,M,USA,California,Home,3,Yes,Website,67,5,1457871.69,291574.338,408265.89,189004.45,948.3880000000001,4741.9400000000005,2,0,Home-Focused Buyers - Cluster 2
C0024,Individual,Alonso,Terrell,1963-11-05,M,USA,California,Investment,4,No,Website,62,6,1884156.9000000001,314026.15,560195.06,171262.65,1053.735,6322.41,0,0,High-Value Investors
C0025,Individual,Rodolfo,Gibson,1937-01-20,M,USA,Nevada,Home,2,Yes,Website,89,5,1694448.83,338889.766,518174.75,191730.36,1120.576,5602.88,1,0,Home-Focused Buyers
C0026,Individual,Joseph,Reeves,1962-09-23,M,USA,California,Investment,5,No,Website,63,10,2932241.75,293224.175,436987.95,123001.89,1002.383,10023.83,0,2,High-Value Investors
C0027,Individual,Grant,Weber,1968-09-08,M,USA,California,Home,5,Yes,Website,58,5,1517969.44,303593.888,427086.44,181396.76,1070.234,5351.17,2,0,Home-Focused Buyers - Cluster 2
C0028,Individual,Ava,Phelps,1958-04-15,F,USA,California,Home,3,No,Client,68,5,1791082.79,358216.558,512682.59,192092.24,1266.366,6331.83,1,0,Home-Focused Buyers
C0029,Individual,Kyla,Walker,1976-02-26,F,USA,Colorado,Home,4,Yes,Agency,50,4,1247795.31,311948.8275,410549.3,188743.11,993.05,3972.2,2,1,Home-Focused Buyers - Cluster 2
C0030,Individual,Alanna,Hess,1952-06-19,F,USA,Nevada,Home,3,No,Website,74,4,1547311.29,386827.8225,545645.2,234172.39,1279.3725,5117.49,1,0,Home-Focused Buyers
C0031,Individual,Skylar,Buchanan,1977-12-25,M,USA,Nevada,Home,4,Yes,Website,48,5,1077148.21,215429.642,258061.02,143682.52,677.3399999999999,3386.7,2,1,Home-Focused Buyers - Cluster 2
C0032,Individual,Rodrigo,Robinson,1966-08-11,M,USA,California,Home,4,No,Website,60,5,1888995.1600000001,377799.032,490429.65,239200.56,1282.528,6412.64,1,0,Home-Focused Buyers
C0033,Individual,Lydia,Tate,1968-08-14,F,USA,California,Home,3,Yes,Website,58,4,1404998.67,351249.6675,376964.62,328477.73,1250.4325,5001.73,1,1,Home-Focused Buyers
C0034,Individual,Lauryn,Patrick,1969-10-30,F,BELGIUM,Brussels,Home,2,No,Agency,56,5,1632608.66,326521.73199999996,508462.97,187384.47,1160.556,5802.780000000001,1,0,Home-Focused Buyers
C0035,Individual,Diego,Mendez,1965-05-12,M,MEXICO,Mexico City,Home,3,No,Agency,61,5,1987876.4,397575.27999999997,539968.61,190023.11,1445.752,7228.76,1,0,Home-Focused Buyers
C0036,Individual,Victor,Jensen,1973-09-01,M,USA,California,Home,4,No,Website,53,4,1173683.53,293420.8825,437900.49,179674.08,963.325,3853.3,2,1,Home-Focused Buyers - Cluster 2
C0037,Individual,Scarlet,Hendricks,1962-01-20,F,USA,California,Home,5,Yes,Website,64,5,1607228.75,321445.75,482067.87,156463.31,1018.368,5091.84,2,0,Home-Focused Buyers - Cluster 2
C0038,Individual,Janelle,Espinoza,1974-12-25,F,USA,California,Investment,4,No,Client,51,4,1175129.27,293782.3175,407214.29,140439.73,1105.1225,4420.49,2,1,Home-Focused Buyers - Cluster 2
C0039,Individual,Aleksandra,Karenina,1967-06-13,F,RUSSIA,Krasnodar Krai,Home,1,No,Agency,59,4,1858527.54,464631.885,626247.03,315733.15,1365.68,5462.72,1,0,Home-Focused Buyers
C0040,Individual,Conner,Huff,1975-03-22,M,USA,Nevada,Home,5,No,Website,51,6,1854608.29,309101.38166666665,507842.87,157697.13,1047.8,6286.8,0,0,High-Value Investors
C0041,Individual,Zain,Horne,1967-04-13,M,USA,Arizona,Home,1,Yes,Website,59,5,1374460.79,274892.158,405898.92,193660.62,872.838,4364.19,2,1,Home-Focused Buyers - Cluster 2
C0042,Individual,Maia,Chandler,1975-08-12,F,USA,Utah,Home,1,Yes,Website,51,4,1101390.25,275347.5625,364280.42,200300.63,913.8425,3655.37,2,1,Home-Focused Buyers - Cluster 2
C0043,Individual,Jordyn,Park,1965-04-04,M,USA,Nevada,Investment,3,Yes,Website,61,4,1126492.46,281623.115,467216.3,185668.22,983.505,3934.02,2,1,Home-Focused Buyers - Cluster 2
C0044,Individual,Diana,Hunt,1931-02-13,F,USA,Arizona,Home,3,No,Website,95,4,1330493.26,332623.315,519866.77,244970.45,1106.8675,4427.47,2,0,Home-Focused Buyers - Cluster 2
C0045,Individual,Kevin,Mata,1968-10-12,M,USA,Colorado,Investment,2,No,Agency,57,5,1463432.3599999999,292686.47199999995,592737.69,150401.04,913.774,4568.87,2,1,Home-Focused Buyers - Cluster 2
C0046,Individual,Brisa,Mckee,1964-09-24,F,USA,California,Home,5,No,Client,61,8,2026517.4,253314.675,388515.14,145693.65,857.8050000000001,6862.4400000000005,0,2,High-Value Investors
C0047,Individual,Mason,Gilbert,1970-07-31,M,USA,Colorado,Home,2,No,Agency,56,5,1438239.28,287647.856,459403.88,197053.51,953.568,4767.84,2,1,Home-Focused Buyers - Cluster 2
C0048,Individual,Derick,Li,1957-03-20,M,USA,California,Home,3,Yes,Agency,69,4,1338718.0,334679.5,493044.25,245892.17,1026.3200000000002,4105.280000000001,2,1,Home-Focused Buyers - Cluster 2
C0049,Individual,Jace,Riggs,1971-08-20,F,USA,California,Home,1,No,Website,55,4,1390091.2,347522.8,533120.65,240539.35,1204.3675,4817.47,1,0,Home-Focused Buyers
C0050,Individual,Jair,Johns,1940-03-05,M,USA,California,Home,5,No,Website,86,9,2744452.35,304939.15,486685.38,182266.87,993.5088888888889,8941.58,0,2,High-Value Investors
C0051,Individual,Matilda,Madden,1941-03-03,F,USA,Colorado,Home,3,No,Agency,85,4,1270440.42,317610.105,564388.0,214855.74,1039.56,4158.24,2,1,Home-Focused Buyers - Cluster 2
C0052,Individual,Myla,Ewing,1967-02-03,F,USA,Oregon,Investment,2,No,Client,59,4,1474211.53,368552.8825,555271.92,189545.13,1187.925,4751.7,1,1,Home-Focused Buyers
C0053,Individual,Miguel,Walter,1954-01-07,M,USA,Arizona,Home,4,No,Agency,72,4,1120539.44,280134.86,368589.72,190081.1,929.245,3716.98,2,1,Home-Focused Buyers - Cluster 2
C0054,Company,Bridger CAL,Co,1967-02-15,M,USA,Nevada,Investment,5,No,Website,59,6,2109277.6,351546.26666666666,435374.92,264142.16,1115.6333333333334,6693.8,0,0,High-Value Investors
C0055,Individual,Mara,Franco,1973-06-07,F,USA,California,Home,5,Yes,Agency,53,4,1178979.21,294744.8025,416304.72,163436.83,989.8299999999999,3959.3199999999997,2,1,Home-Focused Buyers - Cluster 2
C0056,Individual,Erik,Mora,1964-12-07,M,USA,Oregon,Investment,5,No,Agency,61,4,1579301.3599999999,394825.33999999997,559835.83,224463.87,1355.5975,5422.39,1,0,Home-Focused Buyers
C0057,Individual,Henry,Kennedy,1933-06-08,M,USA,California,Home,4,Yes,Agency,93,5,2020519.52,404103.904,589905.02,243606.31,1344.1439999999998,6720.719999999999,1,0,Home-Focused Buyers
C0058,Company,Kenyon,Co,1969-05-03,F,USA,California,Investment,1,Yes,Website,57,5,1441406.17,288281.234,494246.62,214745.32,919.8399999999999,4599.2,2,0,Home-Focused Buyers - Cluster 2
C0059,Individual,Oswaldo,Palmer,1960-06-16,M,USA,California,Home,2,No,Website,66,4,1278854.25,319713.5625,488077.62,129489.0,1102.44,4409.76,2,1,Home-Focused Buyers - Cluster 2
C0060,Individual,Kassidy,Vega,1972-05-07,F,USA,California,Home,5,No,Website,54,4,1355662.25,338915.5625,485561.11,247809.36,1119.4675,4477.87,2,0,Home-Focused Buyers - Cluster 2
C0061,Individual,Morgan,Glass,1967-05-12,M,USA,Utah,Home,5,No,Agency,59,4,1306907.58,326726.895,402081.8,282131.87,1101.62,4406.48,2,1,Home-Focused Buyers - Cluster 2
C0062,Individual,Tyler,Carr,1974-03-27,M,USA,California,Home,5,Yes,Client,52,5,1489333.49,297866.698,443358.25,150856.46,1059.8319999999999,5299.16,2,0,Home-Focused Buyers - Cluster 2
C0063,Individual,Yesenia,Marquez,1942-07-23,F,USA,Arizona,Home,4,No,Website,84,5,1625480.88,325096.176,538375.93,197254.69,1112.538,5562.6900000000005,1,0,Home-Focused Buyers
C0064,Individual,Gordon,Brown,1974-02-10,M,UK,Northern Ireland,Investment,4,No,Agency,52,4,1448881.28,362220.32,574929.03,150684.73,1095.85,4383.4,1,1,Home-Focused Buyers
C0065,Individual,Rodrigo,Ramirez,1972-03-26,M,USA,California,Home,1,No,Agency,54,4,1557125.73,389281.4325,539032.17,177709.65,1261.5275,5046.11,1,1,Home-Focused Buyers
C0066,Individual,Melanie,Holland,1974-12-25,F,USA,California,Investment,3,No,Client,51,4,1107164.17,276791.0425,366314.0,213799.71,932.7550000000001,3731.0200000000004,2,1,Home-Focused Buyers - Cluster 2
C0067,Individual,Enrique,Cardenas,1977-06-10,M,USA,California,Home,2,No,Website,49,5,1431941.84,286388.368,468196.39,141613.5,851.818,4259.09,2,1,Home-Focused Buyers - Cluster 2
C0068,Individual,Helen,Williamson,1966-02-26,F,USA,Colorado,Home,5,Yes,Agency,60,4,1572779.33,393194.8325,459558.39,344568.74,1450.2925,5801.17,1,0,Home-Focused Buyers
C0069,Individual,Isis,Rios,1970-04-01,M,USA,California,Investment,4,No,Website,56,5,1439142.47,287828.494,479080.93,133001.94,957.588,4787.94,2,1,Home-Focused Buyers - Cluster 2
C0070,Individual,Kayley,Nielsen,1947-04-27,F,USA,Arizona,Home,4,Yes,Website,79,5,1521570.62,304314.124,448702.07,208129.31,1039.274,5196.37,2,0,Home-Focused Buyers - Cluster 2
C0071,Individual,Donavan,Flowers,1985-12-27,M,USA,California,Home,1,Yes,Client,40,5,1150384.09,230076.81800000003,415775.9,140920.9,833.3799999999999,4166.9,2,1,Home-Focused Buyers - Cluster 2
C0072,Individual,Augustus,Hinton,1953-02-03,M,USA,Nevada,Investment,2,No,Website,73,6,2246488.58,374414.76333333337,674634.08,234750.59,1129.4916666666666,6776.95,0,0,High-Value Investors
C0073,Individual,Alejandra,Greer,1965-01-11,F,DENMARK,Capital Region,Investment,1,No,Agency,61,4,1413902.33,353475.5825,527107.1,230992.44,1194.0325,4776.13,1,0,Home-Focused Buyers
C0074,Individual,Violet,Nixon,1959-01-01,F,USA,Oregon,Investment,5,No,Client,67,5,1709458.65,341891.73,573381.83,195153.16,1138.044,5690.22,1,0,Home-Focused Buyers
C0075,Individual,Jaelyn,Berger,1970-05-05,F,USA,California,Home,3,No,Website,56,4,1269395.74,317348.935,590971.72,191389.87,1048.3425,4193.37,2,0,Home-Focused Buyers - Cluster 2
C0076,Individual,Tristian,Fuller,1956-03-13,M,USA,California,Home,5,No,Agency,70,6,1905852.0899999999,317642.01499999996,534630.42,204997.52,1067.28,6403.68,0,0,High-Value Investors
C0077,Individual,Christian,Costa,1980-09-14,M,USA,California,Home,5,No,Website,45,5,1880012.18,376002.436,590130.14,122930.75,1191.826,5959.13,1,0,Home-Focused Buyers
C0078,Individual,Nora,Lynch,1948-04-23,F,USA,California,Home,5,No,Website,78,4,1685882.3900000001,421470.59750000003,485944.71,342357.64,1415.63,5662.52,1,0,Home-Focused Buyers
C0079,Individual,Dangelo,Shea,1954-02-27,M,BELGIUM,Brussels,Investment,4,No,Website,72,4,1456436.3,364109.075,579893.68,242740.66,1219.0675,4876.27,1,1,Home-Focused Buyers
C0080,Individual,Aiyana,Christensen,1949-01-16,F,USA,California,Investment,3,No,Website,77,5,1427531.56,285506.31200000003,502978.74,219373.41,965.024,4825.12,2,0,Home-Focused Buyers - Cluster 2
C0081,Individual,Sidney,Cline,1943-07-24,F,USA,California,Home,4,Yes,Website,83,4,1522144.26,380536.065,655054.84,263803.73,1252.745,5010.98,1,0,Home-Focused Buyers
C0082,Individual,Kaitlin,Owen,1981-12-26,F,USA,Virginia,Investment,5,No,Client,44,5,1282267.95,256453.59,336673.91,203491.85,884.2239999999999,4421.12,2,1,Home-Focused Buyers - Cluster 2
C0083,Individual,Issac,Edwards,1938-10-29,M,USA,California,Home,5,No,Website,87,6,1513641.46,252273.57666666666,360807.72,177781.18,851.395,5108.37,0,0,High-Value Investors
C0084,Individual,Zaiden,Merritt,1948-02-23,M,USA,Wyoming,Home,3,No,Agency,78,5,1762231.92,352446.38399999996,517695.89,204286.67,1083.6119999999999,5418.0599999999995,1,0,Home-Focused Buyers
C0085,Individual,Iris,Larsen,1966-09-14,M,USA,California,Home,4,Yes,Agency,59,4,1185505.46,296376.365,480842.09,166682.58,986.395,3945.58,2,1,Home-Focused Buyers - Cluster 2
C0086,Individual,Grace,Stein,1968-12-20,F,USA,California,Home,3,Yes,Website,57,5,1928188.6099999999,385637.72199999995,525721.08,238146.95,1354.634,6773.17,1,0,Home-Focused Buyers
C0087,Individual,Alessandra,Perry,1979-05-15,F,USA,California,Home,4,No,Agency,47,4,1681153.28,420288.32,508371.29,231182.8,1287.6625,5150.65,1,0,Home-Focused Buyers
C0088,Individual,Jamal,Mueller,1936-08-13,M,USA,Oregon,Investment,2,No,Website,90,6,1450519.57,241753.2616666667,308622.38,183522.61,786.9733333333334,4721.84,2,0,Home-Focused Buyers - Cluster 2
C0089,Individual,Irvin,Ellis,1949-11-14,M,USA,California,Home,3,No,Agency,76,4,1041853.81,260463.4525,302297.34,215409.32,854.79,3419.16,2,1,Home-Focused Buyers - Cluster 2
C0090,Individual,Terry,Forbes,1982-05-27,M,USA,California,Home,5,No,Client,44,5,980850.4199999999,196170.08399999997,252200.58,133518.0,703.798,3518.99,2,1,Home-Focused Buyers - Cluster 2
C0091,Individual,Jacqueline,Grant,1959-11-13,F,USA,California,Home,4,No,Website,66,4,1356644.74,339161.185,432448.91,225401.62,1161.6775,4646.71,2,0,Home-Focused Buyers - Cluster 2
C0092,Individual,Brock,Fischer,1971-05-29,M,USA,Kansas,Home,3,No,Website,55,8,2817926.96,352240.87,536812.04,212987.49,1218.0425,9744.34,0,2,High-Value Investors
C0093,Individual,Curtis,Howard,1962-09-11,M,USA,California,Home,2,No,Agency,64,5,1732558.38,346511.676,438704.41,248815.13,1196.466,5982.33,1,0,Home-Focused Buyers
C0094,Individual,Avah,Huang,1948-04-23,F,USA,California,Home,5,No,Website,78,5,1062675.82,212535.16400000002,292598.12,159881.5,692.664,3463.3199999999997,2,1,Home-Focused Buyers - Cluster 2
C0095,Individual,Frank,Meyer,1964-03-16,M,USA,California,Home,3,Yes,Agency,62,6,1668973.02,278162.17,384992.37,153702.37,923.105,5538.63,0,0,High-Value Investors
C0096,Individual,Darien,Dorsey,1985-12-27,M,USA,California,Investment,3,Yes,Website,40,4,1363013.17,340753.2925,452667.01,263291.82,1113.615,4454.46,2,1,Home-Focused Buyers - Cluster 2
C0097,Individual,Franklin,Mack,1943-06-18,M,USA,Virginia,Home,5,Yes,Website,83,7,2189906.04,312843.72000000003,491025.48,208930.81,1061.722857142857,7432.0599999999995,0,2,High-Value Investors
C0098,Individual,Elena,Petrova,1949-06-22,F,RUSSIA,Saint Petersburg,Home,3,Yes,Agency,77,4,1131592.65,282898.1625,427106.32,203817.34,981.955,3927.82,2,1,Home-Focused Buyers - Cluster 2
C0099,Individual,Jack,Hanson,1941-12-01,M,USA,California,Investment,4,No,Website,84,6,2000308.58,333384.76333333337,417894.67,208542.96,1201.5883333333334,7209.530000000001,0,0,High-Value Investors
C0100,Individual,Emmett,Estes,1969-06-05,M,USA,California,Home,3,No,Website,57,4,1449544.65,362386.1625,526802.73,222138.72,1174.44,4697.76,1,0,Home-Focused Buyers
C0101,Individual,Aniya,Miller,1951-03-02,F,USA,Nevada,Home,3,No,Website,75,4,1125013.8,281253.45,392645.79,167897.44,874.345,3497.38,2,0,Home-Focused Buyers - Cluster 2
C0102,Individual,Jack,Anderson,1947-02-13,M,USA,California,Investment,5,Yes,Website,79,9,3403263.85,378140.4277777778,621956.37,186300.71,1222.908888888889,11006.18,0,2,High-Value Investors
C0103,Individual,Kael,Hurley,1973-12-15,M,USA,Colorado,Home,3,No,Website,52,5,1483838.77,296767.754,408331.77,192609.64,964.9799999999999,4824.9,2,1,Home-Focused Buyers - Cluster 2
C0104,Individual,Kamden,Stewart,1978-09-14,M,USA,California,Home,5,No,Website,47,5,1677155.01,335431.002,510060.4,197556.99,1090.3,5451.5,1,0,Home-Focused Buyers
C0105,Individual,Aniyah,Ali,1959-11-03,F,USA,California,Investment,2,Yes,Website,66,5,1328084.36,265616.87200000003,338774.34,204808.16,850.948,4254.74,2,0,Home-Focused Buyers - Cluster 2
C0106,Individual,Simon,Bennett,1953-06-09,M,USA,Colorado,Home,4,No,Website,73,4,957679.27,239419.8175,452919.18,134038.01,820.9825000000001,3283.9300000000003,2,1,Home-Focused Buyers - Cluster 2
C0107,Individual,Laurel,Benitez,1959-08-06,M,USA,California,Home,4,Yes,Agency,67,5,1715058.23,343011.646,537998.71,148553.54,1102.66,5513.3,1,0,Home-Focused Buyers
C0108,Individual,Trey,Strong,1958-12-20,M,USA,California,Home,4,No,Agency,67,6,1998798.72,333133.12,583919.98,205085.4,1104.1699999999998,6625.0199999999995,0,0,High-Value Investors
C0109,Individual,Myah,Roman,1933-05-05,F,USA,California,Investment,5,Yes,Agency,93,5,1995551.0899999999,399110.218,579807.82,222867.42,1285.854,6429.27,1,0,Home-Focused Buyers
C0110,Individual,Nyla,Blake,1959-06-05,F,USA,California,Investment,5,Yes,Agency,67,5,1205555.46,241111.092,487772.33,137109.06,811.4019999999999,4057.0099999999998,2,1,Home-Focused Buyers - Cluster 2
C0111,Individual,Kole,Shannon,1979-06-27,M,USA,Arizona,Home,2,Yes,Website,47,4,1198421.22,299605.305,476038.28,169044.97,896.7175,3586.87,2,1,Home-Focused Buyers - Cluster 2
C0112,Individual,Melany,Glover,1960-10-01,F,USA,California,Investment,1,Yes,Agency,65,5,1775142.2,355028.44,619787.84,193572.19,1115.986,5579.93,1,0,Home-Focused Buyers
C0113,Individual,Arthur,Bray,1949-07-14,M,USA,Utah,Investment,4,No,Agency,77,4,1414433.46,353608.365,535865.96,218585.92,1186.715,4746.86,1,1,Home-Focused Buyers
C0114,Individual,Kamila,Collier,1962-01-21,F,USA,California,Home,1,Yes,Website,64,4,1124004.05,281001.0125,382143.98,224595.39,932.9449999999999,3731.7799999999997,2,1,Home-Focused Buyers - Cluster 2
C0115,Individual,Amanda,Simon,1978-12-03,F,USA,California,Home,5,No,Agency,47,5,1757354.59,351470.918,460001.26,292246.65,1143.692,5718.46,1,0,Home-Focused Buyers
C0116,Individual,Erika,Steward,1955-08-07,F,USA,California,Investment,4,No,Website,71,8,2484590.08,310573.76,629574.18,172889.19,1039.8925,8319.14,0,2,High-Value Investors
C0117,Individual,Jakobe,Bailey,1964-10-06,M,UK,Scotland,Investment,4,No,Agency,61,8,2884556.25,360569.53125,602366.78,185644.59,1135.78625,9086.29,0,2,High-Value Investors
C0118,Individual,Sonia,Choi,1948-11-09,F,USA,Oregon,Investment,5,No,Agency,77,4,1218377.19,304594.2975,461101.0,230154.53,1009.1225,4036.49,2,0,Home-Focused Buyers - Cluster 2
C0119,Individual,Erika,Gallagher,1942-07-19,F,USA,California,Home,1,Yes,Website,84,4,1603043.92,400760.98,527627.25,241620.48,1399.315,5597.26,1,0,Home-Focused Buyers
C0120,Individual,Madeline,Michael,1953-07-30,F,USA,California,Home,4,Yes,Website,73,5,1753587.39,350717.478,577922.22,200148.89,1243.96,6219.8,1,0,Home-Focused Buyers
C0121,Individual,Bennett,Chen,1950-07-18,M,USA,Nevada,Home,2,No,Website,76,5,1169150.31,233830.062,418772.73,136078.52,806.688,4033.44,2,1,Home-Focused Buyers - Cluster 2
C0122,Individual,Belinda,Hogan,1973-08-18,F,USA,California,Home,1,Yes,Agency,53,4,1412560.68,353140.17,550180.2,190119.5,1085.975,4343.9,2,1,Home-Focused Buyers - Cluster 2
C0123,Individual,Johanna,Fisher,1962-08-25,F,USA,California,Home,4,Yes,Website,64,5,1821348.69,364269.738,502456.39,263790.81,1230.6599999999999,6153.299999999999,1,0,Home-Focused Buyers
C0124,Individual,Jaylen,Turner,1963-07-15,F,USA,California,Home,4,No,Agency,63,5,1613985.08,322797.016,367468.14,281850.8,1184.6299999999999,5923.15,1,0,Home-Focused Buyers
C0125,Individual,Michael,Juarez,1976-12-25,M,USA,Colorado,Home,4,Yes,Agency,49,4,1341108.25,335277.0625,503351.9,196142.19,1148.5475,4594.19,2,0,Home-Focused Buyers - Cluster 2
C0126,Individual,Adriana,Shaffer,1972-07-11,F,USA,California,Investment,2,No,Agency,54,5,1319929.46,263985.892,498779.18,161161.39,850.052,4250.26,2,1,Home-Focused Buyers - Cluster 2
C0127,Individual,Julio,Leonard,1974-07-18,M,USA,Nevada,Home,2,Yes,Website,52,4,967474.23,241868.5575,355073.4,145190.73,765.085,3060.34,2,1,Home-Focused Buyers - Cluster 2
C0128,Company,Abdiel,Co,1963-05-22,M,USA,Nevada,Investment,5,Yes,Website,63,5,1639392.9500000002,327878.59,535798.14,183248.76,1054.034,5270.17,2,1,Home-Focused Buyers - Cluster 2
C0129,Individual,Warren,Pugh,1973-07-17,M,USA,Arizona,Investment,5,No,Website,53,4,1748372.75,437093.1875,584468.16,261742.74,1296.9850000000001,5187.9400000000005,1,0,Home-Focused Buyers
C0130,Individual,Luis,Crane,1959-04-20,M,USA,Nevada,Home,3,Yes,Website,67,4,1488042.88,372010.72,509032.38,245774.19,1215.035,4860.14,1,0,Home-Focused Buyers
C0131,Individual,Mohammad,Irwin,1971-12-02,M,USA,California,Home,1,No,Website,54,5,1428058.5499999998,285611.70999999996,538931.69,135280.4,928.7940000000001,4643.97,2,1,Home-Focused Buyers - Cluster 2
C0132,Individual,Davion,Stout,1965-07-20,M,USA,Nevada,Home,1,Yes,Agency,61,4,1203775.04,300943.76,403463.16,238811.06,1025.1775,4100.71,2,1,Home-Focused Buyers - Cluster 2
C0133,Individual,Logan,Simmons,1946-09-14,M,USA,California,Investment,4,No,Agency,79,4,1449799.93,362449.9825,457718.07,263123.42,1177.4025000000001,4709.610000000001,1,1,Home-Focused Buyers
C0134,Individual,Kaylin,Villarreal,1932-06-13,F,RUSSIA,Novosibirsk,Investment,3,No,Website,94,5,1761669.8699999999,352333.974,595167.57,259177.5,1095.602,5478.01,1,0,Home-Focused Buyers
C0135,Individual,Ruben,Melton,1939-03-05,M,USA,Utah,Investment,2,No,Agency,87,4,1221442.92,305360.73,446236.57,153466.71,1043.6100000000001,4174.4400000000005,2,1,Home-Focused Buyers - Cluster 2
C0136,Individual,Gianni,Fritz,1973-09-15,M,USA,California,Home,3,No,Website,52,5,1892554.72,378510.944,550949.39,245572.79,1244.274,6221.37,1,0,Home-Focused Buyers
C0137,Individual,Emilie,Morrison,1957-10-29,F,USA,California,Home,3,Yes,Website,68,4,989750.45,247437.6125,328405.23,193715.82,855.0699999999999,3420.2799999999997,2,1,Home-Focused Buyers - Cluster 2
C0138,Individual,Crystal,Wyatt,1939-06-30,F,USA,Oregon,Investment,3,Yes,Website,87,5,1367824.55,273564.91000000003,362755.75,179263.23,914.412,4572.06,2,0,Home-Focused Buyers - Cluster 2
C0139,Individual,Annabel,Robles,1969-10-14,F,USA,California,Home,5,Yes,Website,56,5,1807366.3,361473.26,448450.76,176130.89,1136.694,5683.47,1,0,Home-Focused Buyers
C0140,Individual,Rachel,Cross,1952-06-18,F,USA,California,Home,3,No,Website,74,5,1559561.53,311912.306,523923.26,165052.35,1041.7220000000002,5208.610000000001,2,0,Home-Focused Buyers - Cluster 2
C0141,Individual,Madalyn,Mercer,1986-06-21,F,USA,California,Home,5,No,Website,40,5,1765019.09,353003.818,520595.39,191573.49,1088.806,5444.03,1,0,Home-Focused Buyers
C0142,Individual,Michelle,Cameron,1978-06-04,F,USA,Nevada,Home,3,Yes,Website,48,5,1673770.19,334754.038,479876.57,217786.38,1149.396,5746.98,1,0,Home-Focused Buyers
C0143,Individual,Ezra,Lozano,1958-02-24,M,USA,California,Home,1,No,Website,68,8,2389960.3,298745.0375,512659.6,134277.54,1008.6325,8069.06,0,2,High-Value Investors
C0144,Individual,Ramiro,Oneill,1954-09-29,M,USA,California,Home,4,No,Agency,71,5,1897739.74,379547.948,564424.34,220677.17,1206.354,6031.77,1,0,Home-Focused Buyers
C0145,Individual,Emely,Watts,1964-11-30,F,USA,California,Home,4,No,Website,61,5,1746571.55,349314.31,499388.61,213970.0,1297.3200000000002,6486.6,1,0,Home-Focused Buyers
C0146,Individual,Hazel,Ayers,1963-02-01,M,USA,Colorado,Home,2,No,Website,63,4,1481536.3900000001,370384.09750000003,540074.5,192833.65,1242.6425,4970.57,1,0,Home-Focused Buyers
C0147,Individual,Cedric,Goodwin,1948-02-20,M,USA,Utah,Home,4,No,Client,78,5,1398309.27,279661.854,509124.24,193209.9,1000.47,5002.35,2,0,Home-Focused Buyers - Cluster 2
C0148,Individual,Dayton,Hatfield,1969-04-19,M,USA,Colorado,Investment,4,Yes,Agency,57,4,1700383.7,425095.925,597216.83,237060.15,1413.5925,5654.37,1,0,Home-Focused Buyers
C0149,Individual,Piotr,Aleksandrov,1955-12-02,M,RUSSIA,Krasnodar Krai,Investment,3,No,Agency,70,4,1049009.0,262252.25,343513.68,143000.82,906.4850000000001,3625.9400000000005,2,1,Home-Focused Buyers - Cluster 2
C0150,Individual,Memphis,Mcconnell,1968-08-25,M,USA,California,Home,2,Yes,Website,58,4,1846066.58,461516.645,543777.59,303491.24,1500.95,6003.8,1,0,Home-Focused Buyers
C0151,Individual,Arabella,Ferrell,1976-08-17,F,USA,Oregon,Home,1,No,Agency,50,5,1589086.32,317817.264,537546.81,146624.11,1123.442,5617.21,2,0,Home-Focused Buyers - Cluster 2
C0152,Individual,Sincere,Hansen,1967-01-19,F,USA,California,Investment,2,Yes,Agency,59,7,2539205.93,362743.7042857143,603518.77,188273.73,1212.7585714285713,8489.31,0,2,High-Value Investors
C0153,Individual,Lara,Carrillo,1983-02-24,F,USA,California,Home,5,No,Website,43,5,1560375.26,312075.052,570549.18,175169.52,944.0319999999999,4720.16,2,0,Home-Focused Buyers - Cluster 2
C0154,Individual,Valentina,Simpson,1965-01-24,F,USA,California,Home,4,Yes,Agency,61,5,2142457.31,428491.462,669332.95,273778.55,1390.49,6952.45,1,0,Home-Focused Buyers
C0155,Company,Kamd,Co,1975-08-18,M,USA,California,Investment,5,No,Agency,51,5,1622885.53,324577.106,512459.69,117564.07,1097.394,5486.97,1,0,Home-Focused Buyers
C0156,Individual,Case,Sanchez,1966-05-26,F,USA,California,Home,5,No,Website,60,4,1344903.47,336225.8675,409183.72,237207.68,1102.105,4408.42,2,0,Home-Focused Buyers - Cluster 2
C0157,Individual,Van,Charles,1952-05-15,M,USA,Colorado,Home,2,Yes,Client,74,4,1060400.03,265100.0075,431549.73,153033.12,830.7675,3323.07,2,0,Home-Focused Buyers - Cluster 2
C0158,Individual,Emmy,Singh,1979-12-03,F,USA,Virginia,Investment,3,Yes,Agency,46,4,1439477.66,359869.415,551363.7,159939.07,1131.4975,4525.99,1,1,Home-Focused Buyers
C0159,Individual,Colin,Campos,1942-04-14,M,USA,California,Home,3,No,Website,84,4,1596507.45,399126.8625,477228.5,244820.67,1336.7325,5346.93,1,0,Home-Focused Buyers
C0160,Individual,Anya,Stephenson,1959-06-11,F,USA,California,Home,4,No,Website,67,5,1679716.96,335943.392,514747.26,206631.81,1144.06,5720.3,1,0,Home-Focused Buyers
C0161,Individual,Parker,Poole,1951-11-10,M,USA,California,Home,5,No,Website,74,9,2534264.26,281584.91777777777,411233.36,144890.28,939.4144444444444,8454.73,0,2,High-Value Investors
C0162,Individual,Ivan,Bright,1953-09-15,M,USA,California,Home,4,No,Website,72,4,1135363.52,283840.88,434121.6,216903.45,983.24,3932.96,2,1,Home-Focused Buyers - Cluster 2
C0163,Individual,Larry,Turner,1986-03-24,M,USA,Utah,Investment,5,Yes,Agency,40,4,1506594.21,376648.5525,472632.31,188705.75,1307.32,5229.28,1,0,Home-Focused Buyers
C0164,Individual,Matthew,Nelson,1986-09-20,M,USA,Arizona,Home,5,No,Website,39,4,1436152.54,359038.135,513021.02,224080.17,1196.7975,4787.19,1,0,Home-Focused Buyers
C0165,Individual,Mary,Hall,1956-07-11,F,USA,California,Home,3,Yes,Website,70,3,1276849.33,425616.44333333336,539711.96,318156.13,1357.1933333333334,4071.58,1,0,Home-Focused Buyers
C0166,Individual,Carolyn,Weaver,1984-01-24,F,USA,Arizona,Home,4,Yes,Agency,42,4,1273643.37,318410.8425,602056.71,207100.33,1025.3225,4101.29,2,1,Home-Focused Buyers - Cluster 2
C0167,Individual,Grace,Green,1955-02-02,F,UK,Scotland,Home,3,Yes,Website,71,7,2749577.33,392796.7614285714,535236.81,231425.47,1320.3814285714286,9242.67,0,2,High-Value Investors
C0168,Individual,Pamela,Sanders,1960-06-06,F,USA,Nevada,Home,3,No,Agency,66,4,1491785.87,372946.4675,475258.58,220411.63,1329.6025,5318.41,1,0,Home-Focused Buyers
C0169,Individual,Terry,Turner,1990-08-13,M,USA,Ohio,Investment,5,Yes,Agency,36,3,688864.2,229621.4,311647.12,159995.77,845.8633333333333,2537.59,2,1,Home-Focused Buyers - Cluster 2
C0170,Individual,Jacob,Jones,1949-06-13,M,USA,California,Home,5,No,Website,77,3,1161316.17,387105.38999999996,525251.32,296414.35,1339.7466666666667,4019.2400000000002,1,0,Home-Focused Buyers
C0171,Individual,Julie,Sanders,1991-05-05,F,USA,Washington,Investment,5,Yes,Client,35,4,1278753.71,319688.4275,373786.79,211877.66,1070.72,4282.88,2,1,Home-Focused Buyers - Cluster 2
C0172,Individual,Catherine,Carter,1992-09-16,F,USA,Washington,Home,1,Yes,Agency,33,4,1681471.9100000001,420367.97750000004,484259.13,342597.24,1572.79,6291.16,1,0,Home-Focused Buyers
C0173,Individual,Amber,Wilson,1976-07-20,F,USA,Arizona,Home,5,Yes,Agency,50,8,2619968.43,327496.05375,521184.68,185249.68,1074.5925,8596.74,0,2,High-Value Investors
C0174,Individual,Rachel,Harris,1982-07-06,F,USA,California,Investment,3,No,Client,44,3,865359.73,288453.24333333335,386354.65,175885.99,869.7866666666667,2609.36,2,1,Home-Focused Buyers - Cluster 2
C0175,Individual,Brandon,Alexander,1962-04-05,M,USA,Washington,Home,5,No,Agency,64,4,1606138.1199999999,401534.52999999997,634424.32,120742.29,1313.38,5253.52,1,0,Home-Focused Buyers
C0176,Individual,Hannah,Williams,1993-06-27,F,USA,California,Home,2,No,Website,33,6,2681927.91,446987.98500000004,526217.19,307839.56,1514.8,9088.8,0,2,High-Value Investors
C0177,Individual,Sarah,Hansen,1951-03-05,F,UK,England,Home,5,Yes,Website,75,7,2269897.21,324271.02999999997,524447.11,172612.98,1160.9514285714286,8126.66,0,2,High-Value Investors
C0178,Individual,Laura,Chavez,1952-12-23,F,USA,Virginia,Home,4,No,Agency,73,7,2665917.96,380845.42285714287,548503.64,154432.32,1284.9985714285715,8994.99,0,2,High-Value Investors
C0179,Individual,Ashley,Turner,1986-02-11,F,USA,Oregon,Investment,2,No,Website,40,8,2131372.11,266421.51375,358234.23,190215.58,947.5450000000001,7580.360000000001,0,2,High-Value Investors
C0180,Individual,Jacob,Wilson,1943-01-28,M,USA,California,Home,2,Yes,Agency,83,7,2660292.37,380041.76714285713,542668.47,215993.99,1249.51,8746.57,0,2,High-Value Investors
C0181,Individual,Lawrence,Peterson,1970-04-26,M,USA,Texas,Home,2,Yes,Website,56,7,2047189.62,292455.66000000003,350173.43,191788.99,974.1771428571428,6819.24,0,2,High-Value Investors
C0182,Individual,Virginia,Bennett,1971-12-02,F,GERMANY,North Rhine-Westphalia,Investment,1,Yes,Website,54,8,3082362.35,385295.29375,642233.35,235151.17,1246.94625,9975.57,0,2,High-Value Investors
C0183,Individual,Nicholas,Green,1988-09-15,M,USA,Nevada,Home,3,No,Website,37,7,1883106.92,269015.27428571426,330298.49,191930.42,907.1042857142857,6349.73,0,0,High-Value Investors
C0184,Individual,Peter,Pierce,1994-01-21,M,USA,Florida,Home,1,No,Website,32,6,2618938.16,436489.69333333336,575737.82,229012.23,1481.7150000000001,8890.29,0,2,High-Value Investors
C0185,Individual,Andrea,Nelson,1945-07-02,F,USA,Nevada,Home,4,Yes,Agency,81,7,2491911.81,355987.40142857144,559547.45,164681.66,1137.2942857142857,7961.0599999999995,0,2,High-Value Investors
C0186,Individual,Carol,Green,1982-04-02,F,USA,Virginia,Home,1,No,Website,44,8,2674286.63,334285.82875,535134.61,174212.21,1100.27125,8802.17,0,2,High-Value Investors
C0187,Individual,Cheryl,Kim,1990-01-17,F,USA,Florida,Home,1,No,Website,36,6,2066651.1400000001,344441.8566666667,535002.72,201788.02,1135.37,6812.219999999999,0,2,High-Value Investors
C0188,Individual,Jose,Martin,1940-10-08,M,USA,Oregon,Home,5,Yes,Website,85,7,2891447.6,413063.9428571429,615305.89,202522.58,1263.962857142857,8847.74,0,2,High-Value Investors
C0189,Individual,Anna,Adams,1958-12-11,F,USA,California,Home,2,No,Agency,67,7,2209659.42,315665.6314285714,631227.87,198869.37,1024.6857142857143,7172.8,0,2,High-Value Investors
C0190,Individual,Karen,Johnson,1971-10-19,F,USA,California,Home,2,No,Website,54,7,2276701.17,325243.02428571426,518963.51,174080.92,1049.1542857142856,7344.08,0,2,High-Value Investors
C0191,Individual,Sarah,Turner,1977-05-06,F,USA,Florida,Home,3,No,Agency,49,8,2172926.7600000002,271615.84500000003,374700.13,160912.37,913.8512499999999,7310.8099999999995,0,2,High-Value Investors
C0192,Individual,Margaret,Moore,1984-02-04,F,BELGIUM,Brussels,Investment,2,Yes,Website,42,7,2900509.0999999996,414358.4428571428,609045.19,207447.24,1304.7214285714288,9133.050000000001,0,2,High-Value Investors
C0193,Individual,Sharon,Campbell,1968-08-09,F,USA,California,Investment,4,Yes,Website,58,7,1933778.2399999998,276254.03428571427,525419.08,142903.22,962.7214285714286,6739.05,0,2,High-Value Investors
C0194,Individual,Jonathan,Hall,1953-08-18,M,FRANCE,Ile-De-France,Home,5,Yes,Website,73,7,2759372.27,394196.03857142857,610038.08,266653.15,1237.292857142857,8661.05,0,2,High-Value Investors
C0195,Individual,Sean,Jones,1947-06-19,M,USA,California,Home,2,Yes,Website,79,7,2102233.85,300319.12142857147,486957.94,198851.29,1029.2714285714285,7204.9,0,2,High-Value Investors
C0196,Individual,Alexander,Adams,1957-04-22,M,USA,Nevada,Investment,5,No,Agency,69,6,2611736.44,435289.4066666667,605691.78,220006.69,1411.9466666666667,8471.68,0,2,High-Value Investors
C0197,Individual,Kevin,Wright,1944-07-01,M,USA,Virginia,Home,4,No,Client,82,8,2775768.6,346971.075,590525.42,151645.03,1082.87,8662.96,0,2,High-Value Investors
C0198,Individual,Michelle,White,1976-01-28,F,USA,California,Home,4,No,Website,50,8,2399689.67,299961.20875,510536.52,164944.49,997.5475,7980.38,0,2,High-Value Investors
C0199,Individual,Ryan,Brown,1958-04-13,M,USA,California,Home,3,No,Agency,68,7,2582959.87,368994.26714285713,596863.29,206911.5,1162.7385714285715,8139.17,0,2,High-Value Investors
C0200,Individual,Linda,Harris,1944-05-06,F,USA,California,Home,1,No,Agency,82,4,1071359.3900000001,267839.84750000003,410486.46,193455.41,920.7075,3682.83,2,1,Home-Focused Buyers - Cluster 2
C0201,Individual,Lauren,Weaver,1968-02-13,F,USA,California,Home,1,No,Agency,58,4,1298787.54,324696.885,402705.53,227965.28,1147.435,4589.74,2,0,Home-Focused Buyers - Cluster 2
C0202,Individual,Jack,Reyes,1996-11-11,M,CANADA,British Columbia,Home,1,No,Website,29,3,1019272.5900000001,339757.53,446358.88,274317.28,1049.3799999999999,3148.14,2,1,Home-Focused Buyers - Cluster 2
C0203,Individual,Christine,Brooks,1956-05-18,F,USA,California,Home,4,No,Client,70,4,1242478.83,310619.7075,596471.37,167875.27,916.0375,3664.15,2,1,Home-Focused Buyers - Cluster 2
C0204,Individual,Joyce,Pierce,1947-01-10,F,USA,California,Home,5,No,Agency,79,3,934432.98,311477.66,354252.16,237481.19,1042.7266666666667,3128.18,2,1,Home-Focused Buyers - Cluster 2
C0205,Individual,Kelly,Nelson,1968-08-26,F,MEXICO,Puebla,Home,1,Yes,Agency,58,3,949224.48,316408.16,390197.22,208297.48,1072.7266666666667,3218.1800000000003,2,1,Home-Focused Buyers - Cluster 2
C0206,Individual,Nancy,Roberts,1957-05-08,F,USA,California,Home,1,Yes,Agency,69,3,853060.9299999999,284353.6433333333,378709.68,225796.07,851.4266666666667,2554.28,2,1,Home-Focused Buyers - Cluster 2
C0207,Individual,Kyle,Gray,1944-11-19,M,USA,Virginia,Investment,4,No,Website,81,3,889948.76,296649.58666666667,533390.74,136179.62,1104.51,3313.5299999999997,2,1,Home-Focused Buyers - Cluster 2
C0208,Individual,Mark,James,1986-03-26,M,FRANCE,Provence,Home,4,Yes,Agency,40,4,1199654.38,299913.595,528026.75,121700.7,997.4100000000001,3989.6400000000003,2,1,Home-Focused Buyers - Cluster 2
C0209,Individual,Kyle,Moore,1949-08-22,M,USA,Arizona,Investment,3,No,Agency,77,4,979868.13,244967.0325,277921.61,216541.46,794.1275,3176.51,2,1,Home-Focused Buyers - Cluster 2
C0210,Individual,Janice,Price,1943-03-24,F,USA,Colorado,Home,2,No,Website,83,4,1346156.55,336539.1375,567823.18,131628.47,1135.53,4542.12,2,0,Home-Focused Buyers - Cluster 2
C0211,Individual,Amy,Evans,1972-02-23,F,USA,California,Home,3,No,Agency,54,4,1254240.07,313560.0175,514096.93,184932.22,1053.27,4213.08,2,1,Home-Focused Buyers - Cluster 2
C0212,Individual,Jacob,Wood,1956-03-23,M,USA,California,Home,4,No,Agency,70,3,1068278.76,356092.92,408993.51,296456.53,1224.68,3674.04,2,1,Home-Focused Buyers - Cluster 2
C0213,Individual,Jason,Gray,1976-10-23,M,USA,Florida,Investment,5,No,Agency,49,3,809691.13,269897.04333333333,361389.54,156700.2,897.3100000000001,2691.9300000000003,2,1,Home-Focused Buyers - Cluster 2
C0214,Individual,Helen,Wood,1946-07-18,F,BELGIUM,Brussels,Investment,5,No,Website,80,3,1070534.6400000001,356844.88000000006,481085.34,285832.09,1179.5233333333333,3538.5699999999997,2,1,Home-Focused Buyers - Cluster 2
C0215,Individual,Lauren,Foster,1999-07-11,F,GERMANY,Hamburg,Investment,4,No,Website,27,3,1032856.46,344285.48666666663,501616.65,204381.46,1110.27,3330.81,2,1,Home-Focused Buyers - Cluster 2
C0216,Individual,Albert,Hansen,1999-07-19,M,USA,Utah,Home,1,No,Website,27,4,1352642.3399999999,338160.58499999996,392569.11,227379.46,1063.04,4252.16,2,1,Home-Focused Buyers - Cluster 2
C0217,Individual,Deborah,Miller,1984-07-11,F,USA,Colorado,Home,3,No,Website,42,4,1238434.91,309608.7275,512052.93,189529.43,1019.1225,4076.49,2,1,Home-Focused Buyers - Cluster 2
C0218,Individual,Shirley,Anderson,1970-01-24,F,USA,California,Home,2,No,Website,56,3,836639.27,278879.75666666665,371174.41,196014.35,913.6700000000001,2741.01,2,1,Home-Focused Buyers - Cluster 2
C0219,Individual,William,Turner,1988-01-20,M,USA,California,Home,4,No,Website,38,4,1267653.57,316913.3925,639093.49,154903.56,1035.1925,4140.77,2,1,Home-Focused Buyers - Cluster 2
C0220,Individual,Walter,Phillips,1951-06-06,M,CANADA,Ontario,Investment,1,No,Website,75,3,1060812.68,353604.2266666666,521703.52,201779.65,1101.55,3304.65,2,0,Home-Focused Buyers - Cluster 2
C0221,Company,Atlas,Co,1987-05-14,F,USA,California,Home,5,No,Website,39,4,1377133.5999999999,344283.39999999997,538973.07,244512.28,1186.5225,4746.09,1,1,Home-Focused Buyers
C0222,Individual,Christopher,Stone,1956-11-08,M,USA,Utah,Investment,3,No,Agency,69,3,1223560.82,407853.6066666667,421263.63,396047.03,1517.47,4552.41,1,0,Home-Focused Buyers
C0223,Individual,Patrick,Hansen,1973-11-12,M,USA,Colorado,Investment,3,Yes,Website,52,4,969341.87,242335.4675,304478.01,164585.63,837.5225,3350.09,2,1,Home-Focused Buyers - Cluster 2
C0224,Individual,Nathan,Richardson,1960-08-23,M,USA,Colorado,Home,5,No,Website,66,3,1189255.63,396418.5433333333,539103.37,213975.95,1330.2166666666667,3990.65,1,0,Home-Focused Buyers
C0225,Individual,Evelyn,Reyes,1948-12-19,F,USA,California,Home,1,Yes,Agency,77,4,1120626.94,280156.735,405353.74,202719.39,905.7525,3623.01,2,1,Home-Focused Buyers - Cluster 2
C0226,Individual,Julia,Jordan,1958-07-11,F,USA,Colorado,Home,2,No,Website,68,3,1571251.03,523750.3433333333,675765.41,347335.46,1599.3433333333332,4798.03,1,0,Home-Focused Buyers
C0227,Individual,Rachel,Evans,1944-10-23,F,USA,Arizona,Home,5,Yes,Website,81,3,942245.37,314081.79,499753.6,154333.84,1104.51,3313.53,2,1,Home-Focused Buyers - Cluster 2
C0228,Individual,Hannah,Owens,1952-04-23,F,USA,Oregon,Investment,4,No,Website,74,3,606605.72,202201.90666666665,306527.75,131519.77,610.62,1831.8600000000001,2,1,Home-Focused Buyers - Cluster 2
C0229,Individual,Jose,Turner,1981-11-19,M,USA,Colorado,Investment,5,No,Website,44,3,892220.13,297406.71,355384.51,216050.75,900.46,2701.38,2,1,Home-Focused Buyers - Cluster 2
C0230,Company,Forsyte,Co,1977-07-22,M,USA,Nevada,Investment,4,Yes,Website,49,4,1457429.02,364357.255,567272.16,216996.95,1104.2925,4417.17,1,1,Home-Focused Buyers
C0231,Individual,Ronald,Rogers,1993-12-18,M,DENMARK,Central Denmark,Investment,2,Yes,Website,32,3,729893.08,243297.69333333333,367286.05,172359.93,849.6366666666667,2548.91,2,1,Home-Focused Buyers - Cluster 2
C0232,Individual,Megan,Kim,1962-05-04,F,USA,California,Home,3,Yes,Website,64,4,1276710.4900000002,319177.62250000006,556388.88,178180.61,1036.6525,4146.61,2,1,Home-Focused Buyers - Cluster 2
C0233,Individual,Larry,Garcia,1997-09-10,M,FRANCE,Provence,Home,4,Yes,Website,29,4,1105806.54,276451.635,427127.89,139864.72,914.3125,3657.25,2,1,Home-Focused Buyers - Cluster 2
C0234,Individual,Andrea,Hughes,1979-03-02,F,USA,New York,Home,1,Yes,Website,47,3,839967.04,279989.01333333337,439529.6,194001.1,973.09,2919.27,2,1,Home-Focused Buyers - Cluster 2
C0235,Individual,Kenneth,Allen,1949-10-10,M,USA,California,Home,5,No,Website,76,4,1268586.58,317146.645,427566.1,194560.69,1092.085,4368.34,2,1,Home-Focused Buyers - Cluster 2
C0236,Individual,Gerald,Howard,1972-08-10,M,CANADA,Manitoba,Home,3,No,Agency,54,3,1321475.69,440491.89666666667,627817.81,339954.47,1449.5,4348.5,1,0,Home-Focused Buyers
C0237,Individual,Jason,Nelson,1984-11-03,M,USA,California,Home,5,Yes,Website,41,3,1392353.31,464117.77,501441.18,414089.58,1630.1366666666665,4890.41,1,0,Home-Focused Buyers
C0238,Individual,Amber,Patterson,1982-01-08,F,USA,Virginia,Home,4,Yes,Agency,44,3,1125732.72,375244.24,472802.29,213990.68,1125.17,3375.51,2,1,Home-Focused Buyers - Cluster 2
C0239,Individual,Megan,Baker,1973-02-18,F,USA,Oregon,Home,3,Yes,Website,53,4,1352763.67,338190.9175,561242.82,156115.46,1011.5799999999999,4046.3199999999997,2,1,Home-Focused Buyers - Cluster 2
C0240,Individual,Amber,Morales,1942-05-15,F,USA,Colorado,Investment,3,No,Website,84,3,935028.28,311676.0933333333,414273.14,227687.32,1022.67,3068.0099999999998,2,1,Home-Focused Buyers - Cluster 2
C0241,Individual,Kelly,Anderson,1962-01-14,F,MEXICO,Nuevo Leon,Home,5,Yes,Website,64,3,1025934.71,341978.23666666663,486971.08,227389.86,1110.27,3330.81,2,1,Home-Focused Buyers - Cluster 2
C0242,Individual,Stephen,Peterson,1998-03-16,M,USA,Utah,Home,3,Yes,Agency,28,4,1358315.73,339578.9325,478633.51,199191.81,1191.1025,4764.41,1,1,Home-Focused Buyers
C0243,Individual,Nancy,Patterson,1978-07-11,F,USA,Utah,Home,2,No,Website,48,4,1382777.8900000001,345694.47250000003,497893.52,198426.44,1286.2725,5145.09,1,0,Home-Focused Buyers
C0244,Individual,Joyce,Pierce,1998-08-03,F,USA,California,Home,1,No,Website,28,3,1046652.28,348884.0933333333,540440.51,140213.02,1095.0333333333335,3285.1000000000004,2,1,Home-Focused Buyers - Cluster 2
C0245,Individual,Sean,Long,1974-01-07,M,USA,Nevada,Investment,4,No,Agency,52,3,1354584.5,451528.1666666667,648020.11,206013.07,1439.256666666667,4317.77,1,0,Home-Focused Buyers
C0246,Individual,Stephen,Pierce,1992-05-15,M,FRANCE,Normandy,Home,1,Yes,Agency,34,3,1024485.26,341495.08666666667,369524.95,313972.36,1117.9399999999998,3353.8199999999997,2,1,Home-Focused Buyers - Cluster 2
C0247,Individual,Kevin,Morris,1965-01-18,M,USA,California,Home,1,No,Website,61,4,1696540.52,424135.13,553756.62,308106.88,1458.93,5835.72,1,0,Home-Focused Buyers
C0248,Individual,Carl,Collins,1968-12-09,M,USA,Florida,Home,4,Yes,Agency,57,3,1035934.63,345311.54333333333,371257.45,308722.73,1224.68,3674.04,2,1,Home-Focused Buyers - Cluster 2
C0249,Individual,Stephanie,Montgomery,1968-12-05,F,USA,California,Investment,4,No,Agency,57,4,1142995.52,285748.88,489564.98,192018.85,1027.3249999999998,4109.299999999999,2,1,Home-Focused Buyers - Cluster 2
C0250,Individual,Justin,Stewart,1947-10-19,M,UK,England,Home,2,No,Agency,78,3,982306.66,327435.55333333334,459717.65,125935.98,1076.69,3230.07,2,0,Home-Focused Buyers - Cluster 2
C0251,Individual,Janice,Chavez,1976-08-11,F,USA,Utah,Home,5,No,Website,50,3,463611.95,154537.31666666668,211507.17,124643.03,564.01,1692.03,2,1,Home-Focused Buyers - Cluster 2
C0252,Individual,Elizabeth,Rogers,1953-08-23,F,USA,Nevada,Investment,2,No,Website,73,3,1082221.48,360740.49333333335,527700.01,241818.73,1209.64,3628.92,2,0,Home-Focused Buyers - Cluster 2
C0253,Individual,Betty,Hughes,1994-09-15,F,USA,Virginia,Home,4,No,Website,31,4,1239226.11,309806.5275,486893.64,177004.8,1052.8325,4211.33,2,1,Home-Focused Buyers - Cluster 2
C0254,Individual,Rachel,Freeman,1956-07-21,F,USA,Florida,Home,5,No,Website,70,4,1332152.57,333038.1425,499070.64,179317.03,1096.3725,4385.49,2,0,Home-Focused Buyers - Cluster 2
C0255,Individual,Sara,Jones,1961-02-08,F,UK,England,Investment,3,Yes,Client,65,4,1689083.06,422270.765,598112.26,198403.06,1253.3075,5013.23,1,0,Home-Focused Buyers
C0256,Individual,Anthony,Hughes,1990-12-10,M,USA,California,Home,1,Yes,Website,35,3,1150229.15,383409.7166666666,574185.82,242722.44,1281.3166666666666,3843.95,1,0,Home-Focused Buyers
C0257,Individual,Nicholas,Kim,1974-10-22,M,USA,California,Home,1,No,Website,51,3,1145456.23,381818.74333333335,534131.64,212947.87,1277.84,3833.52,1,0,Home-Focused Buyers
C0258,Individual,Carl,Murray,1991-04-15,M,UK,Northern Ireland,Home,4,Yes,Agency,35,3,1001712.37,333904.12333333335,525651.46,169877.17,1173.1833333333334,3519.55,2,1,Home-Focused Buyers - Cluster 2
C0259,Individual,Emma,Chavez,1990-02-15,F,USA,Oregon,Home,4,No,Website,36,3,779396.4099999999,259798.80333333332,327070.05,162211.14,842.68,2528.04,2,1,Home-Focused Buyers - Cluster 2
C0260,Individual,Rebecca,Wood,1946-08-04,F,USA,Nevada,Investment,3,No,Website,80,4,1057192.79,264298.1975,387130.78,183956.85,820.9225,3283.69,2,0,Home-Focused Buyers - Cluster 2
C0261,Company,Celera,Co,1985-05-13,F,USA,Florida,Investment,4,Yes,Website,41,4,2094623.1,523655.775,553392.84,491253.25,1676.3825,6705.53,1,0,Home-Focused Buyers
C0262,Individual,Billy,Bryant,1947-05-25,M,USA,Oregon,Home,2,No,Website,79,3,1233260.4,411086.8,507625.15,332249.26,1359.24,4077.7200000000003,1,0,Home-Focused Buyers
C0263,Individual,Anthony,Garcia,1981-08-02,M,USA,Nevada,Investment,2,Yes,Website,45,3,969140.41,323046.80333333334,377230.63,227850.26,1016.7633333333333,3050.29,2,1,Home-Focused Buyers - Cluster 2
C0264,Individual,Melissa,Baker,1992-09-12,F,USA,Colorado,Home,2,Yes,Agency,34,4,1127766.02,281941.505,343865.15,172642.9,972.245,3888.98,2,1,Home-Focused Buyers - Cluster 2
C0265,Company,Celera,Co,1967-04-13,M,BELGIUM,Flanders,Home,1,No,Website,59,4,1708031.99,427007.9975,629727.03,146835.08,1293.0725,5172.29,1,0,Home-Focused Buyers
C0266,Individual,Aaron,Owens,1977-02-26,M,USA,California,Home,5,Yes,Agency,49,3,931646.38,310548.79333333333,423535.41,141541.69,1078.7866666666666,3236.3599999999997,2,1,Home-Focused Buyers - Cluster 2
C0267,Individual,Judy,Howard,1948-11-12,F,USA,Utah,Home,4,Yes,Agency,77,4,1314495.01,328623.7525,426946.49,278252.51,1096.12,4384.48,2,1,Home-Focused Buyers - Cluster 2
C0268,Individual,Danielle,Carter,1959-02-21,F,USA,Georgia,Investment,3,No,Website,67,4,1108939.8599999999,277234.96499999997,425894.16,137345.87,900.39,3601.56,2,0,Home-Focused Buyers - Cluster 2
C0269,Individual,David,Stewart,1969-02-04,M,USA,New York,Home,2,No,Agency,57,3,1049110.08,349703.36000000004,536079.52,141634.15,1076.69,3230.07,2,1,Home-Focused Buyers - Cluster 2
C0270,Individual,Megan,Allen,1944-07-21,F,USA,Florida,Home,5,No,Website,82,3,924009.9,308003.3,389694.82,232921.37,983.4266666666667,2950.28,2,1,Home-Focused Buyers - Cluster 2
C0271,Individual,Laura,Hughes,1972-04-28,F,USA,California,Investment,3,No,Agency,54,4,1295689.37,323922.3425,479460.4,165450.84,1024.3375,4097.35,2,1,Home-Focused Buyers - Cluster 2
C0272,Individual,Pamela,Green,1993-08-03,F,UK,Scotland,Home,5,Yes,Website,33,4,1439584.37,359896.0925,535120.87,151459.02,1248.58,4994.32,1,1,Home-Focused Buyers
C0273,Individual,Paul,Morales,1987-02-27,M,DENMARK,Zealand,Investment,2,No,Website,39,3,682452.64,227484.21333333335,341971.22,169922.25,801.46,2404.38,2,1,Home-Focused Buyers - Cluster 2
C0274,Individual,Raymond,Young,1950-10-01,M,USA,Florida,Home,2,No,Website,75,3,1343449.34,447816.4466666667,623754.36,266175.15,1467.89,4403.67,1,0,Home-Focused Buyers
C0275,Individual,William,Thompson,2000-06-26,M,USA,Oregon,Home,1,Yes,Website,26,4,1237500.3,309375.075,394827.74,235108.59,1177.3375,4709.35,2,1,Home-Focused Buyers - Cluster 2
C0276,Individual,Gloria,Harris,1953-02-16,F,USA,Washington,Home,5,No,Website,73,3,1011195.98,337065.32666666666,419401.36,178627.91,1164.9766666666667,3494.9300000000003,2,1,Home-Focused Buyers - Cluster 2
C0277,Individual,Jordan,Garcia,1954-11-17,M,USA,Colorado,Investment,1,Yes,Agency,71,3,1123449.53,374483.1766666667,510899.59,224518.89,1286.4266666666667,3859.28,1,0,Home-Focused Buyers
C0278,Individual,Margaret,Foster,1955-08-03,F,USA,California,Investment,2,Yes,Website,71,3,1442538.67,480846.2233333333,598158.07,384958.51,1685.2766666666666,5055.83,1,0,Home-Focused Buyers
C0279,Individual,Heather,Montgomery,1967-05-15,F,USA,Oregon,Home,1,No,Website,59,3,1012986.25,337662.0833333333,462143.05,251730.82,1170.3533333333332,3511.06,2,0,Home-Focused Buyers - Cluster 2
C0280,Individual,Nathan,Price,1944-04-14,M,USA,Florida,Home,4,No,Client,82,4,1282020.93,320505.2325,473146.44,150790.34,1154.2525,4617.01,2,0,Home-Focused Buyers - Cluster 2
C0281,Individual,Katherine,Phillips,1977-03-22,F,USA,California,Home,1,Yes,Agency,49,3,1256275.37,418758.4566666667,522943.88,258394.11,1388.4566666666667,4165.37,1,0,Home-Focused Buyers
C0282,Individual,Emily,Owens,1997-10-18,F,USA,California,Investment,1,No,Website,28,4,973863.8,243465.95,315993.38,207359.1,858.9825,3435.93,2,1,Home-Focused Buyers - Cluster 2
C0283,Individual,Susan,Edwards,1962-05-12,F,USA,Arizona,Home,2,Yes,Agency,64,4,1118599.47,279649.8675,503401.23,146928.09,922.54,3690.16,2,1,Home-Focused Buyers - Cluster 2
C0284,Individual,Patrick,Owens,1977-02-25,M,USA,Arizona,Home,4,No,Client,49,4,1251975.85,312993.9625,452041.67,213442.59,994.0725,3976.29,2,0,Home-Focused Buyers - Cluster 2
C0285,Individual,Billy,Parker,1999-03-09,M,FRANCE,Ile-De-France,Investment,3,No,Website,27,4,1679056.13,419764.0325,575785.08,239359.44,1423.1725,5692.69,1,0,Home-Focused Buyers
C0286,Individual,Noah,Brooks,1996-03-24,M,UK,Scotland,Home,1,No,Agency,30,3,859353.0900000001,286451.03,335095.0,246881.14,988.6033333333334,2965.81,2,1,Home-Focused Buyers - Cluster 2
C0287,Individual,Joan,Bell,1990-06-10,F,AUSTRALIA,New South Wales,Home,5,No,Website,36,3,1171265.03,390421.6766666667,483565.19,306057.52,1205.9633333333334,3617.89,1,1,Home-Focused Buyers
C0288,Individual,Kevin,Freeman,1997-11-03,M,USA,Colorado,Investment,4,No,Agency,28,4,1364289.23,341072.3075,556972.3,156017.83,1198.3725,4793.49,1,1,Home-Focused Buyers
C0289,Individual,Laura,Hayes,1993-06-14,F,USA,California,Investment,5,No,Agency,33,4,1533862.35,383465.5875,465791.79,303252.26,1200.2725,4801.09,1,0,Home-Focused Buyers
C0290,Individual,Ryan,Watson,1962-01-01,M,USA,California,Home,2,No,Website,64,3,1215398.18,405132.7266666666,618068.19,212618.56,1337.1733333333334,4011.52,1,0,Home-Focused Buyers
C0291,Individual,James,Bryant,1953-07-06,M,USA,Nevada,Home,2,No,Agency,73,3,1322506.76,440835.58666666667,578696.13,217050.04,1523.6933333333334,4571.08,1,0,Home-Focused Buyers
C0292,Individual,Karen,Watson,1945-12-02,F,USA,California,Home,1,No,Agency,80,4,1442818.3399999999,360704.58499999996,562572.19,232726.96,1084.0625,4336.25,1,0,Home-Focused Buyers
C0293,Individual,Ruth,Collins,1993-07-01,F,USA,California,Investment,4,No,Website,33,4,1580876.65,395219.1625,555343.32,295510.6,1299.3274999999999,5197.3099999999995,1,0,Home-Focused Buyers
C0294,Individual,Nicholas,Reyes,1963-07-17,M,USA,Nevada,Home,3,Yes,Website,63,4,1027250.91,256812.7275,483003.01,163464.75,825.1324999999999,3300.5299999999997,2,1,Home-Focused Buyers - Cluster 2
C0295,Individual,Roger,Harris,1967-09-07,M,RUSSIA,Tatarstan,Home,3,No,Agency,59,3,1350375.73,450125.24333333335,628455.63,241210.83,1413.8666666666668,4241.6,1,0,Home-Focused Buyers
C0296,Individual,Mark,Young,1984-04-06,M,CANADA,Manitoba,Home,1,Yes,Client,42,3,1142875.46,380958.48666666663,449749.3,272780.53,1238.0233333333333,3714.07,1,1,Home-Focused Buyers
C0297,Individual,Julia,Murray,1972-11-19,F,UK,Wales,Investment,5,No,Agency,53,4,1709184.75,427296.1875,549203.19,239700.98,1422.9925,5691.97,1,0,Home-Focused Buyers
C0298,Individual,Sarah,Patterson,1972-11-10,F,USA,Oregon,Home,3,No,Website,53,4,1262479.23,315619.8075,565653.37,174310.03,1069.63,4278.52,2,1,Home-Focused Buyers - Cluster 2
C0299,Individual,Barbara,Davis,1977-05-03,F,UK,Wales,Home,5,No,Agency,49,4,1177661.76,294415.44,495541.93,172520.48,948.7574999999999,3795.0299999999997,2,1,Home-Focused Buyers - Cluster 2
C0300,Individual,Zachary,Peterson,1959-04-11,M,CANADA,Alberta,Home,5,Yes,Website,67,3,844956.55,281652.18333333335,294620.75,271118.72,877.9633333333333,2633.89,2,1,Home-Focused Buyers - Cluster 2
C0301,Individual,Lisa,Alexander,1959-03-02,F,USA,Virginia,Home,4,No,Agency,67,3,1045776.52,348592.17333333334,452486.22,249424.37,1286.4266666666667,3859.28,2,1,Home-Focused Buyers - Cluster 2
C0302,Individual,Maria,Edwards,1976-07-25,F,USA,Utah,Investment,1,No,Agency,50,4,1654300.33,413575.0825,712128.48,190628.71,1239.145,4956.58,1,0,Home-Focused Buyers
C0303,Individual,Betty,Owens,1957-07-10,F,USA,Virginia,Investment,5,Yes,Website,69,4,1519113.12,379778.28,464094.48,319009.74,1242.0825,4968.33,1,1,Home-Focused Buyers
C0304,Individual,Patrick,Morris,1959-12-22,M,USA,California,Investment,1,No,Agency,66,4,1685753.28,421438.32,664971.32,211715.31,1333.5625,5334.25,1,0,Home-Focused Buyers
C0305,Individual,Emily,Kim,1995-11-22,F,USA,Arizona,Home,1,No,Website,30,3,1327736.23,442578.74333333335,561574.14,324022.67,1493.243333333333,4479.73,1,0,Home-Focused Buyers
C0306,Individual,Samuel,Foster,1988-04-05,M,USA,California,Home,1,No,Client,38,4,1399698.79,349924.6975,493102.83,230825.85,1075.5049999999999,4302.0199999999995,2,1,Home-Focused Buyers - Cluster 2
C0307,Individual,Samuel,Freeman,1992-10-13,M,USA,California,Home,5,Yes,Client,33,4,1490170.3800000001,372542.59500000003,500020.84,288968.78,1167.105,4668.42,1,1,Home-Focused Buyers
C0308,Individual,Catherine,Roberts,1972-10-10,F,BELGIUM,Flanders,Investment,4,Yes,Agency,53,3,1176582.54,392194.18,528227.73,311089.65,1343.8166666666666,4031.45,1,0,Home-Focused Buyers
C0309,Individual,Stephanie,Cox,1957-10-15,F,USA,Washington,Home,4,No,Agency,68,3,1382649.58,460883.19333333336,578028.54,259197.21,1412.2166666666665,4236.65,1,0,Home-Focused Buyers
C0310,Individual,Edward,Weaver,1992-05-02,M,UK,Northern Ireland,Home,3,No,Website,34,3,1389329.62,463109.87333333335,525344.23,376814.3,1565.3233333333335,4695.97,1,0,Home-Focused Buyers
C0311,Individual,Justin,Anderson,1952-03-09,M,USA,Georgia,Home,2,No,Website,74,4,1632999.56,408249.89,582311.86,285014.58,1312.8225,5251.29,1,0,Home-Focused Buyers
C0312,Individual,Zachary,Cooper,1941-01-14,M,USA,Nevada,Home,3,Yes,Website,85,4,1105668.66,276417.165,363263.79,178371.29,962.3199999999999,3849.2799999999997,2,0,Home-Focused Buyers - Cluster 2
C0313,Company,Stratos,Co,1974-04-12,M,USA,California,Home,1,No,Agency,52,3,1091085.9300000002,363695.31000000006,467065.87,242140.66,1190.3133333333333,3570.94,2,0,Home-Focused Buyers - Cluster 2
C0314,Individual,Andrew,Jones,1982-08-23,M,USA,Washington,Investment,4,No,Agency,44,3,1040795.02,346931.67333333334,417096.92,258318.58,1138.4233333333334,3415.27,2,1,Home-Focused Buyers - Cluster 2
C0315,Individual,Michael,Phillips,1987-03-18,M,MEXICO,Baja California,Investment,5,No,Website,39,4,1178606.56,294651.64,560474.88,146274.65,979.6775,3918.71,2,1,Home-Focused Buyers - Cluster 2
C0316,Individual,Brandon,Martin,1997-04-14,M,UK,Scotland,Investment,4,Yes,Website,29,4,1792447.27,448111.8175,541632.06,226667.28,1338.8999999999999,5355.599999999999,1,0,Home-Focused Buyers
C0317,Individual,Amber,Hansen,1999-11-17,F,USA,California,Investment,2,Yes,Website,26,3,1248444.31,416148.10333333333,518973.54,281566.76,1451.2533333333333,4353.76,1,0,Home-Focused Buyers
C0318,Individual,Amy,Peterson,1974-03-22,F,GERMANY,Berlin,Home,5,No,Website,52,3,871968.67,290656.2233333333,330533.73,257161.54,927.6066666666666,2782.8199999999997,2,1,Home-Focused Buyers - Cluster 2
C0319,Company,Zynex,Co,1995-11-12,F,USA,Texas,Home,5,Yes,Website,30,4,2061054.65,515263.6625,614698.11,379274.31,1726.0575,6904.23,1,0,Home-Focused Buyers
C0320,Individual,Tyler,Cox,1984-12-01,M,USA,Texas,Home,3,Yes,Client,41,3,1317732.09,439244.03,569841.56,329559.53,1465.92,4397.76,1,0,Home-Focused Buyers
C0321,Individual,Jesse,Cook,1992-01-12,M,USA,California,Investment,2,No,Agency,34,4,1701753.71,425438.4275,541634.06,301641.79,1321.76,5287.04,1,0,Home-Focused Buyers
C0322,Individual,Deborah,Moore,1996-12-25,F,USA,California,Home,2,Yes,Website,29,3,1347002.93,449000.9766666666,591179.27,338571.79,1445.2933333333333,4335.88,1,0,Home-Focused Buyers
C0323,Individual,Samantha,Hayes,1975-09-16,F,USA,California,Investment,2,Yes,Website,50,3,1230825.62,410275.2066666667,545057.23,223589.36,1308.5133333333333,3925.54,1,0,Home-Focused Buyers
C0324,Individual,Raymond,Parker,1993-06-14,M,USA,Washington,Home,4,No,Website,33,3,1147121.25,382373.75,517353.17,243338.41,1313.16,3939.48,1,1,Home-Focused Buyers
C0325,Individual,Maria,Flores,1983-02-24,F,USA,California,Home,5,Yes,Agency,43,4,1205175.56,301293.89,488081.56,117558.15,1030.1225,4120.49,2,1,Home-Focused Buyers - Cluster 2
C0326,Individual,Daniel,Reed,1958-05-10,M,USA,Oregon,Investment,4,Yes,Agency,68,4,1321975.5,330493.875,577426.88,138157.57,1028.1275,4112.51,2,0,Home-Focused Buyers - Cluster 2
C0327,Individual,Elizabeth,Ward,1961-07-09,F,UK,Scotland,Home,1,No,Agency,65,4,1116366.72,279091.68,530962.64,170653.24,933.355,3733.42,2,1,Home-Focused Buyers - Cluster 2
C0328,Individual,William,Young,1946-10-22,M,USA,California,Home,1,Yes,Client,79,4,1356560.31,339140.0775,504707.33,216148.29,1030.21,4120.84,2,0,Home-Focused Buyers - Cluster 2
C0329,Individual,Diane,Morales,1998-10-05,F,GERMANY,Hesse,Home,3,No,Agency,27,3,770062.4,256687.46666666667,337233.0,141835.85,922.6666666666666,2768.0,2,1,Home-Focused Buyers - Cluster 2
C0330,Individual,Christian,Richardson,1975-06-21,M,USA,California,Home,1,No,Website,51,4,1331463.63,332865.9075,453899.37,221149.9,1146.9925,4587.97,2,1,Home-Focused Buyers - Cluster 2
C0331,Individual,Ann,Martin,1984-05-23,F,USA,California,Investment,3,No,Agency,42,4,1546334.4,386583.6,486548.28,204935.44,1259.95,5039.8,1,0,Home-Focused Buyers
C0332,Individual,Christopher,Price,1989-12-15,M,USA,Texas,Investment,3,No,Website,36,3,1209987.46,403329.1533333333,510194.12,211905.04,1435.6633333333332,4306.99,1,0,Home-Focused Buyers
C0333,Individual,Helen,Hall,1955-12-23,F,UK,Wales,Home,3,No,Website,70,3,1118960.06,372986.6866666667,544042.09,130153.08,1203.39,3610.17,1,0,Home-Focused Buyers
C0334,Individual,Andrew,Roberts,1950-08-01,M,USA,Arizona,Investment,3,No,Agency,76,4,1445655.93,361413.9825,565288.74,196588.07,1047.99,4191.96,2,1,Home-Focused Buyers - Cluster 2
C0335,Individual,Charles,Morris,1975-12-24,M,USA,Arizona,Home,4,No,Website,50,4,1478341.12,369585.28,593581.03,192263.39,1190.4075,4761.63,1,0,Home-Focused Buyers
C0336,Individual,Karen,Price,1971-11-17,F,USA,California,Investment,5,No,Agency,54,3,1163690.5899999999,387896.8633333333,627613.85,111035.88,1226.8766666666668,3680.63,1,1,Home-Focused Buyers
C0337,Individual,Nathan,Alexander,1942-01-27,M,USA,Arizona,Home,3,Yes,Website,84,3,759310.2,253103.4,405740.25,150284.25,893.3766666666667,2680.13,2,1,Home-Focused Buyers - Cluster 2
C0338,Individual,Patrick,Flores,1943-05-28,M,USA,California,Home,5,Yes,Website,83,4,1488671.1300000001,372167.78250000003,539440.64,215053.02,1227.17,4908.68,1,0,Home-Focused Buyers
C0339,Individual,Keith,King,1963-10-05,M,USA,Utah,Investment,5,No,Agency,62,4,1548824.23,387206.0575,503290.73,253669.32,1170.135,4680.54,1,1,Home-Focused Buyers
C0340,Individual,Daniel,Garcia,1940-11-25,M,USA,California,Investment,2,No,Agency,85,3,1047500.4199999999,349166.80666666664,437506.24,233668.32,1263.5766666666666,3790.73,2,0,Home-Focused Buyers - Cluster 2
C0341,Individual,Carl,Chavez,1982-11-10,M,USA,California,Investment,4,No,Agency,43,4,1679555.42,419888.855,584357.04,154353.28,1293.0725,5172.29,1,0,Home-Focused Buyers
C0342,Individual,Kevin,Hughes,1974-08-15,M,USA,California,Investment,2,No,Client,52,3,1290567.3900000001,430189.13000000006,545582.64,222155.47,1286.43,3859.29,1,0,Home-Focused Buyers
C0343,Individual,Joyce,Thompson,1952-06-17,F,USA,California,Home,2,No,Website,74,4,1630923.97,407730.9925,626989.8,203521.4,1374.585,5498.34,1,0,Home-Focused Buyers
C0344,Individual,Joshua,Jackson,1997-05-13,M,CANADA,British Columbia,Home,2,Yes,Website,29,4,1276344.68,319086.17,450231.11,223568.77,1059.9375,4239.75,2,1,Home-Focused Buyers - Cluster 2
C0345,Individual,Stephanie,Hall,1969-09-15,F,USA,New York,Home,4,Yes,Website,56,3,1339687.25,446562.4166666667,495847.14,416775.71,1510.3766666666668,4531.13,1,0,Home-Focused Buyers
C0346,Individual,Amy,Nelson,1963-06-02,F,USA,California,Home,5,No,Agency,63,3,1174812.8599999999,391604.2866666666,492067.86,241805.57,1271.67,3815.01,1,1,Home-Focused Buyers
C0347,Individual,Mark,Reyes,1992-05-24,M,USA,Washington,Home,3,Yes,Website,34,3,1378006.45,459335.48333333334,476814.14,445059.31,1471.6200000000001,4414.860000000001,1,0,Home-Focused Buyers
C0348,Individual,Jack,Pierce,1982-02-13,M,USA,Colorado,Investment,5,Yes,Agency,44,4,1482633.92,370658.48,571558.04,199268.27,1246.7075,4986.83,1,0,Home-Focused Buyers
C0349,Individual,Paul,Jackson,1975-06-26,M,USA,Arizona,Home,2,Yes,Agency,51,3,1065745.84,355248.61333333334,536330.79,251404.16,1124.5,3373.5,2,1,Home-Focused Buyers - Cluster 2
C0350,Individual,Richard,Jones,1992-12-11,M,USA,Arizona,Home,2,No,Agency,33,3,1066408.3,355469.43333333335,501574.06,266868.89,1206.2733333333333,3618.8199999999997,2,1,Home-Focused Buyers - Cluster 2
C0351,Individual,Michelle,Watson,1961-12-27,F,USA,Oregon,Home,5,No,Agency,64,4,1551113.76,387778.44,536210.24,232221.73,1260.0625,5040.25,1,0,Home-Focused Buyers
C0352,Individual,Judith,Williams,1977-06-22,F,USA,Nevada,Investment,3,No,Agency,49,3,1339830.04,446610.01333333337,563932.05,254694.6,1447.82,4343.46,1,0,Home-Focused Buyers
C0353,Individual,Anna,Murray,1964-04-24,F,USA,Arizona,Home,2,No,Agency,62,3,889855.16,296618.38666666666,348984.03,219176.28,980.8699999999999,2942.6099999999997,2,1,Home-Focused Buyers - Cluster 2
C0354,Individual,Kimberly,Turner,1998-10-23,F,USA,California,Home,4,No,Website,27,3,962196.6000000001,320732.2,401828.82,247494.01,1059.1499999999999,3177.45,2,1,Home-Focused Buyers - Cluster 2
C0355,Individual,Henry,Alexander,1951-10-16,M,MEXICO,Baja California,Investment,1,No,Website,74,3,1029593.97,343197.99,371216.81,290759.45,1273.45,3820.35,2,0,Home-Focused Buyers - Cluster 2
C0356,Individual,Andrea,Kim,1976-06-06,F,USA,Georgia,Home,3,No,Website,50,4,964351.9,241087.975,356415.65,184463.78,816.16,3264.64,2,1,Home-Focused Buyers - Cluster 2
C0357,Individual,Danielle,Griffin,1988-04-09,F,USA,California,Home,3,No,Website,38,3,970629.22,323543.0733333333,440318.57,195445.31,1059.3466666666666,3178.04,2,1,Home-Focused Buyers - Cluster 2
C0358,Individual,Katherine,Griffin,1978-09-26,F,AUSTRALIA,New South Wales,Home,3,Yes,Agency,47,3,1150919.74,383639.91333333333,448849.01,324753.68,1240.6066666666666,3721.8199999999997,1,1,Home-Focused Buyers
C0359,Individual,Julie,Cooper,1951-03-10,F,USA,California,Investment,1,No,Agency,75,3,1098189.8900000001,366063.2966666667,504517.39,199912.89,1308.5133333333333,3925.54,1,0,Home-Focused Buyers
C0360,Individual,Laura,Baker,1948-09-09,F,USA,Utah,Home,2,Yes,Agency,78,4,1978026.48,494506.62,563291.28,397081.68,1676.3825,6705.53,1,0,Home-Focused Buyers
C0361,Individual,Nicholas,Miller,1958-09-08,M,UK,England,Home,1,Yes,Website,68,4,1468372.25,367093.0625,471871.72,220806.64,1222.5974999999999,4890.389999999999,1,0,Home-Focused Buyers
C0362,Individual,Betty,Moore,2000-09-06,F,USA,Utah,Home,4,No,Website,26,3,1129669.4,376556.4666666666,479711.66,182294.98,1162.6166666666666,3487.85,1,1,Home-Focused Buyers
C0363,Individual,Christine,Edwards,1959-01-25,F,USA,Utah,Investment,2,No,Client,67,4,1232301.44,308075.36,468524.95,169223.27,929.6975,3718.79,2,1,Home-Focused Buyers - Cluster 2
C0364,Individual,George,Gray,1944-03-02,M,USA,Texas,Home,2,No,Website,82,4,1492505.18,373126.295,627189.08,183516.5,1261.78,5047.12,1,0,Home-Focused Buyers
C0365,Individual,Brandon,Morales,1962-02-11,M,USA,Colorado,Investment,5,No,Agency,64,3,951259.9,317086.63333333336,435723.27,159920.2,1164.9766666666667,3494.9300000000003,2,1,Home-Focused Buyers - Cluster 2
C0366,Individual,Keith,Long,1983-04-26,M,USA,California,Home,4,No,Website,43,3,1420135.32,473378.44,668066.43,225455.98,1452.2633333333333,4356.79,1,0,Home-Focused Buyers
C0367,Individual,Samuel,Collins,1964-11-25,M,USA,California,Investment,4,No,Agency,61,4,1662617.88,415654.47,593682.12,241468.69,1269.065,5076.26,1,0,Home-Focused Buyers
C0368,Individual,Betty,Scott,1992-08-11,F,USA,California,Home,4,Yes,Agency,34,4,1494552.45,373638.1125,589380.74,172251.51,1136.215,4544.86,1,0,Home-Focused Buyers
C0369,Individual,Helen,Murray,1954-10-01,F,USA,Utah,Home,2,Yes,Agency,71,4,1586439.08,396609.77,604849.17,172499.8,1333.5625,5334.25,1,0,Home-Focused Buyers
C0370,Individual,Michelle,Brooks,1957-09-23,F,RUSSIA,Krasnodar Krai,Home,1,No,Website,68,4,1613633.3900000001,403408.34750000003,552125.64,320644.43,1334.8775,5339.51,1,0,Home-Focused Buyers
C0371,Individual,Ryan,Moore,1970-03-15,M,BELGIUM,Wallonia,Investment,3,No,Agency,56,3,827208.61,275736.2033333333,369988.32,152103.81,842.68,2528.04,2,1,Home-Focused Buyers - Cluster 2
C0372,Individual,Teresa,Nelson,1952-04-22,F,BELGIUM,Flanders,Investment,1,No,Agency,74,3,1280128.06,426709.35333333333,541782.12,241961.7,1361.7433333333333,4085.23,1,0,Home-Focused Buyers
C0373,Individual,Karen,Morales,1993-01-27,F,USA,Georgia,Home,2,No,Agency,33,3,1047277.1799999999,349092.3933333333,512134.29,207576.51,1160.5133333333333,3481.54,2,1,Home-Focused Buyers - Cluster 2
C0374,Individual,Madison,Hughes,1993-11-07,F,AUSTRALIA,New South Wales,Investment,4,Yes,Agency,32,4,916825.86,229206.465,272720.31,174301.38,735.11,2940.44,2,1,Home-Focused Buyers - Cluster 2
C0375,Individual,Kyle,Thompson,1968-07-15,M,USA,California,Investment,4,No,Website,58,3,1178580.6400000001,392860.2133333334,463091.82,316514.21,1224.68,3674.04,1,1,Home-Focused Buyers
C0376,Individual,Shirley,Smith,1953-04-19,F,USA,California,Home,3,No,Website,73,3,1182808.29,394269.43,474499.21,292899.87,1361.7433333333333,4085.23,1,1,Home-Focused Buyers
C0377,Individual,Charles,Patterson,1998-05-14,M,USA,Washington,Home,4,No,Website,28,3,822780.32,274260.10666666663,319434.72,246908.49,904.0466666666667,2712.1400000000003,2,1,Home-Focused Buyers - Cluster 2
C0378,Individual,Heather,Anderson,1957-11-28,F,USA,California,Investment,3,Yes,Website,68,3,812387.51,270795.83666666667,349197.14,215852.8,983.4266666666667,2950.28,2,1,Home-Focused Buyers - Cluster 2
C0379,Company,Optima,Co,1977-04-22,M,USA,California,Investment,2,Yes,Client,49,4,1254919.3599999999,313729.83999999997,415669.45,148198.24,1115.505,4462.02,2,1,Home-Focused Buyers - Cluster 2
C0380,Individual,Evelyn,Chavez,1973-09-13,F,USA,California,Home,3,Yes,Website,52,3,939708.87,313236.29,518564.66,199667.31,1175.45,3526.3500000000004,2,1,Home-Focused Buyers - Cluster 2
C0381,Individual,David,Gray,1961-01-08,M,USA,California,Home,5,Yes,Agency,65,3,878913.19,292971.0633333333,315056.1,278765.3,1188.2333333333333,3564.7,2,1,Home-Focused Buyers - Cluster 2
C0382,Individual,Nicholas,Garcia,1975-08-08,M,USA,California,Investment,1,Yes,Agency,51,3,980139.25,326713.0833333333,397171.33,275110.41,980.8699999999999,2942.6099999999997,2,1,Home-Focused Buyers - Cluster 2
C0383,Company,Novex,Co,1985-11-09,F,MEXICO,Mexico City,Investment,3,No,Agency,40,4,968070.64,242017.66,454071.94,126200.04,809.6575,3238.63,2,1,Home-Focused Buyers - Cluster 2
C0384,Individual,Amy,Stewart,1944-03-22,F,USA,California,Home,3,Yes,Website,82,3,1010761.74,336920.58,366344.49,283367.29,1049.3799999999999,3148.14,2,1,Home-Focused Buyers - Cluster 2
C0385,Individual,Douglas,Owens,1969-01-12,M,UK,Northern Ireland,Investment,4,No,Website,57,3,1289646.4100000001,429882.1366666667,605784.18,280404.22,1277.2733333333333,3831.8199999999997,1,0,Home-Focused Buyers
C0386,Individual,Carol,Stewart,1976-03-25,F,USA,Colorado,Home,2,No,Client,50,3,1633972.21,544657.4033333333,704058.44,409266.01,1445.08,4335.24,1,0,Home-Focused Buyers
C0387,Individual,Jessica,Owens,1974-07-18,F,USA,California,Home,2,Yes,Website,52,4,1992983.55,498245.8875,575135.54,390369.6,1555.2975000000001,6221.1900000000005,1,0,Home-Focused Buyers
C0388,Individual,Zachary,Cox,1995-09-24,M,USA,California,Home,4,No,Agency,30,3,961894.92,320631.64,395393.94,211905.97,975.9433333333333,2927.83,2,1,Home-Focused Buyers - Cluster 2
C0389,Individual,Ronald,Stone,1954-11-18,M,USA,Colorado,Home,3,No,Website,71,4,1261549.0899999999,315387.27249999996,439227.72,146344.44,1119.0900000000001,4476.360000000001,2,0,Home-Focused Buyers - Cluster 2
C0390,Individual,Steven,Griffin,1942-04-23,M,CANADA,Quebec,Investment,2,No,Website,84,4,1678762.0699999998,419690.51749999996,550273.32,249209.28,1295.2649999999999,5181.0599999999995,1,0,Home-Focused Buyers
C0391,Individual,Heather,Long,1966-11-12,F,USA,California,Home,5,No,Agency,59,3,1035012.9099999999,345004.3033333333,502064.98,242144.72,1064.4166666666667,3193.25,2,1,Home-Focused Buyers - Cluster 2
C0392,Individual,Katherine,Adams,1977-06-14,F,USA,Arizona,Home,2,Yes,Website,49,4,1015830.03,253957.5075,448959.32,135718.84,922.6600000000001,3690.6400000000003,2,1,Home-Focused Buyers - Cluster 2
C0393,Individual,Nicole,Allen,1988-06-08,F,USA,Arizona,Home,4,No,Agency,38,4,1616556.78,404139.195,492421.76,340541.6,1298.145,5192.58,1,0,Home-Focused Buyers
C0394,Individual,Shirley,Foster,1954-11-24,F,USA,Colorado,Home,3,Yes,Website,71,4,1258840.0,314710.0,600821.21,153024.68,1041.8025,4167.21,2,1,Home-Focused Buyers - Cluster 2
C0395,Individual,Deborah,Chavez,1959-01-17,F,USA,Florida,Home,1,No,Website,67,3,1153134.48,384378.16,493489.81,305098.44,1303.4733333333334,3910.42,1,0,Home-Focused Buyers
C0396,Individual,Charles,Allen,2000-04-17,M,USA,Nevada,Home,5,No,Agency,26,4,1181447.25,295361.8125,414855.4,178488.52,896.2524999999999,3585.0099999999998,2,1,Home-Focused Buyers - Cluster 2
C0397,Individual,Hannah,Williams,2000-09-18,F,USA,California,Home,5,No,Website,25,3,793543.27,264514.42333333334,299573.55,239134.14,862.11,2586.33,2,1,Home-Focused Buyers - Cluster 2
C0398,Individual,Jennifer,Alexander,1948-12-22,F,USA,Texas,Home,1,Yes,Agency,77,4,1186693.85,296673.4625,416143.54,129469.7,935.765,3743.06,2,1,Home-Focused Buyers - Cluster 2
C0399,Individual,Albert,Kim,1984-06-09,M,USA,California,Home,4,No,Agency,42,4,1229057.49,307264.3725,470140.59,227335.39,1093.05,4372.2,2,1,Home-Focused Buyers - Cluster 2
C0400,Individual,Brandon,Anderson,1959-11-25,M,USA,California,Home,4,No,Agency,66,4,1360152.99,340038.2475,479620.3,197007.65,1239.145,4956.58,1,1,Home-Focused Buyers
C0401,Individual,Brian,Anderson,1969-07-21,M,USA,Arizona,Home,5,Yes,Website,57,4,1020913.0700000001,255228.26750000002,338232.19,207963.57,853.07,3412.28,2,1,Home-Focused Buyers - Cluster 2
C0402,Individual,Brenda,Garcia,1941-02-22,F,USA,Georgia,Home,5,No,Website,85,3,1054166.95,351388.98333333334,419555.74,251843.7,1102.8633333333335,3308.59,2,1,Home-Focused Buyers - Cluster 2
C0403,Individual,Jennifer,Adams,1963-03-25,F,AUSTRALIA,New South Wales,Home,1,No,Website,63,3,878792.98,292930.99333333335,430423.76,197541.36,1060.9733333333334,3182.92,2,0,Home-Focused Buyers - Cluster 2
C0404,Individual,Sara,Cook,1976-12-05,F,FRANCE,Normandy,Investment,1,No,Client,49,3,731788.96,243929.65333333332,385857.81,170715.21,753.3133333333334,2259.94,2,1,Home-Focused Buyers - Cluster 2
C0405,Company,Horizon,Co,1969-12-25,M,USA,Colorado,Home,1,No,Agency,56,4,1310963.25,327740.8125,453518.72,149919.38,1140.38,4561.52,2,1,Home-Focused Buyers - Cluster 2
C0406,Individual,Christine,Brown,1960-05-26,F,USA,Colorado,Home,3,No,Website,66,4,1317165.12,329291.28,525171.0,214175.32,1090.1925,4360.77,2,0,Home-Focused Buyers - Cluster 2
C0407,Individual,Lisa,Freeman,1982-04-23,F,USA,California,Home,2,No,Client,44,4,1254494.91,313623.7275,406850.28,203858.66,1045.8025,4183.21,2,1,Home-Focused Buyers - Cluster 2
C0408,Individual,Tyler,Rogers,1977-02-03,M,USA,California,Home,3,No,Website,49,3,1320497.01,440165.67,574122.16,242012.41,1413.0600000000002,4239.18,1,0,Home-Focused Buyers
C0409,Individual,Timothy,Reyes,1972-09-18,M,USA,Nevada,Home,1,Yes,Website,53,4,1816669.2,454167.3,599891.42,296993.27,1449.3775,5797.51,1,0,Home-Focused Buyers
C0410,Individual,Diane,Johnson,1982-07-13,F,RUSSIA,Saint Petersburg,Home,5,Yes,Agency,44,3,1021706.02,340568.67333333334,524175.54,238107.01,1189.1899999999998,3567.5699999999997,2,1,Home-Focused Buyers - Cluster 2
C0411,Individual,Amanda,Moore,1983-05-09,F,USA,California,Home,2,No,Website,43,3,896987.21,298995.73666666663,475205.98,163236.34,883.7466666666668,2651.2400000000002,2,1,Home-Focused Buyers - Cluster 2
C0412,Individual,Karen,Richardson,1984-04-24,F,UK,Scotland,Home,5,No,Website,42,3,1100376.25,366792.0833333333,493587.18,222972.29,1260.8366666666668,3782.51,1,1,Home-Focused Buyers
C0413,Individual,Brandon,Smith,1940-07-11,M,CANADA,British Columbia,Home,3,No,Website,86,4,1769126.22,442281.555,537806.31,361700.25,1431.4575,5725.83,1,0,Home-Focused Buyers
C0414,Individual,Brandon,Reed,1962-12-07,M,USA,California,Home,4,No,Website,63,4,1412148.94,353037.235,518926.42,212968.31,1144.74,4578.96,1,0,Home-Focused Buyers
C0415,Individual,Grace,Turner,1980-07-09,F,USA,Nevada,Home,5,Yes,Agency,46,4,1305928.3499999999,326482.08749999997,503380.47,221533.82,1093.05,4372.2,2,1,Home-Focused Buyers - Cluster 2
C0416,Company,Bravada,Co,1981-07-28,M,GERMANY,North Rhine-Westphalia,Investment,5,Yes,Client,45,3,1059532.51,353177.50333333336,492952.77,208529.56,1260.8366666666668,3782.51,2,1,Home-Focused Buyers - Cluster 2
C0417,Individual,Peter,Collins,1947-12-03,M,USA,Utah,Home,2,No,Website,78,3,1354773.96,451591.32,583440.71,342309.1,1471.8999999999999,4415.7,1,0,Home-Focused Buyers
C0418,Individual,Douglas,Howard,1996-08-20,M,USA,Arizona,Home,5,No,Agency,30,4,1629486.83,407371.7075,529967.66,158612.64,1276.8225,5107.29,1,0,Home-Focused Buyers
C0419,Individual,Jack,Hansen,1962-11-03,M,USA,Washington,Home,3,Yes,Agency,63,4,1174012.19,293503.0475,419691.92,146968.53,990.4475,3961.79,2,1,Home-Focused Buyers - Cluster 2
C0420,Individual,Debra,Reyes,1994-01-04,F,USA,California,Home,5,No,Agency,32,3,1260096.1600000001,420032.0533333334,588644.89,236557.17,1330.2166666666667,3990.65,1,1,Home-Focused Buyers
C0421,Individual,Zachary,Cox,1975-08-25,M,GERMANY,Hesse,Investment,5,Yes,Website,51,4,1495763.3699999999,373940.84249999997,585167.95,160509.63,1203.905,4815.62,1,1,Home-Focused Buyers
C0422,Company,Telnox,Co,1973-11-13,F,USA,California,Home,1,Yes,Client,52,4,1653171.62,413292.905,555693.16,195438.27,1428.5749999999998,5714.299999999999,1,0,Home-Focused Buyers
C0423,Individual,Rachel,Sanders,1950-04-17,F,USA,California,Home,1,No,Client,76,3,1068716.19,356238.73,410950.81,312769.84,1195.1966666666667,3585.59,2,0,Home-Focused Buyers - Cluster 2
C0424,Individual,Sarah,Stewart,1998-12-04,F,USA,Florida,Home,1,No,Website,27,3,1034036.3,344678.76666666666,521067.94,180268.05,1107.81,3323.43,2,1,Home-Focused Buyers - Cluster 2
C0425,Individual,Gerald,Wright,1965-03-11,M,USA,Nevada,Home,2,No,Agency,61,3,1256932.48,418977.49333333335,560677.96,180903.98,1452.2633333333333,4356.79,1,0,Home-Focused Buyers
C0426,Individual,Julie,Brown,1953-10-07,F,USA,Oregon,Home,4,Yes,Client,72,3,890250.61,296750.2033333333,519106.96,134618.94,874.19,2622.57,2,1,Home-Focused Buyers - Cluster 2
C0427,Individual,Sarah,Peterson,1994-09-06,F,USA,California,Home,4,Yes,Website,32,4,1457016.31,364254.0775,563544.96,147901.85,1216.595,4866.38,1,1,Home-Focused Buyers
C0428,Individual,Gloria,Rogers,1962-07-20,F,USA,Oregon,Home,3,No,Agency,64,4,984451.32,246112.83,330914.17,173398.4,838.2925,3353.17,2,1,Home-Focused Buyers - Cluster 2
C0429,Individual,Danielle,Stone,1995-11-05,F,USA,California,Home,3,Yes,Website,30,4,1503904.1600000001,375976.04000000004,573428.92,188979.3,1374.585,5498.34,1,1,Home-Focused Buyers
C0430,Individual,Roger,Wood,1974-10-05,M,USA,Nevada,Home,2,No,Agency,51,3,931141.96,310380.6533333333,413945.61,118779.75,1033.1033333333332,3099.31,2,1,Home-Focused Buyers - Cluster 2
C0431,Individual,Austin,King,1969-05-05,M,USA,California,Home,5,Yes,Website,57,4,1544751.33,386187.8325,562089.63,301088.15,1246.6175,4986.47,1,0,Home-Focused Buyers
C0432,Company,Grandis,Co,1995-02-17,M,USA,California,Home,5,No,Agency,31,4,1277850.15,319462.5375,500722.63,156439.68,1025.1499999999999,4100.599999999999,2,1,Home-Focused Buyers - Cluster 2
C0433,Individual,Ruth,Hughes,1969-03-03,F,USA,California,Investment,2,Yes,Website,57,4,1937061.37,484265.3425,656465.4,244660.43,1591.4724999999999,6365.889999999999,1,0,Home-Focused Buyers
C0434,Individual,Amanda,Sanders,1964-12-25,F,RUSSIA,Tatarstan,Home,5,No,Website,61,3,1364889.24,454963.08,603903.4,275862.16,1445.5566666666666,4336.67,1,0,Home-Focused Buyers
C0435,Individual,Sara,Richardson,1966-01-25,F,AUSTRALIA,New South Wales,Home,5,Yes,Website,60,3,908970.34,302990.11333333334,382435.3,170472.55,1077.3233333333335,3231.9700000000003,2,1,Home-Focused Buyers - Cluster 2
C0436,Individual,Brandon,Jones,1972-05-12,M,USA,Colorado,Home,2,Yes,Client,54,4,1327594.64,331898.66,479775.72,206156.81,1064.2625,4257.05,2,0,Home-Focused Buyers - Cluster 2
C0437,Individual,Danielle,James,1990-10-05,F,USA,Texas,Home,1,No,Website,35,3,657032.8200000001,219010.94000000003,353361.5,145618.18,801.46,2404.38,2,1,Home-Focused Buyers - Cluster 2
C0438,Individual,Gregory,Collins,1982-10-09,M,USA,Georgia,Investment,1,Yes,Client,43,4,1458641.1,364660.275,517610.73,190860.98,1261.78,5047.12,1,1,Home-Focused Buyers
C0439,Individual,Larry,Thompson,1956-03-08,M,USA,Virginia,Home,2,No,Agency,70,3,1273328.62,424442.87333333335,547817.26,264395.14,1422.97,4268.91,1,0,Home-Focused Buyers
C0440,Individual,Lawrence,Parker,1960-07-13,M,USA,California,Investment,1,No,Agency,66,3,703498.83,234499.61,311878.98,167127.37,845.8633333333333,2537.59,2,1,Home-Focused Buyers - Cluster 2
C0441,Individual,Joan,Foster,1980-10-01,F,RUSSIA,Krasnodar Krai,Investment,1,No,Agency,45,4,1525849.55,381462.3875,616227.01,194960.28,1239.2649999999999,4957.0599999999995,1,0,Home-Focused Buyers
C0442,Individual,Sarah,Hansen,1975-04-14,F,USA,Colorado,Home,3,Yes,Website,51,4,1707466.97,426866.7425,520127.02,339117.71,1489.73,5958.92,1,0,Home-Focused Buyers
C0443,Individual,Noah,Foster,1950-06-22,M,DENMARK,Capital Region,Home,1,Yes,Agency,76,3,1355839.1,451946.3666666667,555912.87,316684.59,1527.8633333333335,4583.59,1,0,Home-Focused Buyers
C0444,Individual,Jennifer,Martin,1941-03-15,F,USA,California,Home,2,No,Website,85,4,1054514.54,263628.635,399974.1,183058.38,943.97,3775.88,2,0,Home-Focused Buyers - Cluster 2
C0445,Individual,Michelle,Evans,1995-11-12,F,USA,California,Home,2,Yes,Website,30,4,1425691.63,356422.9075,518136.39,176345.04,1101.9875,4407.95,1,1,Home-Focused Buyers
C0446,Individual,Douglas,Thomas,1955-02-01,M,USA,Colorado,Home,2,No,Website,71,3,1024655.04,341551.68,426208.52,226025.07,1258.6899999999998,3776.0699999999997,2,0,Home-Focused Buyers - Cluster 2
C0447,Individual,Patricia,Johnson,1956-06-27,F,USA,New York,Home,2,No,Website,70,3,1543592.15,514530.7166666666,605190.49,389827.78,1680.5266666666666,5041.58,1,0,Home-Focused Buyers
C0448,Individual,Mark,White,1980-06-10,M,USA,Nevada,Investment,2,No,Agency,46,3,942066.48,314022.16,458054.04,187719.53,1050.08,3150.24,2,1,Home-Focused Buyers - Cluster 2
C0449,Individual,Jordan,King,1972-06-24,M,USA,Oregon,Investment,2,No,Agency,54,3,1418922.44,472974.14666666667,594018.07,381257.52,1504.28,4512.84,1,0,Home-Focused Buyers
C0450,Individual,Matthew,Jackson,1992-02-19,M,MEXICO,Nuevo Leon,Home,3,No,Website,34,4,1555297.3699999999,388824.34249999997,473301.04,210741.61,1258.5825,5034.33,1,1,Home-Focused Buyers
C0451,Individual,Larry,Anderson,1985-09-20,M,CANADA,Alberta,Investment,5,Yes,Client,40,4,1665967.4100000001,416491.85250000004,526063.15,320227.29,1339.695,5358.78,1,0,Home-Focused Buyers
C0452,Individual,Brandon,Adams,1967-10-17,M,USA,Washington,Home,3,No,Website,58,4,1398358.69,349589.6725,515843.73,197151.66,1086.2275,4344.91,2,1,Home-Focused Buyers - Cluster 2
C0453,Individual,Carl,Wood,1993-04-16,M,UK,Scotland,Investment,1,No,Website,33,4,1321010.76,330252.69,587960.16,167795.76,1103.3025,4413.21,2,1,Home-Focused Buyers - Cluster 2
C0454,Company,Altira,Co,1961-04-01,F,USA,Nevada,Investment,4,No,Agency,65,3,980683.73,326894.57666666666,522599.89,191795.51,1072.4833333333333,3217.45,2,1,Home-Focused Buyers - Cluster 2
C0455,Individual,Karen,Williams,1963-02-01,F,USA,California,Home,1,No,Agency,63,4,1125726.62,281431.655,477256.95,202636.75,838.2925,3353.17,2,1,Home-Focused Buyers - Cluster 2
C0456,Individual,Virginia,Brooks,1995-11-18,F,USA,Oregon,Home,3,Yes,Website,30,3,1349210.55,449736.85000000003,521158.55,389151.65,1448.82,4346.46,1,0,Home-Focused Buyers
C0457,Individual,Kenneth,Hansen,1980-07-19,M,UK,Wales,Investment,1,No,Agency,46,3,1399940.21,466646.73666666663,596228.96,222108.32,1457.8333333333333,4373.5,1,0,Home-Focused Buyers
C0458,Individual,Thomas,Turner,1995-07-04,M,USA,Oregon,Investment,1,No,Agency,31,4,1382881.81,345720.4525,503414.2,160735.05,1123.3175,4493.27,2,1,Home-Focused Buyers - Cluster 2
C0459,Individual,Steven,Johnson,1955-03-23,M,USA,California,Home,3,No,Agency,71,3,821716.14,273905.38,368466.6,167180.02,945.65,2836.95,2,1,Home-Focused Buyers - Cluster 2
C0460,Individual,Amanda,Cox,1992-12-25,F,USA,Virginia,Home,1,No,Website,33,3,1061349.03,353783.01,484806.07,123288.92,1078.7866666666666,3236.3599999999997,2,1,Home-Focused Buyers - Cluster 2
C0461,Individual,Jonathan,Peterson,1960-02-16,M,USA,Arizona,Home,1,No,Agency,66,3,986630.39,328876.7966666667,473479.09,255802.61,1157.47,3472.41,2,0,Home-Focused Buyers - Cluster 2
C0462,Individual,Eric,White,1943-10-22,M,AUSTRALIA,Victoria,Home,2,No,Agency,82,4,1606667.68,401666.92,630993.32,268225.04,1316.0375,5264.15,1,0,Home-Focused Buyers
C0463,Individual,Nicholas,Garcia,1970-06-13,M,USA,California,Home,5,No,Client,56,4,1235094.73,308773.6825,456678.02,208167.63,989.46,3957.84,2,1,Home-Focused Buyers - Cluster 2
C0464,Individual,Gregory,Turner,1974-12-11,M,USA,Florida,Home,5,No,Website,51,4,1455550.0,363887.5,462200.84,147823.33,1276.8225,5107.29,1,0,Home-Focused Buyers
C0465,Individual,George,Carter,1949-09-02,M,USA,California,Home,3,No,Website,77,3,707799.9199999999,235933.30666666664,344983.8,179694.61,839.1433333333334,2517.4300000000003,2,1,Home-Focused Buyers - Cluster 2
C0466,Individual,Patricia,Cox,1988-05-19,F,USA,Virginia,Investment,2,No,Website,38,4,1228651.21,307162.8025,446810.74,219865.93,1030.21,4120.84,2,1,Home-Focused Buyers - Cluster 2
C0467,Individual,Rebecca,Chavez,1952-04-05,F,USA,Ohio,Home,1,Yes,Agency,74,3,976066.93,325355.64333333337,433348.26,173669.46,1155.6966666666667,3467.09,2,1,Home-Focused Buyers - Cluster 2
C0468,Individual,Raymond,Smith,1952-11-13,M,MEXICO,Jalisco,Investment,3,Yes,Website,73,3,1267396.7999999998,422465.5999999999,511655.42,311827.97,1386.32,4158.96,1,0,Home-Focused Buyers
C0469,Individual,Adam,Foster,1997-03-23,M,USA,California,Home,2,No,Website,29,4,1518476.47,379619.1175,502622.02,131603.98,1265.3825,5061.53,1,1,Home-Focused Buyers
C0470,Individual,Joan,Anderson,1963-02-17,F,USA,Oregon,Home,1,No,Agency,63,3,862552.54,287517.51333333337,497090.51,125292.1,883.7466666666666,2651.24,2,1,Home-Focused Buyers - Cluster 2
C0471,Individual,Gary,Collins,1984-06-26,M,USA,Utah,Investment,3,No,Agency,42,3,1084997.39,361665.79666666663,513906.66,258517.67,1209.64,3628.92,2,1,Home-Focused Buyers - Cluster 2
C0472,Individual,Edward,Moore,1951-10-04,M,USA,California,Home,4,No,Website,74,3,1277486.3699999999,425828.79,529761.19,247405.59,1394.21,4182.63,1,0,Home-Focused Buyers
C0473,Individual,Sharon,Price,1981-08-09,F,USA,California,Home,3,No,Agency,45,4,1304527.6600000001,326131.91500000004,518735.4,214779.83,1042.725,4170.9,2,1,Home-Focused Buyers - Cluster 2
C0474,Individual,Gregory,Young,1995-12-08,M,USA,Nevada,Home,1,No,Website,30,4,962015.29,240503.8225,413387.67,137979.81,824.2025,3296.81,2,1,Home-Focused Buyers - Cluster 2
C0475,Individual,William,Brooks,1946-08-18,M,BELGIUM,Wallonia,Investment,2,Yes,Agency,80,3,1234470.16,411490.0533333333,455542.16,325677.3,1371.6133333333335,4114.84,1,0,Home-Focused Buyers
C0476,Individual,Steven,Johnson,1997-04-05,M,USA,Florida,Home,3,No,Agency,29,4,1485303.01,371325.7525,457069.23,271586.15,1299.3675,5197.47,1,1,Home-Focused Buyers
C0477,Individual,Jesse,Stone,1984-02-01,M,USA,California,Investment,4,Yes,Website,42,3,1535114.88,511704.95999999996,734390.86,235908.73,1452.2633333333333,4356.79,1,0,Home-Focused Buyers
C0478,Individual,Ashley,Garcia,1940-08-02,F,USA,Ohio,Investment,4,No,Website,86,3,774892.79,258297.59666666668,404581.32,174077.05,997.4133333333333,2992.24,2,1,Home-Focused Buyers - Cluster 2
C0479,Individual,Virginia,Wright,1978-04-06,F,USA,California,Home,2,Yes,Agency,48,4,1172782.93,293195.7325,494567.75,181449.2,956.6725,3826.69,2,1,Home-Focused Buyers - Cluster 2
C0480,Individual,Scott,Bryant,1974-09-16,M,USA,California,Home,4,Yes,Website,51,4,1033261.03,258315.2575,347137.85,155923.76,827.2,3308.8,2,1,Home-Focused Buyers - Cluster 2
C0481,Individual,Sean,Williams,1976-12-12,M,USA,Arizona,Home,3,No,Agency,49,4,1365460.24,341365.06,539294.72,169367.25,1040.8899999999999,4163.5599999999995,2,1,Home-Focused Buyers - Cluster 2
C0482,Individual,Deborah,Brown,1980-10-08,F,USA,New York,Investment,3,Yes,Agency,45,3,1006132.77,335377.59,421206.38,272816.91,1155.4633333333334,3466.39,2,1,Home-Focused Buyers - Cluster 2
C0483,Individual,Kevin,Jackson,1985-11-08,M,USA,Arizona,Investment,1,No,Website,40,3,881113.79,293704.5966666667,415468.55,160886.49,934.8733333333333,2804.62,2,1,Home-Focused Buyers - Cluster 2
C0484,Individual,Janet,Wright,1989-04-19,F,USA,Texas,Investment,3,No,Website,37,4,1313240.67,328310.1675,412809.69,162649.73,1114.105,4456.42,2,0,Home-Focused Buyers - Cluster 2
C0485,Individual,Julia,Morales,1991-10-07,F,USA,Arizona,Home,2,No,Website,34,3,1000841.1799999999,333613.7266666666,603778.82,185592.46,1144.8033333333333,3434.41,2,1,Home-Focused Buyers - Cluster 2
C0486,Individual,Billy,Carter,1999-09-16,M,USA,California,Investment,2,Yes,Website,26,3,1090587.66,363529.22,599081.0,222912.15,1175.45,3526.3500000000004,2,0,Home-Focused Buyers - Cluster 2
C0487,Individual,Jessica,Williams,1991-10-23,F,USA,Washington,Home,5,No,Website,34,4,1576272.71,394068.1775,542265.03,181240.83,1295.0975,5180.39,1,0,Home-Focused Buyers
C0488,Individual,Megan,Jackson,1979-05-11,F,USA,California,Investment,4,No,Agency,47,4,1218265.3599999999,304566.33999999997,559367.69,161368.51,990.9875000000001,3963.9500000000003,2,1,Home-Focused Buyers - Cluster 2
C0489,Individual,Austin,Jordan,1950-06-08,M,GERMANY,Berlin,Investment,2,No,Website,76,3,1025274.77,341758.25666666665,439792.36,233513.02,1102.8633333333335,3308.59,2,0,Home-Focused Buyers - Cluster 2
C0490,Individual,Emily,Wright,1954-01-23,F,USA,Nevada,Investment,5,Yes,Website,72,3,1292367.93,430789.31,517225.72,373889.7,1240.6066666666666,3721.8199999999997,1,1,Home-Focused Buyers
C0491,Individual,Noah,White,1941-08-05,M,USA,Washington,Home,2,No,Website,85,3,1106379.8,368793.26666666666,527792.52,195087.94,1168.3833333333334,3505.15,2,0,Home-Focused Buyers - Cluster 2
C0492,Individual,Raymond,Price,2000-05-07,M,USA,Utah,Home,3,Yes,Website,26,4,1300917.1,325229.275,551610.52,212683.17,1008.6625,4034.65,2,1,Home-Focused Buyers - Cluster 2
C0493,Individual,Tyler,Hughes,1954-07-06,M,USA,Colorado,Home,3,No,Website,72,4,1312198.98,328049.745,432134.46,251376.49,1141.225,4564.9,2,0,Home-Focused Buyers - Cluster 2
C0494,Individual,Grace,Carter,1990-08-03,F,USA,California,Home,3,Yes,Website,36,4,1052676.65,263169.1625,379142.42,142969.08,911.0425,3644.17,2,1,Home-Focused Buyers - Cluster 2
C0495,Individual,Jerry,Hall,1954-02-18,M,USA,California,Investment,5,No,Client,72,4,1246742.44,311685.61,420300.71,170336.43,984.9525,3939.81,2,0,Home-Focused Buyers - Cluster 2
C0496,Individual,Billy,Reyes,1990-01-04,M,USA,California,Home,4,No,Agency,36,4,1120376.44,280094.11,352076.14,173179.78,947.7475000000001,3790.9900000000002,2,1,Home-Focused Buyers - Cluster 2
C0497,Individual,Emma,Stewart,1985-02-02,F,USA,Arizona,Investment,4,Yes,Website,41,3,1330684.99,443561.66333333333,526810.49,390199.46,1438.2933333333333,4314.88,1,0,Home-Focused Buyers
C0498,Individual,Nancy,Collins,1948-11-21,F,CANADA,Alberta,Home,2,Yes,Website,77,3,1007455.29,335818.43,419982.23,231668.75,1258.3999999999999,3775.2,2,1,Home-Focused Buyers - Cluster 2
C0499,Individual,Lisa,Patterson,1946-02-10,F,USA,Colorado,Home,3,Yes,Agency,80,3,897769.81,299256.60333333333,383627.2,242708.74,863.7633333333333,2591.29,2,1,Home-Focused Buyers - Cluster 2
C0500,Individual,Dennis,Howard,1977-03-15,M,USA,California,Home,4,Yes,Website,49,3,1294944.52,431648.17333333334,476123.08,403011.66,1438.2933333333333,4314.88,1,0,Home-Focused Buyers
C0501,Individual,Kenneth,Jackson,1995-11-12,M,USA,Nevada,Investment,5,Yes,Agency,30,4,1741166.27,435291.5675,545614.44,264876.66,1454.35,5817.4,1,0,Home-Focused Buyers
C0502,Individual,Madison,Gray,1966-11-28,F,USA,Arizona,Home,4,No,Website,59,4,1537989.75,384497.4375,483760.31,201911.89,1324.385,5297.54,1,0,Home-Focused Buyers
C0503,Individual,Keith,Peterson,1943-09-26,M,USA,Utah,Investment,2,Yes,Client,82,4,1432167.34,358041.835,609798.92,131159.48,1135.53,4542.12,1,0,Home-Focused Buyers
C0504,Individual,Jeffrey,Green,1992-01-14,M,USA,Utah,Home,2,No,Website,34,4,1367188.58,341797.145,463948.75,190741.67,1108.6075,4434.43,2,1,Home-Focused Buyers - Cluster 2
C0505,Individual,Katherine,Wilson,1995-07-18,F,USA,Arizona,Home,3,No,Agency,31,3,1043535.21,347845.07,462127.71,179866.96,1125.17,3375.51,2,1,Home-Focused Buyers - Cluster 2
C0506,Individual,Albert,Stone,1967-07-04,M,USA,California,Home,5,No,Agency,59,3,1122203.03,374067.6766666667,461159.55,247655.06,1267.4066666666668,3802.2200000000003,1,1,Home-Focused Buyers
C0507,Individual,Mark,Morales,1951-02-26,M,USA,New York,Home,3,No,Website,75,3,1062656.6099999999,354218.86999999994,474018.4,287687.55,1221.3833333333334,3664.15,2,0,Home-Focused Buyers - Cluster 2
C0508,Individual,Grace,Weaver,1970-01-06,F,USA,Nevada,Home,5,No,Agency,56,3,833710.06,277903.35333333333,463860.46,143613.32,900.6166666666667,2701.85,2,1,Home-Focused Buyers - Cluster 2
C0509,Individual,Aaron,Cook,1956-04-02,M,BELGIUM,Wallonia,Home,3,No,Website,70,4,1687930.25,421982.5625,636508.92,159338.05,1333.2775000000001,5333.110000000001,1,0,Home-Focused Buyers
C0510,Individual,Samantha,Evans,1947-08-28,F,FRANCE,Brittany,Investment,1,Yes,Website,79,3,1094232.67,364744.2233333333,504493.45,158528.72,1243.8233333333333,3731.47,2,1,Home-Focused Buyers - Cluster 2
C0511,Individual,Christine,Parker,1954-07-20,F,UK,England,Home,2,No,Website,72,3,1090537.6,363512.5333333334,505829.95,270783.51,1179.5233333333333,3538.5699999999997,2,0,Home-Focused Buyers - Cluster 2
C0512,Individual,Hannah,Flores,1945-06-27,F,USA,Arizona,Home,1,No,Client,81,3,1448158.1400000001,482719.38000000006,558618.92,438067.15,1654.4733333333334,4963.42,1,0,Home-Focused Buyers
C0513,Individual,Christian,Morales,1999-03-07,M,USA,Florida,Home,2,Yes,Agency,27,3,974596.63,324865.54333333333,491938.8,227598.3,1049.5133333333333,3148.54,2,1,Home-Focused Buyers - Cluster 2
C0514,Individual,Rebecca,Evans,1977-08-17,F,USA,Oregon,Home,1,Yes,Website,49,4,1528027.54,382006.885,598032.14,225808.71,1316.0375,5264.15,1,0,Home-Focused Buyers
C0515,Individual,Melissa,Patterson,1963-09-12,F,USA,California,Home,1,Yes,Website,63,4,1561824.93,390456.2325,486501.61,283492.47,1342.7925,5371.17,1,0,Home-Focused Buyers
C0516,Individual,Lawrence,Nelson,1946-04-21,M,USA,Utah,Home,3,No,Website,80,4,1437837.49,359459.3725,501892.72,239960.5,1196.8899999999999,4787.5599999999995,1,1,Home-Focused Buyers
C0517,Individual,Harold,Thompson,1959-03-20,M,USA,California,Home,5,No,Client,67,4,1115807.0,278951.75,413330.24,128695.37,939.4875,3757.95,2,1,Home-Focused Buyers - Cluster 2
C0518,Company,Lumina,Co,1962-05-22,F,USA,New York,Home,3,No,Website,64,4,1633111.65,408277.9125,657039.24,156509.03,1196.9724999999999,4787.889999999999,1,0,Home-Focused Buyers
C0519,Individual,Madison,Freeman,1975-10-04,F,USA,Arizona,Investment,3,No,Agency,50,3,981719.26,327239.75333333336,436603.35,248699.46,1108.9966666666667,3326.9900000000002,2,1,Home-Focused Buyers - Cluster 2
C0520,Individual,Helen,White,1970-02-11,F,USA,Oregon,Home,3,Yes,Agency,56,3,1033523.16,344507.72000000003,454823.84,212497.0,1108.9966666666667,3326.9900000000002,2,1,Home-Focused Buyers - Cluster 2
C0521,Individual,Stephanie,Allen,1967-04-02,F,CANADA,British Columbia,Home,3,No,Website,59,4,1074306.5,268576.625,428385.38,173524.87,872.6800000000001,3490.7200000000003,2,1,Home-Focused Buyers - Cluster 2
C0522,Individual,Nicole,Campbell,1942-07-13,F,USA,Virginia,Home,5,No,Agency,84,3,993023.13,331007.71,365717.82,281622.19,1240.6066666666666,3721.8199999999997,2,1,Home-Focused Buyers - Cluster 2
C0523,Individual,Cynthia,Hansen,1960-08-22,F,USA,Colorado,Home,2,No,Agency,66,3,928962.95,309654.31666666665,458362.92,203374.52,1058.6633333333332,3175.99,2,1,Home-Focused Buyers - Cluster 2
C0524,Individual,Harold,Thompson,1953-05-24,M,USA,Washington,Home,3,No,Website,73,3,801104.6900000001,267034.89666666667,372739.71,167605.4,897.3100000000001,2691.9300000000003,2,1,Home-Focused Buyers - Cluster 2
C0525,Individual,Frank,Gray,1950-06-12,M,USA,Arizona,Home,4,Yes,Agency,76,4,1629457.52,407364.38,528447.33,361543.25,1299.3274999999999,5197.3099999999995,1,0,Home-Focused Buyers
C0526,Individual,Harold,Green,1968-02-28,M,GERMANY,Bavaria,Home,5,No,Website,58,3,1301139.77,433713.25666666665,578194.07,344289.15,1592.1233333333332,4776.37,1,0,Home-Focused Buyers
C0527,Individual,Andrew,Baker,1979-07-19,M,USA,California,Home,2,No,Website,47,3,1138099.7,379366.56666666665,544170.95,223449.69,1299.5366666666666,3898.61,1,0,Home-Focused Buyers
C0528,Individual,Benjamin,Davis,2000-08-09,M,USA,Washington,Investment,2,No,Client,26,3,1118472.87,372824.29000000004,518036.13,280069.05,1206.2733333333333,3618.8199999999997,1,1,Home-Focused Buyers
C0529,Individual,Paul,Jordan,1973-11-14,M,USA,Nevada,Home,4,Yes,Website,52,4,1268138.95,317034.7375,420874.11,194477.8,1098.1675,4392.67,2,0,Home-Focused Buyers - Cluster 2
C0530,Individual,Patricia,Reed,1952-09-07,F,USA,Utah,Home,2,Yes,Agency,74,4,1559124.69,389781.1725,579567.49,218529.92,1246.7075,4986.83,1,0,Home-Focused Buyers
C0531,Individual,Emily,White,1976-09-19,F,USA,California,Home,1,No,Website,49,4,1911300.7799999998,477825.19499999995,580528.21,322492.37,1510.65,6042.6,1,0,Home-Focused Buyers
C0532,Individual,Lauren,Moore,1979-08-12,F,BELGIUM,Flanders,Home,2,No,Website,47,4,1075202.77,268800.6925,411253.4,152258.24,990.9875000000001,3963.9500000000003,2,1,Home-Focused Buyers - Cluster 2
C0533,Individual,Jeffrey,Williams,1963-09-06,M,USA,Nevada,Investment,1,No,Agency,63,4,990028.19,247507.0475,438895.96,133385.68,787.46,3149.84,2,1,Home-Focused Buyers - Cluster 2
C0534,Individual,Bryan,Miller,1958-02-21,M,USA,California,Investment,1,No,Agency,68,3,1133195.2,377731.73333333334,406001.38,349404.33,1371.6133333333335,4114.84,1,0,Home-Focused Buyers
C0535,Individual,Judith,Allen,1987-12-22,F,UK,Wales,Home,3,No,Agency,38,3,1299053.94,433017.98,494969.3,339165.46,1386.32,4158.96,1,0,Home-Focused Buyers
C0536,Individual,Brittany,Weaver,1956-03-14,F,USA,Arizona,Investment,5,Yes,Website,70,3,983106.8400000001,327702.28,512156.34,172200.35,1104.51,3313.53,2,1,Home-Focused Buyers - Cluster 2
C0537,Individual,Carl,Baker,1962-04-25,M,USA,Florida,Home,2,No,Client,64,4,1490327.5,372581.875,595842.66,188014.56,1239.145,4956.58,1,1,Home-Focused Buyers
C0538,Individual,Richard,Pierce,1969-04-23,M,USA,California,Home,1,Yes,Agency,57,4,1206897.7000000002,301724.42500000005,464389.02,216366.01,1103.3225,4413.29,2,1,Home-Focused Buyers - Cluster 2
C0539,Individual,Lawrence,Bryant,1991-02-25,M,USA,California,Investment,1,Yes,Agency,35,4,1645321.2,411330.3,493737.03,211248.28,1338.8999999999999,5355.599999999999,1,0,Home-Focused Buyers
C0540,Individual,Anna,Long,1997-02-27,F,USA,New York,Home,3,No,Agency,29,3,494173.31,164724.43666666668,193265.77,139343.87,577.2433333333333,1731.73,2,1,Home-Focused Buyers - Cluster 2
C0541,Individual,Anthony,Garcia,2000-03-22,M,UK,Northern Ireland,Home,3,No,Agency,26,4,1721673.54,430418.385,566466.92,304008.75,1296.5625,5186.25,1,1,Home-Focused Buyers
C0542,Company,Lumina,Co,1985-09-26,M,MEXICO,Mexico City,Home,3,No,Website,40,4,1195819.4,298954.85,385011.74,208828.68,1024.3375,4097.35,2,1,Home-Focused Buyers - Cluster 2
C0543,Individual,Joan,Parker,1947-07-23,F,USA,Texas,Home,2,Yes,Website,79,3,753145.67,251048.55666666667,350655.95,155769.09,862.8699999999999,2588.6099999999997,2,1,Home-Focused Buyers - Cluster 2
C0544,Individual,Kevin,White,1974-10-16,M,USA,Utah,Home,2,No,Website,51,4,1636756.28,409189.07,504689.77,278311.59,1326.2525,5305.01,1,0,Home-Focused Buyers
C0545,Individual,Paul,Griffin,1942-08-04,M,USA,Colorado,Home,1,Yes,Agency,84,3,1260126.39,420042.12999999995,532459.61,226783.93,1452.2633333333333,4356.79,1,0,Home-Focused Buyers
C0546,Individual,Samuel,Flores,1967-12-23,M,CANADA,Manitoba,Home,4,No,Client,58,3,795528.06,265176.02,306339.37,217297.0,932.37,2797.11,2,1,Home-Focused Buyers - Cluster 2
C0547,Individual,Diane,Allen,1947-09-20,F,USA,California,Investment,2,No,Agency,78,4,1178457.95,294614.4875,388928.18,236340.44,1028.3225,4113.29,2,0,Home-Focused Buyers - Cluster 2
C0548,Individual,Christopher,Foster,1980-04-11,M,USA,California,Home,2,No,Agency,46,3,1047476.9299999999,349158.9766666666,515231.68,225181.51,1186.4366666666667,3559.31,2,0,Home-Focused Buyers - Cluster 2
C0549,Individual,Daniel,Sanders,1972-10-15,M,USA,Florida,Home,4,No,Website,53,3,941219.76,313739.92,386941.83,170571.14,1082.75,3248.25,2,1,Home-Focused Buyers - Cluster 2
C0550,Company,Vertex,Co,1967-04-09,F,USA,Nevada,Home,1,No,Agency,59,4,1414568.09,353642.0225,445954.78,186656.42,1123.6174999999998,4494.469999999999,1,0,Home-Focused Buyers
C0551,Individual,Billy,Freeman,1960-05-17,M,USA,California,Investment,4,No,Website,66,3,1007397.56,335799.1866666667,543106.45,198798.52,1110.6233333333332,3331.87,2,1,Home-Focused Buyers - Cluster 2
C0552,Individual,Kyle,Cook,1965-10-20,M,USA,Virginia,Investment,3,No,Agency,60,3,1141476.56,380492.1866666667,546573.79,217380.34,1196.1733333333334,3588.52,1,1,Home-Focused Buyers
C0553,Individual,James,Bell,1978-11-26,M,USA,Arizona,Home,3,No,Website,47,3,821534.9400000001,273844.98000000004,375810.64,208569.64,897.3100000000001,2691.9300000000003,2,1,Home-Focused Buyers - Cluster 2
C0554,Individual,Carl,Moore,1948-12-24,M,AUSTRALIA,Victoria,Home,1,Yes,Agency,77,4,1643592.85,410898.2125,533306.66,225864.51,1295.2649999999999,5181.0599999999995,1,0,Home-Focused Buyers
C0555,Individual,Aaron,Nelson,1971-04-23,M,USA,California,Investment,4,Yes,Agency,55,3,1064533.27,354844.42333333334,507714.49,162856.39,1162.6166666666666,3487.85,2,1,Home-Focused Buyers - Cluster 2
C0556,Individual,Zachary,Sanders,1958-10-17,M,USA,Colorado,Home,5,No,Website,67,3,1335478.18,445159.3933333333,508776.17,410763.17,1526.9566666666667,4580.87,1,0,Home-Focused Buyers
C0557,Individual,Judy,Griffin,1941-09-25,F,USA,Utah,Investment,2,No,Website,84,3,733161.98,244387.32666666666,384719.5,124905.01,791.0400000000001,2373.1200000000003,2,0,Home-Focused Buyers - Cluster 2
C0558,Individual,Cheryl,Wood,1974-10-23,F,DENMARK,North Denmark,Home,3,No,Website,51,3,1033995.96,344665.32,492997.29,223827.64,1092.54,3277.62,2,0,Home-Focused Buyers - Cluster 2
C0559,Company,Corvus,Co,1969-08-18,M,USA,California,Home,5,No,Client,57,4,1004028.87,251007.2175,438095.92,151676.84,786.87,3147.48,2,1,Home-Focused Buyers - Cluster 2
C0560,Individual,Janice,Nelson,1988-04-20,F,AUSTRALIA,South Australia,Home,3,No,Website,38,3,1433718.12,477906.04000000004,575175.8,381525.18,1500.72,4502.16,1,0,Home-Focused Buyers
C0561,Company,Bravada,Co,1962-11-20,F,USA,Arizona,Investment,3,No,Website,63,4,1589252.43,397313.1075,503687.91,302307.79,1298.145,5192.58,1,0,Home-Focused Buyers
C0562,Individual,Judy,Peterson,1940-11-23,F,USA,Utah,Investment,5,Yes,Website,85,4,1423675.7200000002,355918.93000000005,604532.8,229357.3,1154.105,4616.42,1,1,Home-Focused Buyers
C0563,Individual,William,Howard,1991-01-22,M,USA,California,Home,2,Yes,Agency,35,4,1012807.9299999999,253201.98249999998,301398.29,207951.17,842.75,3371.0,2,1,Home-Focused Buyers - Cluster 2
C0564,Individual,Scott,Adams,1952-09-02,M,USA,Texas,Home,1,No,Agency,74,3,1135017.6,378339.2,600992.42,152268.3,1250.3066666666666,3750.92,1,0,Home-Focused Buyers
C0565,Individual,Austin,Wood,1985-09-26,M,FRANCE,Brittany,Home,1,No,Website,40,3,1043494.3200000001,347831.44,545741.02,163205.77,1167.2766666666666,3501.83,2,0,Home-Focused Buyers - Cluster 2
C0566,Individual,Janice,Miller,2000-12-09,F,USA,Oregon,Investment,4,Yes,Agency,25,4,1167701.9,291925.475,575087.19,128009.61,965.295,3861.18,2,1,Home-Focused Buyers - Cluster 2
C0567,Individual,Megan,Chavez,1953-10-07,F,RUSSIA,Saint Petersburg,Investment,2,Yes,Agency,72,4,1869286.1,467321.525,650710.38,333843.01,1546.3875,6185.55,1,0,Home-Focused Buyers
C0568,Individual,Timothy,Wright,1953-09-04,M,USA,California,Home,3,No,Website,73,3,944335.88,314778.62666666665,449151.55,232301.46,1015.9399999999999,3047.8199999999997,2,1,Home-Focused Buyers - Cluster 2
C0569,Individual,Mary,Cook,1971-12-05,F,USA,California,Home,5,Yes,Client,54,3,1384749.3,461583.10000000003,522654.07,420964.33,1460.493333333333,4381.48,1,1,Home-Focused Buyers
C0570,Individual,Hannah,Peterson,1965-06-03,F,FRANCE,Occitanie,Home,5,Yes,Website,61,4,1527210.47,381802.6175,526682.25,203633.01,1310.8225,5243.29,1,1,Home-Focused Buyers
C0571,Individual,Adam,Chavez,1966-07-03,M,USA,California,Home,3,No,Website,60,4,1549969.49,387492.3725,419927.79,340602.26,1458.93,5835.72,1,0,Home-Focused Buyers
C0572,Individual,Ann,Johnson,1993-11-12,F,USA,California,Investment,5,No,Website,32,4,1519677.44,379919.36,450012.44,257009.74,1228.8325,4915.33,1,0,Home-Focused Buyers
C0573,Company,Altira,Co,1977-04-24,M,USA,Georgia,Home,4,Yes,Agency,49,3,785842.76,261947.58666666667,427006.84,169300.68,849.7466666666668,2549.2400000000002,2,1,Home-Focused Buyers - Cluster 2
C0574,Individual,Gerald,Cox,1968-09-15,M,USA,California,Home,2,No,Agency,57,4,1261906.32,315476.58,523216.37,183932.23,1052.2475,4208.99,2,1,Home-Focused Buyers - Cluster 2
C0575,Individual,Brian,Hansen,1966-01-21,M,USA,California,Investment,2,No,Website,60,3,1018391.27,339463.75666666665,506852.64,164878.55,1107.81,3323.43,2,0,Home-Focused Buyers - Cluster 2
C0576,Individual,Terry,Reyes,1959-02-24,M,GERMANY,Hamburg,Home,1,No,Client,67,3,1047406.79,349135.5966666667,516482.69,245591.43,1082.8966666666668,3248.69,2,0,Home-Focused Buyers - Cluster 2
C0577,Individual,Christopher,Miller,1989-05-18,M,USA,Arizona,Home,3,No,Website,37,3,693899.0099999999,231299.66999999995,279379.41,165950.58,879.3433333333332,2638.0299999999997,2,1,Home-Focused Buyers - Cluster 2
C0578,Individual,Lauren,Rogers,1999-07-22,F,USA,Arizona,Home,5,Yes,Client,27,3,707276.53,235758.84333333335,266964.5,216531.18,899.7566666666667,2699.27,2,1,Home-Focused Buyers - Cluster 2
C0579,Individual,Christopher,Ward,1941-09-04,M,USA,Texas,Investment,3,No,Website,85,3,1198428.6400000001,399476.2133333334,592851.63,202307.22,1299.5366666666666,3898.61,1,0,Home-Focused Buyers
C0580,Individual,Heather,Watson,1948-11-01,F,USA,California,Home,2,Yes,Client,77,4,2158954.7800000003,539738.6950000001,620192.42,444157.13,1726.0575,6904.23,1,0,Home-Focused Buyers
C0581,Individual,Kimberly,Stewart,1957-12-21,F,USA,California,Investment,5,Yes,Website,68,4,1029755.56,257438.89,371216.71,147025.21,801.065,3204.26,2,1,Home-Focused Buyers - Cluster 2
C0582,Individual,Teresa,Pierce,1940-02-10,F,USA,Washington,Investment,3,Yes,Website,86,3,708559.1499999999,236186.3833333333,387349.97,129935.43,791.0400000000001,2373.1200000000003,2,1,Home-Focused Buyers - Cluster 2
C0583,Individual,Kevin,Scott,1986-10-27,M,USA,California,Home,2,No,Agency,39,4,1237228.18,309307.045,390024.91,196134.77,996.7025,3986.81,2,1,Home-Focused Buyers - Cluster 2
C0584,Individual,Janice,Taylor,1982-11-03,F,USA,California,Home,5,No,Website,43,3,1135691.62,378563.87333333335,501136.87,187291.27,1350.9733333333334,4052.92,1,1,Home-Focused Buyers
C0585,Individual,Anthony,Edwards,1961-02-07,M,USA,Colorado,Home,3,No,Agency,65,4,1003690.1799999999,250922.54499999998,298657.8,170341.14,886.4275,3545.71,2,1,Home-Focused Buyers - Cluster 2
C0586,Individual,Noah,Morales,1977-06-14,M,USA,California,Home,2,Yes,Client,49,3,1226524.31,408841.4366666667,553899.49,243379.65,1286.4266666666667,3859.28,1,0,Home-Focused Buyers
C0587,Individual,Pamela,Richardson,1992-11-24,F,USA,New York,Home,4,No,Website,33,4,1093439.8399999999,273359.95999999996,386382.22,154757.84,911.785,3647.14,2,1,Home-Focused Buyers - Cluster 2
C0588,Individual,Janice,White,1989-11-20,F,USA,Florida,Home,2,No,Website,36,4,1495976.1400000001,373994.03500000003,529783.19,272247.83,1271.345,5085.38,1,0,Home-Focused Buyers
C0589,Individual,Christopher,Williams,1946-09-21,M,USA,Texas,Investment,5,No,Client,79,4,1982246.22,495561.555,539246.07,389720.64,1699.3675,6797.47,1,0,Home-Focused Buyers
C0590,Individual,Arthur,Campbell,1966-09-16,M,UK,Scotland,Investment,2,No,Website,59,4,1105388.8900000001,276347.22250000003,364484.54,151439.51,935.765,3743.06,2,1,Home-Focused Buyers - Cluster 2
C0591,Individual,Dorothy,Long,1968-09-03,F,USA,Nevada,Home,1,No,Website,58,3,1336217.65,445405.8833333333,473238.41,407447.04,1460.493333333333,4381.48,1,0,Home-Focused Buyers
C0592,Individual,Roger,Moore,1972-03-06,M,USA,Arizona,Investment,2,No,Client,54,3,787516.58,262505.5266666667,353140.87,207013.27,851.4266666666667,2554.28,2,1,Home-Focused Buyers - Cluster 2
C0593,Individual,Elizabeth,Carter,1952-08-08,F,USA,California,Home,2,Yes,Agency,74,4,2012063.38,503015.845,578707.72,351694.47,1575.1075,6300.43,1,0,Home-Focused Buyers
C0594,Individual,Diane,Patterson,1942-08-02,F,USA,Utah,Home,1,No,Agency,84,3,1137572.87,379190.9566666667,501939.76,313882.7,1221.6766666666665,3665.0299999999997,1,0,Home-Focused Buyers
C0595,Individual,Anna,Murray,1966-10-06,F,USA,Utah,Home,3,No,Agency,59,3,914304.97,304768.3233333333,491381.22,158604.2,934.4333333333334,2803.3,2,1,Home-Focused Buyers - Cluster 2
C0596,Individual,Gerald,Phillips,1976-04-17,M,USA,Nevada,Home,4,No,Agency,50,4,1094771.49,273692.8725,349555.66,160146.36,1023.9675,4095.87,2,1,Home-Focused Buyers - Cluster 2
C0597,Individual,Peter,King,1986-02-17,M,UK,Northern Ireland,Home,2,Yes,Website,40,3,976844.1699999999,325614.7233333333,336562.17,317758.61,1033.6200000000001,3100.86,2,1,Home-Focused Buyers - Cluster 2
C0598,Individual,Jacob,Gray,1949-06-24,M,USA,Colorado,Investment,4,No,Website,77,4,1398930.7000000002,349732.67500000005,578866.18,140335.17,1135.53,4542.12,1,1,Home-Focused Buyers
C0599,Individual,Jennifer,Turner,1998-03-19,F,CANADA,Alberta,Home,2,No,Agency,28,3,1162815.78,387605.26,519841.25,222979.69,1354.0866666666668,4062.26,1,0,Home-Focused Buyers
C0600,Individual,Thomas,King,1984-03-17,M,USA,Oregon,Investment,1,No,Client,42,3,917709.61,305903.2033333333,331613.25,261905.49,1042.71,3128.13,2,1,Home-Focused Buyers - Cluster 2
C0601,Individual,Lisa,Nelson,1972-10-16,F,USA,California,Home,4,No,Website,53,4,1700411.72,425102.93,608461.19,260615.44,1307.3,5229.2,1,0,Home-Focused Buyers
C0602,Individual,Albert,Hayes,1984-03-24,M,GERMANY,Bavaria,Home,4,No,Agency,42,4,905508.82,226377.205,319887.69,174206.99,748.33,2993.32,2,1,Home-Focused Buyers - Cluster 2
C0603,Individual,Diane,Thompson,1994-01-07,F,USA,New York,Home,4,Yes,Agency,32,4,1218095.3,304523.825,402393.19,192057.65,1027.81,4111.24,2,1,Home-Focused Buyers - Cluster 2
C0604,Individual,Danielle,Montgomery,1998-09-17,F,BELGIUM,Wallonia,Home,1,No,Agency,27,3,791133.03,263711.01,427718.82,178243.97,919.0466666666666,2757.14,2,1,Home-Focused Buyers - Cluster 2
C0605,Individual,Nathan,Flores,1974-06-28,M,USA,Utah,Home,4,Yes,Agency,52,4,1407314.33,351828.5825,470883.03,272856.66,1267.07,5068.28,1,0,Home-Focused Buyers
C0606,Individual,Carolyn,Stone,1949-12-25,F,FRANCE,Ile-De-France,Investment,1,No,Website,76,3,1070969.53,356989.8433333333,442981.99,294198.85,1146.2633333333333,3438.79,2,1,Home-Focused Buyers - Cluster 2
C0607,Individual,Daniel,Edwards,1962-09-14,M,USA,California,Home,1,No,Agency,63,3,1125230.1199999999,375076.7066666666,381636.61,363367.6,1371.6133333333335,4114.84,1,0,Home-Focused Buyers
C0608,Individual,Jerry,Adams,1956-06-14,M,USA,California,Home,4,No,Agency,70,4,1201411.56,300352.89,564420.33,202760.5,1018.5225,4074.09,2,1,Home-Focused Buyers - Cluster 2
C0609,Individual,Julia,Richardson,1961-05-22,F,USA,Washington,Home,4,No,Agency,65,4,1307567.64,326891.91,539078.45,186418.6,1255.1325000000002,5020.530000000001,1,0,Home-Focused Buyers
C0610,Individual,Ann,Owens,1970-05-10,F,USA,California,Investment,4,No,Website,56,3,1178597.68,392865.8933333333,477431.41,250887.27,1339.73,4019.19,1,1,Home-Focused Buyers
C0611,Individual,Jacob,Price,1950-12-06,M,USA,California,Home,4,No,Agency,75,4,1142671.94,285667.985,433951.65,109548.52,997.415,3989.66,2,1,Home-Focused Buyers - Cluster 2
C0612,Individual,Kevin,Wood,1960-01-26,M,USA,Florida,Home,4,No,Agency,66,4,1671846.3,417961.575,633040.56,180342.16,1389.15,5556.6,1,0,Home-Focused Buyers
C0613,Individual,Cynthia,Cox,1995-10-02,F,AUSTRALIA,Victoria,Home,4,No,Agency,30,3,1186019.52,395339.84,447068.49,355893.16,1366.5633333333335,4099.6900000000005,1,0,Home-Focused Buyers
C0614,Individual,George,Bryant,1972-01-07,M,UK,Wales,Home,3,Yes,Website,54,4,1025958.38,256489.595,323890.25,210334.7,858.9825,3435.93,2,1,Home-Focused Buyers - Cluster 2
C0615,Individual,Jordan,King,1957-01-12,M,USA,Utah,Home,2,Yes,Website,69,4,919002.01,229750.5025,284149.74,165789.68,748.33,2993.32,2,1,Home-Focused Buyers - Cluster 2
C0616,Individual,Julie,Brooks,1963-04-17,F,USA,Virginia,Investment,1,Yes,Agency,63,3,1013364.3,337788.10000000003,519571.55,130514.41,1074.6233333333332,3223.87,2,1,Home-Focused Buyers - Cluster 2
C0617,Individual,Carolyn,Evans,1986-10-07,F,USA,Ohio,Home,5,Yes,Website,39,3,766861.21,255620.40333333332,408314.89,175491.09,849.6366666666667,2548.91,2,1,Home-Focused Buyers - Cluster 2
C0618,Individual,Austin,Taylor,1968-05-11,M,USA,Texas,Home,3,No,Agency,58,3,982803.0,327601.0,498882.11,195094.85,1113.29,3339.87,2,1,Home-Focused Buyers - Cluster 2
C0619,Individual,Heather,Morales,1970-04-25,F,USA,Washington,Home,4,No,Website,56,3,1411977.41,470659.13666666666,545321.51,381854.67,1471.8999999999999,4415.7,1,0,Home-Focused Buyers
C0620,Individual,Sarah,Howard,1960-04-22,F,FRANCE,Brittany,Home,3,No,Website,66,3,1532429.29,510809.76333333337,619177.19,428558.17,1504.28,4512.84,1,0,Home-Focused Buyers
C0621,Individual,Jonathan,Turner,1982-02-13,M,GERMANY,Bavaria,Investment,3,Yes,Agency,44,3,791609.11,263869.7033333333,372530.49,148566.34,869.7866666666667,2609.36,2,1,Home-Focused Buyers - Cluster 2
C0622,Individual,Katherine,Ward,1987-10-09,F,USA,Washington,Investment,2,No,Client,38,3,869334.73,289778.24333333335,353174.47,181705.84,980.8699999999999,2942.6099999999997,2,1,Home-Focused Buyers - Cluster 2
C0623,Individual,Jonathan,Adams,1986-04-27,M,USA,Florida,Investment,3,Yes,Client,40,4,1410333.45,352583.3625,490155.8,175980.46,1146.02,4584.08,1,1,Home-Focused Buyers
C0624,Individual,Carl,Jordan,2000-09-02,M,USA,Nevada,Investment,3,No,Agency,26,3,1215611.54,405203.8466666667,497030.07,234941.79,1413.8666666666668,4241.6,1,0,Home-Focused Buyers
C0625,Individual,Deborah,Hayes,1983-07-08,F,BELGIUM,Flanders,Investment,2,Yes,Agency,43,4,1000166.88,250041.72,308545.24,170552.15,851.0225,3404.09,2,1,Home-Focused Buyers - Cluster 2
C0626,Individual,Sara,Jones,1968-06-13,F,GERMANY,Hamburg,Investment,2,No,Website,58,3,1061694.1300000001,353898.0433333334,448491.59,212626.79,1244.5566666666666,3733.67,2,0,Home-Focused Buyers - Cluster 2
C0627,Individual,Katherine,Johnson,2000-11-07,F,USA,Arizona,Home,3,No,Agency,25,4,1870806.42,467701.605,562008.09,373065.95,1726.0575,6904.23,1,0,Home-Focused Buyers
C0628,Individual,Arthur,Campbell,1985-05-16,M,CANADA,British Columbia,Home,3,Yes,Agency,41,4,1623109.63,405777.4075,601135.7,211336.04,1250.39,5001.56,1,0,Home-Focused Buyers
C0629,Individual,Maria,Richardson,1946-07-09,F,USA,California,Investment,2,No,Agency,80,3,961721.77,320573.92333333334,404054.56,259068.93,1129.1766666666665,3387.5299999999997,2,0,Home-Focused Buyers - Cluster 2
C0630,Individual,Stephen,Roberts,1965-07-28,M,USA,California,Home,2,No,Website,61,4,1308077.6099999999,327019.40249999997,521382.1,217542.01,1075.5049999999999,4302.0199999999995,2,1,Home-Focused Buyers - Cluster 2
C0631,Individual,Dorothy,Flores,1966-12-11,F,USA,California,Home,5,No,Website,59,4,1534891.22,383722.805,458349.81,293846.83,1227.645,4910.58,1,0,Home-Focused Buyers
C0632,Individual,Thomas,Nelson,1948-05-16,M,UK,Northern Ireland,Home,4,No,Website,78,4,1146845.98,286711.495,386036.16,171733.24,947.7475,3790.99,2,1,Home-Focused Buyers - Cluster 2
C0633,Individual,Ann,Owens,1941-05-12,F,USA,Nevada,Home,3,No,Agency,85,4,1207516.26,301879.065,526337.84,187366.27,928.745,3714.98,2,1,Home-Focused Buyers - Cluster 2
C0634,Individual,Justin,Ward,1980-11-17,M,USA,Washington,Investment,4,Yes,Website,45,3,1181693.63,393897.87666666665,498320.91,222121.91,1393.1066666666666,4179.32,1,0,Home-Focused Buyers
C0635,Individual,Kimberly,King,1960-06-14,F,UK,Scotland,Investment,5,No,Website,66,3,1375700.03,458566.6766666667,503560.15,385520.65,1460.493333333333,4381.48,1,0,Home-Focused Buyers
C0636,Individual,Kathleen,Rogers,1980-11-10,F,FRANCE,Brittany,Home,5,No,Website,45,4,981810.0800000001,245452.52000000002,368940.08,148669.83,827.3575000000001,3309.4300000000003,2,1,Home-Focused Buyers - Cluster 2
C0637,Individual,Catherine,Stone,1967-08-14,F,USA,California,Home,2,No,Website,59,4,1602478.07,400619.5175,487674.6,297389.79,1296.5625,5186.25,1,0,Home-Focused Buyers
C0638,Individual,Jason,King,1975-02-04,M,USA,Ohio,Home,5,Yes,Website,51,4,1347045.42,336761.355,527612.39,206964.98,1204.4975,4817.99,1,0,Home-Focused Buyers
C0639,Individual,Mark,Campbell,1961-03-03,M,UK,Scotland,Home,3,Yes,Website,65,3,861670.72,287223.5733333333,446713.63,198594.76,1008.1300000000001,3024.3900000000003,2,1,Home-Focused Buyers - Cluster 2
C0640,Individual,Emily,Thompson,1967-03-01,F,USA,Utah,Home,3,No,Agency,59,3,772950.1699999999,257650.05666666664,339275.85,158974.32,915.6366666666667,2746.91,2,1,Home-Focused Buyers - Cluster 2
C0641,Company,Zynex,Co,1994-02-26,M,USA,Arizona,Home,2,No,Agency,32,3,1217213.26,405737.75333333336,463667.58,334381.13,1240.6066666666666,3721.8199999999997,1,0,Home-Focused Buyers
C0642,Individual,Julia,Reyes,1967-11-21,F,USA,California,Home,4,No,Website,58,3,1027140.61,342380.2033333333,512135.16,245867.49,1161.5433333333333,3484.63,2,1,Home-Focused Buyers - Cluster 2
C0643,Individual,Samantha,Richardson,1974-05-05,F,USA,California,Home,5,No,Website,52,3,928645.01,309548.33666666667,376815.49,183881.37,1016.5033333333334,3049.51,2,1,Home-Focused Buyers - Cluster 2
C0644,Individual,Teresa,Johnson,1956-08-25,F,USA,California,Home,4,Yes,Agency,70,3,1549624.23,516541.41,599850.78,412697.67,1630.1366666666665,4890.41,1,0,Home-Focused Buyers
C0645,Individual,Arthur,Cox,1988-07-18,M,USA,Nevada,Home,2,No,Client,38,3,731453.53,243817.84333333335,268604.55,219862.84,862.11,2586.33,2,1,Home-Focused Buyers - Cluster 2
C0646,Individual,Cynthia,Campbell,1995-07-21,F,USA,Arizona,Investment,5,No,Agency,31,3,1325311.83,441770.61000000004,479212.8,388946.75,1464.0166666666667,4392.05,1,0,Home-Focused Buyers
C0647,Individual,Victoria,Green,1946-02-06,F,USA,California,Home,4,No,Agency,80,4,2115520.42,528880.105,647138.13,421336.89,1676.3825,6705.53,1,0,Home-Focused Buyers
C0648,Individual,Stephanie,Reed,1999-03-02,F,USA,California,Home,1,Yes,Website,27,4,1142985.38,285746.345,404330.66,173779.21,984.6475,3938.59,2,1,Home-Focused Buyers - Cluster 2
C0649,Individual,Patricia,Mitchell,1995-03-01,F,USA,California,Home,4,No,Agency,31,4,1401448.51,350362.1275,511233.23,238812.89,1136.6925,4546.77,1,1,Home-Focused Buyers
C0650,Company,Polaris,Co,1976-02-19,M,FRANCE,Occitanie,Home,3,Yes,Client,50,3,799742.26,266580.75333333336,290736.09,252741.45,932.37,2797.11,2,1,Home-Focused Buyers - Cluster 2
C0651,Company,Horizon,Co,1993-01-14,M,USA,Washington,Home,1,No,Agency,33,4,1077094.73,269273.6825,398037.98,187120.57,948.7574999999999,3795.0299999999997,2,1,Home-Focused Buyers - Cluster 2
C0652,Individual,Heather,Johnson,1993-12-08,F,USA,Washington,Home,2,No,Website,32,3,904157.22,301385.74,439896.91,203347.49,985.5433333333334,2956.63,2,1,Home-Focused Buyers - Cluster 2
C0653,Individual,Gerald,Adams,1970-07-22,M,USA,Ohio,Home,2,No,Client,56,4,1215543.15,303885.7875,421423.2,178170.39,1053.27,4213.08,2,1,Home-Focused Buyers - Cluster 2
C0654,Individual,Eric,Griffin,1960-05-07,M,USA,New York,Home,2,Yes,Website,66,3,865293.89,288431.2966666667,388799.01,232742.76,1015.9399999999999,3047.8199999999997,2,1,Home-Focused Buyers - Cluster 2
C0655,Individual,Patricia,King,1950-05-19,F,USA,Nevada,Home,1,Yes,Agency,76,3,1071763.22,357254.4066666667,438371.45,292783.1,1138.4233333333334,3415.27,2,1,Home-Focused Buyers - Cluster 2
C0656,Individual,Amber,Allen,1977-02-08,F,USA,Colorado,Home,5,No,Client,49,4,1288383.38,322095.845,505553.38,164194.34,1190.4075,4761.63,2,1,Home-Focused Buyers - Cluster 2
C0657,Individual,Alexander,Allen,1956-09-26,M,USA,California,Home,2,No,Agency,69,3,1258111.3199999998,419370.43999999994,593053.61,260940.86,1338.1466666666668,4014.44,1,0,Home-Focused Buyers
C0658,Individual,Kelly,Green,1999-12-13,F,USA,Virginia,Home,3,Yes,Agency,26,3,1122021.28,374007.0933333333,491470.69,276330.88,1271.67,3815.01,1,1,Home-Focused Buyers
C0659,Individual,Sara,Foster,1988-10-06,F,USA,California,Home,4,Yes,Agency,37,4,1000550.86,250137.715,315923.54,173467.51,832.615,3330.46,2,1,Home-Focused Buyers - Cluster 2
C0660,Individual,Charles,Kim,1991-08-10,M,USA,Arizona,Home,4,Yes,Client,35,3,1148308.35,382769.45,425964.32,348352.52,1337.0533333333333,4011.16,1,1,Home-Focused Buyers
C0661,Individual,Deborah,Williams,1961-06-25,F,CANADA,Manitoba,Home,3,No,Website,65,4,1627713.0499999998,406928.26249999995,621646.32,299605.04,1299.3274999999999,5197.3099999999995,1,0,Home-Focused Buyers
C0662,Individual,Stephanie,Kim,1957-08-25,F,USA,California,Investment,3,No,Website,69,4,1520239.97,380059.9925,524135.1,232325.48,1175.235,4700.94,1,0,Home-Focused Buyers
C0663,Individual,Anthony,Flores,1958-02-02,M,USA,California,Home,2,Yes,Agency,68,4,1544313.34,386078.335,601666.05,231176.25,1234.8075,4939.23,1,0,Home-Focused Buyers
C0664,Individual,Lawrence,Wood,1958-08-17,M,CANADA,Alberta,Investment,5,Yes,Website,68,4,1063024.57,265756.1425,369441.6,139782.57,897.47,3589.88,2,1,Home-Focused Buyers - Cluster 2
C0665,Individual,Robert,Adams,1959-08-27,M,USA,Colorado,Investment,1,No,Agency,67,3,704886.02,234962.00666666668,259327.23,212548.64,765.68,2297.04,2,1,Home-Focused Buyers - Cluster 2
C0666,Individual,Maria,Davis,1948-10-09,F,USA,California,Investment,1,No,Website,77,4,1532074.27,383018.5675,533934.58,312185.78,1271.345,5085.38,1,0,Home-Focused Buyers
C0667,Individual,Anthony,Mitchell,1966-07-07,M,USA,Arizona,Investment,2,No,Agency,60,4,1486560.06,371640.015,528551.13,223901.16,1295.2649999999999,5181.0599999999995,1,0,Home-Focused Buyers
C0668,Individual,Margaret,Peterson,1978-11-15,F,FRANCE,Ile-De-France,Investment,4,Yes,Website,47,4,987175.01,246793.7525,407789.69,118024.61,824.2025,3296.81,2,1,Home-Focused Buyers - Cluster 2
C0669,Individual,Cheryl,Bell,1958-03-18,F,CANADA,British Columbia,Home,3,No,Agency,68,3,1366533.49,455511.16333333333,540922.9,337688.76,1599.3433333333332,4798.03,1,0,Home-Focused Buyers
C0670,Company,Altira,Co,1976-06-18,M,USA,Nevada,Investment,4,No,Website,50,3,1631973.5499999998,543991.1833333332,625384.45,450541.6,1800.45,5401.35,1,0,Home-Focused Buyers
C0671,Individual,Jerry,Pierce,1941-12-09,M,USA,Colorado,Home,4,Yes,Client,84,3,759678.12,253226.04,361032.68,181792.91,849.6366666666667,2548.91,2,1,Home-Focused Buyers - Cluster 2
C0672,Individual,Amber,Williams,1967-03-10,F,USA,California,Home,2,No,Website,59,3,1301968.05,433989.35000000003,535756.29,246241.4,1452.2633333333333,4356.79,1,0,Home-Focused Buyers
C0673,Individual,Janice,Hayes,1965-10-19,F,USA,California,Home,4,No,Website,60,3,870503.9000000001,290167.96666666673,319736.59,236471.53,1012.96,3038.88,2,1,Home-Focused Buyers - Cluster 2
C0674,Individual,Judy,Turner,1986-05-26,F,USA,California,Investment,4,No,Website,40,4,1733438.52,433359.63,584942.34,264096.57,1365.9450000000002,5463.780000000001,1,0,Home-Focused Buyers
C0675,Individual,Andrea,Wright,1969-12-23,F,USA,Texas,Home,5,No,Website,56,3,1117159.17,372386.38999999996,528517.95,275203.33,1113.29,3339.87,2,1,Home-Focused Buyers - Cluster 2
C0676,Individual,Lisa,Davis,1942-06-12,F,USA,Nevada,Home,2,No,Agency,84,3,1022396.03,340798.6766666667,478630.37,124485.23,989.0566666666667,2967.17,2,1,Home-Focused Buyers - Cluster 2
C0677,Individual,Jerry,Miller,1981-09-02,M,USA,Arizona,Investment,2,No,Agency,45,4,1217015.1099999999,304253.77749999997,362582.49,188272.1,1024.3375,4097.35,2,1,Home-Focused Buyers - Cluster 2
C0678,Individual,Joseph,Watson,1972-10-19,M,USA,California,Home,4,Yes,Website,53,3,904050.87,301350.29,449002.59,212891.5,897.3100000000001,2691.9300000000003,2,1,Home-Focused Buyers - Cluster 2
C0679,Individual,Lisa,Patterson,1964-12-02,F,USA,Nevada,Home,1,No,Agency,61,4,1945371.6800000002,486342.92000000004,542183.91,409624.51,1726.0575,6904.23,1,0,Home-Focused Buyers
C0680,Individual,Andrew,Griffin,1965-04-16,M,USA,Utah,Investment,2,No,Agency,61,4,1533727.71,383431.9275,527252.15,162825.0,1333.2775,5333.11,1,0,Home-Focused Buyers
C0681,Company,Helios,Co,1977-04-25,F,USA,California,Home,3,No,Agency,49,4,736696.97,184174.2425,258314.7,114846.15,658.8625,2635.45,2,1,Home-Focused Buyers - Cluster 2
C0682,Individual,Donald,Bennett,1973-06-12,M,USA,California,Home,5,No,Website,53,4,1436006.22,359001.555,454375.43,157671.38,1214.5625,4858.25,1,0,Home-Focused Buyers
C0683,Individual,Patrick,Jordan,1948-08-20,M,USA,Colorado,Home,2,Yes,Agency,78,3,1216565.53,405521.8433333333,484751.08,286554.21,1463.22,4389.66,1,0,Home-Focused Buyers
C0684,Individual,Donald,Miller,1985-10-05,M,USA,California,Home,1,No,Agency,40,4,1402625.45,350656.3625,472614.44,132138.97,1120.62,4482.48,1,1,Home-Focused Buyers
C0685,Individual,Sharon,Hansen,1987-04-18,F,USA,Washington,Home,5,No,Agency,39,3,1129835.06,376611.6866666667,632201.17,131819.04,1228.5033333333333,3685.51,1,1,Home-Focused Buyers
C0686,Individual,Michael,Howard,1963-11-17,M,USA,California,Home,1,Yes,Website,62,3,1250166.33,416722.11000000004,528510.9,345446.82,1369.7300000000002,4109.1900000000005,1,0,Home-Focused Buyers
C0687,Individual,Susan,Long,1959-01-03,F,USA,Utah,Home,3,Yes,Website,67,4,1532604.0,383151.0,720425.67,220051.06,1210.7375000000002,4842.950000000001,1,0,Home-Focused Buyers
C0688,Individual,Kathleen,Howard,1968-12-04,F,USA,Colorado,Investment,5,Yes,Website,57,4,1093762.42,273440.605,415205.7,164217.44,868.5725,3474.29,2,1,Home-Focused Buyers - Cluster 2
C0689,Individual,Ann,Williams,1998-04-17,F,USA,California,Home,4,No,Website,28,3,1051259.37,350419.79000000004,433353.3,264146.36,1186.05,3558.1499999999996,2,1,Home-Focused Buyers - Cluster 2
C0690,Individual,Janet,Stewart,1985-09-09,F,USA,Oregon,Home,4,Yes,Agency,41,4,1402023.24,350505.81,527730.49,172726.4,1150.3275,4601.31,1,0,Home-Focused Buyers
C0691,Individual,Kenneth,Bell,1943-07-22,M,USA,California,Investment,4,No,Agency,83,4,948552.89,237138.2225,307826.14,184248.76,816.16,3264.64,2,1,Home-Focused Buyers - Cluster 2
C0692,Individual,Adam,Roberts,1964-03-14,M,USA,Georgia,Investment,3,No,Agency,62,4,1206585.87,301646.4675,395284.05,178721.82,1011.5875,4046.35,2,1,Home-Focused Buyers - Cluster 2
C0693,Individual,Jesse,Chavez,1957-04-28,M,USA,California,Investment,5,Yes,Agency,69,4,1831502.92,457875.73,572810.16,278284.91,1498.6825,5994.73,1,0,Home-Focused Buyers
C0694,Company,Sterling,Co,1989-07-13,M,UK,Scotland,Investment,2,No,Website,37,4,1287767.07,321941.7675,382289.82,182434.9,1063.04,4252.16,2,1,Home-Focused Buyers - Cluster 2
C0695,Individual,Timothy,Rogers,1947-03-24,M,USA,Washington,Home,4,No,Website,79,3,870451.65,290150.55,381213.39,203127.74,934.8733333333333,2804.62,2,1,Home-Focused Buyers - Cluster 2
C0696,Individual,Carol,Green,1994-03-06,F,USA,Washington,Investment,5,Yes,Agency,32,4,1417025.49,354256.3725,610973.17,254439.1,1246.6175,4986.47,1,1,Home-Focused Buyers
C0697,Individual,Bryan,Mitchell,1986-11-01,M,USA,California,Investment,4,Yes,Agency,39,4,1203571.2,300892.8,529206.1,169315.54,1036.6525,4146.61,2,1,Home-Focused Buyers - Cluster 2
C0698,Individual,Maria,Scott,1946-07-16,F,USA,California,Home,2,Yes,Website,80,4,1560635.51,390158.8775,575207.87,260227.69,1286.9575,5147.83,1,0,Home-Focused Buyers
C0699,Individual,Stephen,Bennett,1986-12-22,M,USA,Washington,Home,1,Yes,Agency,39,3,1292445.15,430815.05,497579.57,299400.1,1357.1933333333334,4071.58,1,0,Home-Focused Buyers
C0700,Individual,Christine,Sanders,1944-04-14,F,USA,Washington,Home,5,No,Website,82,3,724453.7,241484.56666666665,302845.83,192322.86,851.4266666666667,2554.28,2,1,Home-Focused Buyers - Cluster 2
C0701,Individual,Danielle,Peterson,1962-09-17,F,UK,England,Investment,1,No,Website,63,4,1318537.76,329634.44,610952.85,212665.55,1050.5725,4202.29,2,0,Home-Focused Buyers - Cluster 2
C0702,Individual,Nicholas,Flores,1966-07-24,M,USA,Arizona,Home,5,No,Agency,60,3,1215022.0,405007.3333333333,437978.56,342941.15,1303.7766666666666,3911.33,1,1,Home-Focused Buyers
C0703,Company,Elara,Co,1984-05-15,M,USA,Colorado,Home,3,No,Website,42,3,938073.5700000001,312691.19,394037.08,219537.26,1023.8800000000001,3071.6400000000003,2,1,Home-Focused Buyers - Cluster 2
C0704,Individual,Nicole,Jordan,1942-01-23,F,USA,Georgia,Home,4,No,Agency,84,3,1130778.86,376926.2866666667,431012.78,334482.01,1194.9266666666665,3584.7799999999997,1,1,Home-Focused Buyers
C0705,Individual,Timothy,Murray,1940-12-18,M,USA,Nevada,Home,3,No,Website,85,3,1643383.67,547794.5566666666,670575.87,469223.8,1680.5266666666666,5041.58,1,0,Home-Focused Buyers
C0706,Individual,Kyle,Thomas,1984-06-23,M,UK,England,Investment,2,No,Client,42,3,1034954.84,344984.94666666666,437082.22,185735.17,1162.6166666666666,3487.85,2,1,Home-Focused Buyers - Cluster 2
C0707,Individual,Zachary,Richardson,1995-09-23,M,USA,Virginia,Home,5,Yes,Website,30,4,1171255.22,292813.805,399196.41,104509.38,956.935,3827.74,2,1,Home-Focused Buyers - Cluster 2
C0708,Individual,Brian,Cook,1964-11-28,M,USA,California,Home,2,No,Client,61,3,1539340.8699999999,513113.6233333333,658501.84,230696.3,1523.6933333333334,4571.08,1,0,Home-Focused Buyers
C0709,Individual,Samantha,Price,1982-11-06,F,USA,Georgia,Home,2,Yes,Agency,43,4,1233960.52,308490.13,558878.17,157957.15,1009.23,4036.92,2,1,Home-Focused Buyers - Cluster 2
C0710,Individual,Kyle,Bryant,1946-08-18,M,USA,Oregon,Home,2,Yes,Agency,80,4,1158001.3599999999,289500.33999999997,510596.18,151955.73,939.3575,3757.43,2,1,Home-Focused Buyers - Cluster 2
C0711,Individual,Victoria,Hughes,1995-10-20,F,USA,California,Investment,3,No,Agency,30,4,1045658.54,261414.635,383676.59,194186.18,905.7525,3623.01,2,1,Home-Focused Buyers - Cluster 2
C0712,Individual,Joseph,Scott,1991-01-21,M,USA,California,Home,1,No,Agency,35,3,701688.31,233896.10333333336,311645.47,140986.81,842.68,2528.04,2,1,Home-Focused Buyers - Cluster 2
C0713,Individual,Debra,Thomas,1997-02-14,F,USA,California,Investment,3,No,Agency,29,3,946537.74,315512.58,467446.4,178814.53,1125.17,3375.51,2,1,Home-Focused Buyers - Cluster 2
C0714,Individual,Kyle,Murray,1977-01-03,M,RUSSIA,Saint Petersburg,Home,3,No,Website,49,3,1520218.18,506739.3933333333,606614.22,446411.88,1680.5266666666666,5041.58,1,0,Home-Focused Buyers
C0715,Individual,Janice,Wilson,1982-08-05,F,USA,Utah,Home,3,No,Website,44,3,1151372.75,383790.9166666667,523101.86,221164.52,1340.7666666666667,4022.3,1,1,Home-Focused Buyers
C0716,Individual,Jordan,Davis,1994-10-24,M,UK,Northern Ireland,Home,1,No,Client,31,3,1173245.74,391081.91333333333,512554.33,279331.2,1334.1000000000001,4002.3,1,1,Home-Focused Buyers
C0717,Individual,Virginia,Weaver,1946-06-09,F,USA,Arizona,Investment,3,Yes,Agency,80,3,1000529.6699999999,333509.88999999996,419346.92,263898.13,1156.5633333333333,3469.69,2,1,Home-Focused Buyers - Cluster 2
C0718,Individual,Martha,Scott,1944-10-08,F,FRANCE,Ile-De-France,Home,2,Yes,Website,81,3,900157.9099999999,300052.63666666666,406298.92,190909.23,1123.8033333333333,3371.41,2,1,Home-Focused Buyers - Cluster 2
C0719,Individual,Jason,Jordan,1974-07-02,M,USA,California,Investment,2,Yes,Agency,52,3,912916.77,304305.59,359309.3,205598.72,1023.8800000000001,3071.6400000000003,2,1,Home-Focused Buyers - Cluster 2
C0720,Individual,Shirley,Wilson,1981-05-17,F,USA,California,Investment,1,Yes,Agency,45,4,844316.69,211079.1725,257796.8,163987.28,678.3725,2713.49,2,1,Home-Focused Buyers - Cluster 2
C0721,Individual,Julia,Jordan,1999-03-07,F,USA,Florida,Home,4,No,Website,27,4,1167212.02,291803.005,468906.08,131473.18,939.4875,3757.95,2,1,Home-Focused Buyers - Cluster 2
C0722,Individual,Carol,Sanders,1943-09-11,F,USA,Texas,Home,1,No,Website,83,3,936104.05,312034.68333333335,428259.32,245566.63,1033.4833333333333,3100.45,2,0,Home-Focused Buyers - Cluster 2
C0723,Individual,Ann,Hansen,1999-04-19,F,GERMANY,North Rhine-Westphalia,Home,3,Yes,Website,27,3,1554043.79,518014.5966666667,641498.15,441706.47,1671.7666666666667,5015.3,1,0,Home-Focused Buyers
C0724,Individual,Samuel,Howard,1960-09-27,M,USA,Arizona,Investment,4,Yes,Agency,65,4,1564795.28,391198.82,595879.26,166487.84,1255.1325000000002,5020.530000000001,1,0,Home-Focused Buyers
C0725,Individual,Katherine,Jones,1983-07-03,F,USA,New York,Home,3,No,Website,43,3,1557779.53,519259.8433333333,566513.0,480390.25,1733.68,5201.04,1,0,Home-Focused Buyers
C0726,Individual,Melissa,Harris,1977-01-25,F,USA,Georgia,Home,4,No,Website,49,4,1055406.17,263851.5425,377502.89,163367.5,901.245,3604.98,2,1,Home-Focused Buyers - Cluster 2
C0727,Individual,Ronald,Bell,1941-08-24,M,USA,California,Investment,3,Yes,Client,85,4,1924218.25,481054.5625,675285.62,235978.85,1425.7675,5703.07,1,0,Home-Focused Buyers
C0728,Individual,Jason,Jones,1971-07-23,M,USA,California,Home,3,Yes,Agency,55,3,896046.43,298682.14333333337,421724.13,205316.4,934.8733333333333,2804.62,2,1,Home-Focused Buyers - Cluster 2
C0729,Individual,Raymond,Long,1944-01-04,M,USA,Washington,Investment,3,Yes,Agency,82,3,1100578.42,366859.4733333333,489878.14,212131.44,1280.28,3840.84,1,0,Home-Focused Buyers
C0730,Individual,Gregory,Baker,1988-05-09,M,USA,California,Investment,4,No,Website,38,3,1395460.54,465153.51333333337,629261.99,256720.02,1435.6633333333332,4306.99,1,0,Home-Focused Buyers
C0731,Individual,Larry,Harris,2000-10-18,M,USA,California,Home,5,No,Agency,25,4,2163873.35,540968.3375,579753.4,493329.54,1699.3675,6797.47,1,0,Home-Focused Buyers
C0732,Individual,Justin,Peterson,1985-03-03,M,USA,Oregon,Home,5,No,Website,41,4,1763602.47,440900.6175,561731.1,316603.14,1454.35,5817.4,1,0,Home-Focused Buyers
C0733,Individual,Susan,White,1976-01-03,F,USA,Nevada,Home,5,No,Agency,50,3,1610480.1,536826.7000000001,622128.29,424125.21,1609.0333333333335,4827.1,1,0,Home-Focused Buyers
C0734,Individual,Danielle,Ward,1981-06-27,F,USA,Virginia,Investment,5,Yes,Client,45,3,894573.22,298191.0733333333,455010.72,201555.86,1077.3333333333333,3232.0,2,1,Home-Focused Buyers - Cluster 2
C0735,Individual,Matthew,Long,1994-08-10,M,GERMANY,Hesse,Investment,4,No,Website,32,3,1082670.51,360890.17,470123.96,210611.2,1129.1766666666665,3387.5299999999997,2,1,Home-Focused Buyers - Cluster 2
C0736,Individual,Jordan,Campbell,1942-06-13,M,USA,Utah,Investment,3,No,Agency,84,3,961660.45,320553.48333333334,476537.31,215529.32,1049.5133333333333,3148.54,2,1,Home-Focused Buyers - Cluster 2
C0737,Individual,Harold,Harris,1978-08-15,M,USA,California,Investment,3,No,Agency,48,3,1271295.42,423765.13999999996,517724.81,262773.49,1435.6633333333332,4306.99,1,0,Home-Focused Buyers
C0738,Individual,Jose,White,1980-09-21,M,USA,Texas,Home,5,No,Website,45,4,1217179.49,304294.8725,464608.3,169224.66,955.7625,3823.05,2,1,Home-Focused Buyers - Cluster 2
C0739,Individual,Albert,Turner,1965-03-16,M,USA,California,Home,2,No,Agency,61,4,1239915.48,309978.87,442471.98,194671.4,1096.12,4384.48,2,1,Home-Focused Buyers - Cluster 2
C0740,Individual,Julia,Bell,1966-12-08,F,USA,Utah,Investment,1,No,Client,59,3,1150084.72,383361.5733333333,580909.55,258574.46,1176.2366666666667,3528.71,1,0,Home-Focused Buyers
C0741,Individual,Sandra,Stone,1962-08-11,F,USA,California,Home,2,No,Website,64,3,808100.3,269366.76666666666,318066.48,241777.75,952.0733333333334,2856.2200000000003,2,1,Home-Focused Buyers - Cluster 2
C0742,Individual,Bryan,Howard,1980-08-21,M,UK,Wales,Home,1,Yes,Website,46,3,943082.4199999999,314360.80666666664,424586.91,142151.84,1078.7866666666666,3236.3599999999997,2,1,Home-Focused Buyers - Cluster 2
C0743,Individual,Joshua,Allen,1972-09-10,M,USA,Oregon,Investment,4,Yes,Website,54,3,973707.31,324569.10333333333,437490.2,197503.46,1145.4666666666665,3436.3999999999996,2,1,Home-Focused Buyers - Cluster 2
C0744,Individual,Helen,Morales,1950-11-10,F,USA,Virginia,Home,1,No,Website,75,3,947393.7,315797.89999999997,425904.8,228194.83,939.3299999999999,2817.99,2,0,Home-Focused Buyers - Cluster 2
C0745,Individual,Emily,Collins,1997-06-18,F,USA,California,Investment,5,No,Website,29,4,1137226.12,284306.53,457379.31,145614.58,940.485,3761.94,2,1,Home-Focused Buyers - Cluster 2
C0746,Individual,Gary,Reyes,1956-10-13,M,UK,Scotland,Home,4,No,Website,69,4,1485041.45,371260.3625,474858.86,185140.26,1120.62,4482.48,1,1,Home-Focused Buyers
C0747,Individual,George,Patterson,1992-04-18,M,USA,Florida,Home,4,Yes,Website,34,3,1321142.35,440380.7833333334,565444.67,239629.75,1435.6633333333332,4306.99,1,0,Home-Focused Buyers
C0748,Company,Vantage,Co,1974-03-05,F,USA,California,Home,1,Yes,Client,52,3,1188736.23,396245.41,484844.4,259885.32,1332.34,3997.02,1,0,Home-Focused Buyers
C0749,Individual,Dorothy,Anderson,1992-11-26,F,USA,New York,Home,5,No,Agency,33,3,1170883.93,390294.6433333333,526465.62,243877.45,1258.6899999999998,3776.0699999999997,1,1,Home-Focused Buyers
C0750,Individual,Janice,Price,1976-06-08,F,USA,Nevada,Investment,1,No,Agency,50,3,887696.78,295898.9266666667,533052.17,149645.32,964.2666666666665,2892.7999999999997,2,1,Home-Focused Buyers - Cluster 2
C0751,Individual,Keith,Parker,1974-09-19,M,USA,California,Home,5,No,Client,51,4,1055948.97,263987.2425,335648.24,177452.66,967.0,3868.0,2,1,Home-Focused Buyers - Cluster 2
C0752,Individual,Lisa,Young,1954-12-17,F,BELGIUM,Brussels,Investment,3,No,Agency,71,4,836214.24,209053.56,237539.69,177998.09,725.4225,2901.69,2,1,Home-Focused Buyers - Cluster 2
C0753,Individual,Nicholas,Patterson,1960-12-22,M,GERMANY,Hamburg,Home,5,No,Website,65,4,1053102.32,263275.58,360664.73,190314.12,868.5725,3474.29,2,1,Home-Focused Buyers - Cluster 2
C0754,Individual,Teresa,Johnson,1970-08-17,F,USA,Arizona,Investment,3,No,Website,56,4,1300009.56,325002.39,370723.42,269296.29,1037.4175,4149.67,2,0,Home-Focused Buyers - Cluster 2
C0755,Company,Celera,Co,1967-12-23,F,USA,California,Home,5,No,Website,58,3,1040997.25,346999.0833333333,348797.92,345419.11,1286.4833333333333,3859.45,1,1,Home-Focused Buyers
C0756,Individual,Jessica,Patterson,1963-03-19,F,USA,Utah,Home,5,Yes,Website,63,3,785768.09,261922.69666666666,349788.42,145680.6,934.8733333333333,2804.62,2,1,Home-Focused Buyers - Cluster 2
C0757,Individual,Keith,Taylor,1946-05-09,M,USA,Oregon,Home,3,Yes,Website,80,4,1392690.1199999999,348172.52999999997,566678.96,222102.75,1053.27,4213.08,2,0,Home-Focused Buyers - Cluster 2
C0758,Individual,Joe,Allen,1958-08-12,M,USA,California,Investment,2,No,Website,68,4,1135189.16,283797.29,453645.31,170058.93,928.1775,3712.71,2,1,Home-Focused Buyers - Cluster 2
C0759,Individual,Samuel,Anderson,1991-10-27,M,USA,Florida,Home,4,No,Website,34,3,1327801.32,442600.44,605700.56,218992.09,1451.5366666666666,4354.61,1,0,Home-Focused Buyers
C0760,Individual,Amanda,Adams,1964-12-27,F,USA,California,Investment,3,No,Website,61,4,1288008.21,322002.0525,520039.4,199623.02,1133.69,4534.76,2,0,Home-Focused Buyers - Cluster 2
C0761,Individual,Joyce,Patterson,1981-08-24,F,BELGIUM,Flanders,Home,2,No,Agency,45,4,1387948.07,346987.0175,575218.75,193159.98,1134.4225000000001,4537.6900000000005,2,0,Home-Focused Buyers - Cluster 2
C0762,Individual,Anna,Young,1967-07-01,F,USA,Ohio,Home,4,No,Website,59,4,1456185.33,364046.3325,485326.73,138735.2,1313.38,5253.52,1,0,Home-Focused Buyers
C0763,Company,Summit,Co,1971-07-18,F,USA,Georgia,Home,3,No,Agency,55,3,1036781.97,345593.99,394871.49,278334.73,1152.5966666666666,3457.79,2,1,Home-Focused Buyers - Cluster 2
C0764,Individual,Debra,Parker,1983-02-09,F,UK,Northern Ireland,Investment,4,No,Client,43,4,1670624.74,417656.185,596267.69,249430.34,1441.655,5766.62,1,0,Home-Focused Buyers
C0765,Individual,Joe,Green,1967-06-22,M,FRANCE,Brittany,Home,3,No,Website,59,4,1516418.29,379104.5725,556439.7,195020.26,1260.0625,5040.25,1,0,Home-Focused Buyers
C0766,Individual,Robert,Bennett,1994-09-04,M,GERMANY,North Rhine-Westphalia,Home,3,Yes,Client,32,4,1601876.1400000001,400469.03500000003,587630.43,197536.31,1286.2725,5145.09,1,0,Home-Focused Buyers
C0767,Individual,David,Brown,1961-02-02,M,CANADA,British Columbia,Investment,2,No,Agency,65,4,1403932.48,350983.12,485150.67,200706.98,1242.0825,4968.33,1,0,Home-Focused Buyers
C0768,Individual,Matthew,Weaver,1992-07-22,M,DENMARK,Southern Denmark,Investment,5,Yes,Website,34,3,1048127.47,349375.8233333333,527746.08,240529.29,1163.8866666666665,3491.66,2,1,Home-Focused Buyers - Cluster 2
C0769,Individual,Nicole,Long,1958-02-21,F,USA,Ohio,Home,4,No,Agency,68,3,675607.7899999999,225202.59666666665,324271.22,155277.3,753.3133333333334,2259.94,2,1,Home-Focused Buyers - Cluster 2
C0770,Individual,Shirley,Hall,1951-02-09,F,RUSSIA,Krasnodar Krai,Home,4,No,Website,75,3,984598.73,328199.57666666666,535533.08,140749.68,1104.51,3313.53,2,1,Home-Focused Buyers - Cluster 2
C0771,Company,Quasar,Co,1984-06-09,M,USA,California,Home,1,No,Website,42,4,1856997.08,464249.27,728976.07,337560.83,1408.3274999999999,5633.3099999999995,1,0,Home-Focused Buyers
C0772,Individual,Ethan,White,1991-09-25,M,USA,California,Investment,1,No,Client,34,3,911164.52,303721.50666666665,332253.48,250072.13,1038.2,3114.6,2,1,Home-Focused Buyers - Cluster 2
C0773,Individual,Christopher,Taylor,1964-12-09,M,RUSSIA,Saint Petersburg,Home,1,No,Website,61,4,1451465.46,362866.365,514489.27,222919.3,1153.0825,4612.33,1,1,Home-Focused Buyers
C0774,Individual,David,Wood,1983-03-23,M,USA,Georgia,Home,5,Yes,Agency,43,3,999792.6799999999,333264.2266666666,564194.97,194717.01,1144.8033333333333,3434.41,2,1,Home-Focused Buyers - Cluster 2
C0775,Individual,Andrea,Reyes,1975-12-25,F,USA,Arizona,Home,1,No,Agency,50,4,1043608.37,260902.0925,368476.78,127025.78,900.39,3601.56,2,1,Home-Focused Buyers - Cluster 2
C0776,Individual,Ashley,Morales,1966-06-11,F,GERMANY,Bavaria,Home,4,Yes,Agency,60,3,914465.3300000001,304821.7766666667,382528.88,235584.51,980.8699999999999,2942.6099999999997,2,1,Home-Focused Buyers - Cluster 2
C0777,Company,Meridian,Co,1982-05-15,M,USA,Arizona,Home,1,No,Client,44,3,1130759.4100000001,376919.8033333334,459850.51,244250.08,1313.16,3939.48,1,0,Home-Focused Buyers
C0778,Individual,George,Pierce,1998-07-22,M,USA,California,Investment,4,Yes,Agency,28,4,1646921.92,411730.48,601818.29,321109.42,1334.8775,5339.51,1,0,Home-Focused Buyers
C0779,Individual,Lisa,Hughes,1953-04-05,F,USA,California,Home,5,Yes,Agency,73,3,1221957.12,407319.04000000004,499912.08,254226.38,1325.0800000000002,3975.2400000000002,1,0,Home-Focused Buyers
C0780,Individual,Martha,Hansen,1947-08-01,F,USA,California,Home,3,No,Website,79,3,708761.6900000001,236253.8966666667,337660.44,178108.71,849.6366666666667,2548.91,2,1,Home-Focused Buyers - Cluster 2
C0781,Individual,Gerald,Sanders,1940-11-28,M,USA,California,Investment,5,Yes,Website,85,4,1181206.69,295301.6725,356949.82,159563.73,1030.635,4122.54,2,1,Home-Focused Buyers - Cluster 2
C0782,Individual,Ethan,Williams,1970-10-02,M,USA,Utah,Investment,2,Yes,Website,55,4,1166638.1600000001,291659.54000000004,500885.96,189501.07,905.0375,3620.15,2,1,Home-Focused Buyers - Cluster 2
C0783,Individual,Betty,Sanders,1961-03-27,F,CANADA,Alberta,Home,1,Yes,Agency,65,3,1031472.36,343824.12,437818.55,256455.73,1156.5633333333333,3469.69,2,1,Home-Focused Buyers - Cluster 2
C0784,Individual,Charles,Baker,1973-06-26,M,MEXICO,Baja California,Investment,4,No,Website,53,3,1172514.65,390838.2166666666,509668.52,209904.27,1356.7466666666667,4070.24,1,0,Home-Focused Buyers
C0785,Company,Rexon,Co,1971-03-27,F,USA,California,Home,2,No,Website,55,4,1047112.48,261778.12,431877.48,167859.82,860.9325,3443.73,2,1,Home-Focused Buyers - Cluster 2
C0786,Individual,Sarah,Martin,1983-03-25,F,USA,California,Investment,3,No,Website,43,3,663797.37,221265.79,316398.13,134678.51,724.0866666666667,2172.26,2,1,Home-Focused Buyers - Cluster 2
C0787,Individual,Andrew,Jackson,1950-11-20,M,USA,Washington,Home,1,No,Website,75,3,1405947.6600000001,468649.22000000003,528186.67,353988.11,1527.8633333333335,4583.59,1,0,Home-Focused Buyers
C0788,Individual,Matthew,Stone,1944-05-14,M,FRANCE,Brittany,Investment,4,No,Website,82,4,1799447.01,449861.7525,599896.96,240374.88,1482.5875,5930.35,1,0,Home-Focused Buyers
C0789,Individual,Madison,Price,1974-04-06,F,CANADA,Ontario,Investment,1,No,Website,52,3,1125271.6,375090.5333333334,491362.13,184184.3,1228.9099999999999,3686.7299999999996,1,0,Home-Focused Buyers
C0790,Individual,Brandon,Cooper,1974-01-18,M,USA,California,Home,5,Yes,Agency,52,4,1521440.8599999999,380360.21499999997,629276.73,159063.45,1227.17,4908.68,1,0,Home-Focused Buyers
C0791,Individual,Walter,Adams,1983-01-07,M,USA,Texas,Home,4,No,Website,43,4,1424465.81,356116.4525,386702.48,325758.94,1159.9675,4639.87,1,0,Home-Focused Buyers
C0792,Individual,Joseph,Richardson,1982-04-14,M,USA,California,Investment,4,Yes,Website,44,4,1559979.82,389994.955,542607.18,215511.14,1219.85,4879.4,1,1,Home-Focused Buyers
C0793,Individual,Kevin,Brown,1969-09-04,M,USA,New York,Home,4,No,Agency,57,4,1245234.35,311308.5875,545577.55,169982.66,1048.44,4193.76,2,1,Home-Focused Buyers - Cluster 2
C0794,Individual,Gregory,Mitchell,1951-02-11,M,USA,California,Home,4,Yes,Website,75,3,1120488.77,373496.25666666665,453748.83,218027.25,1308.5133333333333,3925.54,1,0,Home-Focused Buyers
C0795,Individual,Harold,Murray,1969-01-14,M,USA,California,Investment,4,Yes,Website,57,3,1170869.0899999999,390289.6966666666,601201.34,265630.46,1169.0466666666669,3507.1400000000003,1,1,Home-Focused Buyers
C0796,Individual,Stephanie,Ward,1983-04-11,F,USA,California,Investment,5,Yes,Website,43,3,559596.54,186532.18000000002,201976.86,164671.95,607.4466666666667,1822.3400000000001,2,1,Home-Focused Buyers - Cluster 2
C0797,Individual,Joan,Gray,1990-06-08,F,USA,Oregon,Home,5,Yes,Agency,36,3,881179.3,293726.43333333335,475185.8,156338.43,851.8699999999999,2555.6099999999997,2,1,Home-Focused Buyers - Cluster 2
C0798,Company,Novex,Co,1965-10-21,M,USA,Nevada,Home,4,Yes,Agency,60,4,987267.48,246816.87,353070.7,161786.97,840.8725,3363.49,2,1,Home-Focused Buyers - Cluster 2
C0799,Individual,Pamela,Johnson,1954-07-24,F,USA,California,Home,4,No,Website,72,4,1108935.8599999999,277233.96499999997,350745.37,157057.02,972.245,3888.98,2,1,Home-Focused Buyers - Cluster 2
C0800,Individual,Lawrence,Smith,1974-01-02,M,USA,Virginia,Investment,5,Yes,Website,52,3,983573.1799999999,327857.7266666666,543292.36,200730.58,1151.5466666666666,3454.64,2,1,Home-Focused Buyers - Cluster 2
C0801,Individual,Betty,Price,1969-04-03,F,USA,Washington,Home,4,Yes,Website,57,3,1361712.2999999998,453904.0999999999,571066.07,270084.21,1435.6633333333332,4306.99,1,0,Home-Focused Buyers
C0802,Individual,Matthew,Williams,1970-11-10,M,USA,Virginia,Home,5,No,Agency,55,3,1074480.81,358160.27,494631.27,259568.71,1217.58,3652.74,2,1,Home-Focused Buyers - Cluster 2
C0803,Individual,Evelyn,Moore,1945-12-13,F,USA,Texas,Home,4,No,Agency,80,4,1542819.53,385704.8825,595397.77,203161.94,1329.5925,5318.37,1,0,Home-Focused Buyers
C0804,Individual,Tyler,Cook,1967-01-10,M,USA,Washington,Home,5,No,Agency,59,3,1223755.92,407918.63999999996,563216.05,296079.64,1464.8466666666666,4394.54,1,1,Home-Focused Buyers
C0805,Individual,Albert,Cook,1953-01-17,M,GERMANY,Berlin,Home,1,Yes,Website,73,3,940964.73,313654.91,378804.75,271393.18,995.5099999999999,2986.5299999999997,2,1,Home-Focused Buyers - Cluster 2
C0806,Individual,Jack,Richardson,1989-11-18,M,FRANCE,Ile-De-France,Home,5,No,Client,36,4,1485168.27,371292.0675,543193.6,214742.16,1220.42,4881.68,1,1,Home-Focused Buyers
C0807,Individual,Amy,Chavez,1993-11-16,F,MEXICO,Mexico City,Investment,5,No,Website,32,4,1635419.92,408854.98,548576.41,221107.63,1412.375,5649.5,1,0,Home-Focused Buyers
C0808,Individual,Gregory,Ward,1943-05-17,M,GERMANY,Berlin,Home,3,Yes,Website,83,3,885158.15,295052.7166666667,385179.19,204975.53,1003.3133333333334,3009.94,2,1,Home-Focused Buyers - Cluster 2
C0809,Individual,Hannah,Alexander,1967-02-16,F,FRANCE,Occitanie,Home,5,Yes,Agency,59,3,1386118.19,462039.39666666667,619032.93,338565.22,1464.8466666666666,4394.54,1,0,Home-Focused Buyers
C0810,Individual,Ronald,Sanders,1995-02-13,M,USA,California,Home,1,Yes,Website,31,3,922597.5800000001,307532.5266666667,415564.76,177362.74,915.6366666666667,2746.91,2,1,Home-Focused Buyers - Cluster 2
C0811,Individual,Carl,Allen,1945-04-17,M,UK,Wales,Home,3,No,Agency,81,3,1515201.05,505067.01666666666,531362.61,485182.7,1471.8999999999999,4415.7,1,0,Home-Focused Buyers
C0812,Individual,Harold,Cooper,1974-08-24,M,UK,Northern Ireland,Home,3,Yes,Website,52,4,1443224.01,360806.0025,529272.37,118609.39,1248.58,4994.32,1,0,Home-Focused Buyers
C0813,Individual,Gerald,Cook,1974-10-11,M,UK,Scotland,Investment,3,No,Agency,51,4,1314024.52,328506.13,453762.41,185709.66,1099.4925,4397.97,2,1,Home-Focused Buyers - Cluster 2
C0814,Individual,Joan,Stewart,1964-03-26,F,USA,California,Home,2,No,Website,62,3,674363.74,224787.91333333333,245279.18,203491.65,706.7266666666666,2120.18,2,1,Home-Focused Buyers - Cluster 2
C0815,Company,Horizon,Co,1965-11-06,F,USA,Nevada,Home,4,Yes,Agency,60,3,962374.6499999999,320791.55,376063.41,282046.7,1205.9633333333334,3617.89,2,1,Home-Focused Buyers - Cluster 2
C0816,Individual,Deborah,Wright,1947-12-23,F,GERMANY,Hamburg,Home,2,Yes,Website,78,3,1003090.8500000001,334363.6166666667,530119.92,210487.89,1151.5466666666666,3454.64,2,1,Home-Focused Buyers - Cluster 2
C0817,Individual,Grace,Thompson,1972-05-12,F,USA,California,Investment,1,No,Website,54,3,1338281.0,446093.6666666667,487710.82,423036.11,1448.82,4346.46,1,0,Home-Focused Buyers
C0818,Company,Sterling,Co,1991-09-08,F,USA,Colorado,Home,2,No,Website,35,4,760443.3500000001,190110.83750000002,285509.27,133227.57,677.79,2711.16,2,1,Home-Focused Buyers - Cluster 2
C0819,Individual,Jose,Bryant,1951-03-15,M,USA,California,Home,5,No,Website,75,3,1239378.27,413126.09,540445.52,222422.59,1313.16,3939.48,1,0,Home-Focused Buyers
C0820,Individual,Judith,Collins,1940-10-22,F,USA,Texas,Investment,4,No,Agency,85,3,920197.78,306732.5933333333,497575.53,141290.15,976.2833333333333,2928.85,2,1,Home-Focused Buyers - Cluster 2
C0821,Individual,Elizabeth,Moore,1957-09-04,F,USA,California,Home,5,Yes,Agency,69,3,1371213.26,457071.08666666667,555202.09,351963.25,1467.89,4403.67,1,0,Home-Focused Buyers
C0822,Individual,Jessica,Weaver,1959-04-19,F,USA,California,Investment,3,Yes,Website,67,3,1407630.29,469210.0966666667,508753.3,398599.37,1563.9733333333334,4691.92,1,0,Home-Focused Buyers
C0823,Individual,Nancy,Hayes,1975-04-16,F,USA,Oregon,Investment,5,Yes,Agency,51,4,1722388.8900000001,430597.22250000003,589758.81,204725.07,1338.9,5355.6,1,0,Home-Focused Buyers
C0824,Individual,Douglas,Cox,1976-06-01,M,USA,California,Home,3,No,Agency,50,3,1234378.85,411459.6166666667,519209.27,250354.33,1435.6633333333332,4306.99,1,0,Home-Focused Buyers
C0825,Individual,Ruth,Hughes,1982-03-26,F,MEXICO,Nuevo Leon,Home,4,Yes,Agency,44,4,1246198.0,311549.5,507522.85,210587.3,1075.0475000000001,4300.1900000000005,2,1,Home-Focused Buyers - Cluster 2
C0826,Individual,Jason,Stewart,1970-09-11,M,USA,Ohio,Investment,4,Yes,Website,56,4,1255265.82,313816.455,623819.92,198662.43,996.1925,3984.77,2,1,Home-Focused Buyers - Cluster 2
C0827,Individual,Ruth,Wright,1965-08-23,F,USA,Washington,Home,2,Yes,Website,61,4,1176467.77,294116.9425,557463.33,198802.46,1025.3225,4101.29,2,1,Home-Focused Buyers - Cluster 2
C0828,Individual,Elizabeth,Stewart,1947-10-10,F,USA,Arizona,Investment,4,Yes,Website,78,4,1313574.2,328393.55,500403.51,189843.92,1122.0925,4488.37,2,1,Home-Focused Buyers - Cluster 2
C0829,Individual,Jonathan,Stewart,1960-11-16,M,USA,Utah,Investment,3,No,Website,65,4,1296844.19,324211.0475,444270.56,167067.76,1102.08,4408.32,2,1,Home-Focused Buyers - Cluster 2
C0830,Individual,William,Martin,1952-05-16,M,USA,Oregon,Investment,3,No,Agency,74,4,1518798.69,379699.6725,480172.84,281233.4,1169.615,4678.46,1,1,Home-Focused Buyers
C0831,Individual,Judith,Martin,1977-09-24,F,USA,California,Home,2,No,Website,48,3,909532.47,303177.49,393983.06,239720.69,979.0866666666667,2937.26,2,1,Home-Focused Buyers - Cluster 2
C0832,Individual,Dorothy,Ward,1990-01-09,F,USA,Nevada,Investment,3,Yes,Website,36,3,1290741.99,430247.33,561351.99,272945.8,1336.61,4009.83,1,0,Home-Focused Buyers
C0833,Individual,Roger,Green,1951-11-06,M,DENMARK,Southern Denmark,Home,5,No,Website,74,3,1422486.6099999999,474162.2033333333,504262.01,415531.04,1623.3,4869.9,1,0,Home-Focused Buyers
C0834,Individual,Helen,Parker,1957-12-23,F,USA,California,Home,5,No,Website,68,4,1384660.54,346165.135,428653.51,240523.77,1073.905,4295.62,2,0,Home-Focused Buyers - Cluster 2
C0835,Individual,Maria,Foster,1974-06-06,F,USA,California,Home,5,Yes,Website,52,4,1159317.69,289829.4225,498858.03,182644.63,941.61,3766.44,2,1,Home-Focused Buyers - Cluster 2
C0836,Individual,Adam,Sanders,1942-02-04,M,USA,Ohio,Home,4,No,Website,84,3,1280715.29,426905.0966666667,499955.33,339531.13,1493.243333333333,4479.73,1,0,Home-Focused Buyers
C0837,Individual,Peter,Montgomery,1967-06-06,M,FRANCE,Brittany,Home,1,No,Website,59,4,1415445.71,353861.4275,484359.77,205786.97,1253.3075,5013.23,1,0,Home-Focused Buyers
C0838,Individual,Jacob,Morris,1992-04-05,M,USA,Nevada,Investment,1,Yes,Website,34,3,837604.3,279201.43333333335,345031.43,238462.47,853.8133333333334,2561.44,2,1,Home-Focused Buyers - Cluster 2
C0839,Individual,Elizabeth,Baker,1994-01-26,F,UK,England,Home,5,Yes,Agency,32,3,1123967.69,374655.89666666667,531903.04,196645.59,1308.5133333333333,3925.54,1,1,Home-Focused Buyers
C0840,Individual,Elizabeth,Wilson,1981-11-01,F,BELGIUM,Brussels,Home,1,No,Website,44,4,1508352.25,377088.0625,565118.87,208475.27,1329.5925,5318.37,1,0,Home-Focused Buyers
C0841,Individual,Timothy,Cooper,1999-02-05,M,BELGIUM,Wallonia,Home,5,No,Website,27,4,1344816.1,336204.025,443394.23,275527.07,1167.105,4668.42,1,1,Home-Focused Buyers
C0842,Individual,Keith,Morales,1996-02-27,M,USA,Washington,Home,5,Yes,Client,30,4,1082477.8199999998,270619.45499999996,507216.3,155758.36,928.745,3714.98,2,1,Home-Focused Buyers - Cluster 2
C0843,Individual,Amanda,Hansen,2000-12-04,F,USA,Georgia,Home,4,No,Agency,25,3,1377127.37,459042.4566666667,508725.94,391496.99,1500.72,4502.16,1,0,Home-Focused Buyers
C0844,Individual,Margaret,Scott,1947-06-13,F,USA,California,Home,2,No,Website,79,4,1363201.96,340800.49,510261.37,161600.76,1187.8925000000002,4751.570000000001,1,0,Home-Focused Buyers
C0845,Individual,Ashley,Long,1993-09-05,F,USA,Washington,Home,3,No,Client,33,3,1355270.16,451756.72,541412.0,387519.48,1471.4466666666667,4414.34,1,0,Home-Focused Buyers
C0846,Individual,Martha,Harris,1976-05-15,F,CANADA,Quebec,Investment,3,No,Agency,50,3,1069033.77,356344.59,579072.02,177591.32,1135.5233333333333,3406.5699999999997,2,1,Home-Focused Buyers - Cluster 2
C0847,Individual,Nicole,James,1988-02-27,F,USA,Utah,Home,2,Yes,Agency,38,4,1258765.46,314691.365,480678.5,183562.93,1011.5875,4046.35,2,1,Home-Focused Buyers - Cluster 2
C0848,Individual,Aaron,Hughes,1967-11-22,M,USA,California,Home,4,No,Agency,58,4,1366788.33,341697.0825,546910.59,204867.41,1184.9475000000002,4739.790000000001,1,1,Home-Focused Buyers
C0849,Individual,Brian,Wilson,1977-04-11,M,USA,Oregon,Home,1,Yes,Website,49,4,1262931.66,315732.915,539249.94,153351.4,995.0275,3980.11,2,1,Home-Focused Buyers - Cluster 2
C0850,Individual,Judy,Stone,1983-11-13,F,USA,Colorado,Investment,5,No,Agency,42,3,528432.48,176144.16,229915.53,128315.89,610.62,1831.8600000000001,2,1,Home-Focused Buyers - Cluster 2
C0851,Individual,Kyle,White,1993-05-16,M,USA,California,Investment,2,Yes,Website,33,4,1482957.8800000001,370739.47000000003,492001.45,221160.83,1259.95,5039.8,1,1,Home-Focused Buyers
C0852,Individual,Carl,Brown,1989-07-20,M,GERMANY,North Rhine-Westphalia,Home,2,No,Agency,37,4,1368458.37,342114.5925,430669.69,250208.08,1222.37,4889.48,1,1,Home-Focused Buyers
C0853,Individual,Gerald,Bryant,1950-08-07,M,USA,Utah,Home,4,No,Website,76,4,1293562.22,323390.555,431452.51,207709.77,1092.085,4368.34,2,1,Home-Focused Buyers - Cluster 2
C0854,Individual,David,Reyes,1944-02-13,M,USA,California,Home,4,No,Website,82,3,1419031.6099999999,473010.5366666666,622276.58,365713.38,1454.4099999999999,4363.23,1,0,Home-Focused Buyers
C0855,Individual,Amanda,Foster,1973-03-10,F,AUSTRALIA,Queensland,Home,4,No,Website,53,4,1198702.15,299675.5375,439175.81,165789.26,1114.2125,4456.85,2,0,Home-Focused Buyers - Cluster 2
C0856,Individual,Janice,Chavez,1964-08-16,F,USA,Florida,Home,5,Yes,Website,62,4,1565508.99,391377.2475,557814.29,214023.32,1226.185,4904.74,1,1,Home-Focused Buyers
C0857,Individual,Danielle,Ward,1951-05-11,F,USA,California,Investment,1,Yes,Website,75,4,1431064.56,357766.14,532766.89,176063.64,1146.2825,4585.13,1,0,Home-Focused Buyers
C0858,Individual,Samuel,Howard,1994-07-12,M,USA,Nevada,Home,1,No,Website,32,3,972150.6,324050.2,377504.51,288890.05,1156.5633333333333,3469.69,2,1,Home-Focused Buyers - Cluster 2
C0859,Individual,Megan,Anderson,1942-12-03,F,USA,California,Home,2,Yes,Agency,83,4,1440623.8900000001,360155.97250000003,641122.99,226404.55,1154.105,4616.42,1,0,Home-Focused Buyers
C0860,Individual,Virginia,Morales,1968-07-09,F,USA,Utah,Home,5,Yes,Website,58,4,1362579.84,340644.96,491343.75,144623.04,1148.025,4592.1,2,1,Home-Focused Buyers - Cluster 2
C0861,Individual,Christine,Peterson,1994-08-04,F,FRANCE,Brittany,Investment,2,No,Agency,32,3,1527460.57,509153.5233333334,530773.97,495697.84,1635.6233333333332,4906.87,1,0,Home-Focused Buyers
C0862,Individual,Amanda,Jordan,1981-06-14,F,USA,Colorado,Investment,1,No,Website,45,3,1354421.9100000001,451473.97000000003,605272.25,304246.71,1527.8633333333335,4583.59,1,0,Home-Focused Buyers
C0863,Individual,Brandon,Peterson,1975-04-20,M,BELGIUM,Wallonia,Home,5,Yes,Agency,51,4,1107744.96,276936.24,331782.88,149722.3,984.6475,3938.59,2,1,Home-Focused Buyers - Cluster 2
C0864,Individual,Noah,Kim,1970-07-07,M,USA,Texas,Home,3,No,Website,56,3,1085548.02,361849.34,436782.69,304737.72,1156.5633333333333,3469.69,2,1,Home-Focused Buyers - Cluster 2
C0865,Individual,Rebecca,Gray,1975-05-20,F,USA,Colorado,Investment,5,Yes,Website,51,4,1268059.13,317014.7825,590633.76,194986.69,1008.395,4033.58,2,1,Home-Focused Buyers - Cluster 2
C0866,Individual,Lawrence,Bryant,1987-11-27,M,BELGIUM,Brussels,Home,3,No,Agency,38,4,1331713.08,332928.27,467860.91,163915.34,1148.025,4592.1,2,1,Home-Focused Buyers - Cluster 2
C0867,Individual,Julia,Davis,1967-04-12,F,USA,California,Home,2,No,Agency,59,3,1028747.3,342915.76666666666,434559.42,280183.26,1146.2633333333333,3438.79,2,1,Home-Focused Buyers - Cluster 2
C0868,Individual,Victoria,Rogers,1945-02-21,F,USA,Florida,Home,3,Yes,Agency,81,3,987211.1699999999,329070.38999999996,390539.15,269363.17,1049.3799999999999,3148.14,2,1,Home-Focused Buyers - Cluster 2
C0869,Individual,Jose,Roberts,1993-03-07,M,USA,California,Home,4,No,Agency,33,3,858807.13,286269.04333333333,338104.13,223045.28,1012.96,3038.88,2,1,Home-Focused Buyers - Cluster 2
C0870,Company,Harmon,Co,1966-09-01,F,UK,Northern Ireland,Home,2,Yes,Website,60,4,1097902.26,274475.565,384011.41,174861.74,909.9825,3639.93,2,1,Home-Focused Buyers - Cluster 2
C0871,Individual,Pamela,Pierce,1989-11-28,F,USA,Virginia,Home,1,Yes,Website,36,4,1939848.53,484962.1325,612113.6,223349.45,1524.2725,6097.09,1,0,Home-Focused Buyers
C0872,Individual,Sarah,Bennett,1943-06-22,F,UK,England,Home,4,No,Website,83,4,1462320.39,365580.0975,455019.48,224186.65,1326.2525,5305.01,1,1,Home-Focused Buyers
C0873,Individual,Gerald,Murray,1940-09-09,M,USA,New York,Home,2,No,Website,86,3,1325777.78,441925.9266666667,554502.82,309997.56,1463.22,4389.66,1,0,Home-Focused Buyers
C0874,Individual,Debra,Murray,1953-07-26,F,BELGIUM,Flanders,Investment,2,No,Website,73,4,1490289.1099999999,372572.27749999997,604547.34,221376.35,1186.5225,4746.09,1,0,Home-Focused Buyers
C0875,Individual,Jeffrey,Evans,1972-07-09,M,CANADA,Manitoba,Home,4,No,Website,54,3,1308981.48,436327.16,551578.92,223047.2,1370.5533333333333,4111.66,1,0,Home-Focused Buyers
C0876,Individual,Benjamin,Chavez,1973-08-22,M,USA,California,Home,3,No,Client,53,3,873771.52,291257.17333333334,349877.5,247342.01,971.1899999999999,2913.5699999999997,2,1,Home-Focused Buyers - Cluster 2
C0877,Individual,Jennifer,Weaver,1998-12-22,F,USA,Utah,Investment,2,Yes,Agency,27,3,1407650.4,469216.8,573266.03,359202.38,1493.243333333333,4479.73,1,0,Home-Focused Buyers
C0878,Individual,Ashley,Hansen,1945-04-28,F,USA,Nevada,Home,4,Yes,Website,81,3,970670.1499999999,323556.7166666666,532017.08,193069.04,1008.13,3024.39,2,1,Home-Focused Buyers - Cluster 2
C0879,Individual,Brandon,Adams,1945-03-15,M,UK,Northern Ireland,Home,4,Yes,Website,81,3,1349121.32,449707.1066666667,610364.02,332809.37,1463.22,4389.66,1,0,Home-Focused Buyers
C0880,Individual,Judith,Bennett,1941-06-23,F,USA,New York,Home,2,No,Website,85,4,1390002.6400000001,347500.66000000003,485278.06,229219.76,1151.37,4605.48,1,0,Home-Focused Buyers
C0881,Individual,Ruth,Weaver,1954-09-24,F,USA,Colorado,Investment,1,No,Website,71,4,1247321.2,311830.3,542053.98,191764.78,1136.6925,4546.77,2,0,Home-Focused Buyers - Cluster 2
C0882,Individual,Peter,Moore,2000-07-07,M,UK,Wales,Home,3,No,Website,26,3,1142828.1400000001,380942.7133333334,466293.15,213545.23,1435.6633333333332,4306.99,1,0,Home-Focused Buyers
C0883,Individual,Gerald,Thompson,1946-10-22,M,USA,Texas,Home,4,No,Client,79,4,1979258.27,494814.5675,555330.51,395086.1,1699.3675,6797.47,1,0,Home-Focused Buyers
C0884,Individual,Joe,Reed,1949-05-07,M,USA,Nevada,Home,2,No,Website,77,3,1021697.5,340565.8333333333,423868.45,261651.44,1209.64,3628.92,2,0,Home-Focused Buyers - Cluster 2
C0885,Individual,Michael,Williams,1941-09-21,M,CANADA,British Columbia,Investment,2,Yes,Agency,84,3,1540844.02,513614.67333333334,661095.49,409549.01,1671.7666666666667,5015.3,1,0,Home-Focused Buyers
C0886,Individual,Joseph,Brooks,1961-07-20,M,USA,California,Home,3,Yes,Agency,65,3,807556.47,269185.49,441789.19,156613.99,941.2099999999999,2823.6299999999997,2,1,Home-Focused Buyers - Cluster 2
C0887,Individual,Joan,Bryant,1993-04-23,F,USA,California,Home,3,No,Agency,33,4,1247287.09,311821.7725,460816.43,174346.4,1012.5575,4050.23,2,1,Home-Focused Buyers - Cluster 2
C0888,Individual,Sharon,Montgomery,1987-05-24,F,GERMANY,Berlin,Home,4,Yes,Website,39,4,1104713.19,276178.2975,506626.34,162276.59,933.355,3733.42,2,1,Home-Focused Buyers - Cluster 2
C0889,Individual,Scott,Campbell,1985-10-15,M,USA,Nevada,Investment,4,Yes,Website,40,3,1339350.5899999999,446450.1966666666,525586.98,355007.88,1451.2533333333333,4353.76,1,0,Home-Focused Buyers
C0890,Individual,Julie,Nelson,1955-07-23,F,USA,Virginia,Investment,3,Yes,Website,71,4,1138394.29,284598.5725,480775.4,123583.21,922.66,3690.64,2,0,Home-Focused Buyers - Cluster 2
C0891,Individual,Raymond,Roberts,1970-06-20,M,GERMANY,North Rhine-Westphalia,Investment,1,Yes,Website,56,4,1340373.08,335093.27,544032.25,199200.35,1154.105,4616.42,2,1,Home-Focused Buyers - Cluster 2
C0892,Individual,Helen,Watson,1958-06-05,F,USA,California,Investment,2,Yes,Website,68,3,984121.3999999999,328040.4666666666,448877.05,183555.68,1167.24,3501.7200000000003,2,1,Home-Focused Buyers - Cluster 2
C0893,Individual,Evelyn,Thompson,1995-06-23,F,USA,Colorado,Home,3,Yes,Website,31,4,1695839.47,423959.8675,603155.94,243883.4,1329.5925,5318.37,1,0,Home-Focused Buyers
C0894,Individual,Carl,Evans,1953-06-14,M,USA,Georgia,Home,5,No,Website,73,3,882067.47,294022.49,301693.78,280137.79,932.37,2797.11,2,1,Home-Focused Buyers - Cluster 2
C0895,Individual,Amanda,Rogers,1953-08-25,F,USA,Arizona,Investment,4,Yes,Website,73,3,1127680.6,375893.5333333334,502145.17,226963.84,1280.28,3840.84,1,1,Home-Focused Buyers
C0896,Individual,Timothy,Jones,1970-05-06,M,FRANCE,Brittany,Home,4,Yes,Agency,56,4,1157933.44,289483.36,403361.09,175483.61,935.765,3743.06,2,1,Home-Focused Buyers - Cluster 2
C0897,Individual,Ann,Foster,1971-08-04,F,AUSTRALIA,Victoria,Home,1,No,Website,55,3,745691.65,248563.88333333333,364650.23,150397.94,801.46,2404.38,2,1,Home-Focused Buyers - Cluster 2
C0898,Individual,Deborah,King,1953-09-27,F,USA,Arizona,Investment,5,Yes,Agency,72,4,836494.02,209123.505,318001.46,158787.99,706.0875,2824.35,2,1,Home-Focused Buyers - Cluster 2
C0899,Company,Apex,Co,1988-06-26,F,USA,Washington,Investment,2,No,Website,38,3,1050407.63,350135.87666666665,481540.5,127936.41,1076.6899999999998,3230.0699999999997,2,1,Home-Focused Buyers - Cluster 2
C0900,Individual,Betty,Cook,1999-05-22,F,GERMANY,North Rhine-Westphalia,Home,4,No,Agency,27,3,606058.22,202019.40666666665,316820.96,122112.7,753.3133333333334,2259.94,2,1,Home-Focused Buyers - Cluster 2
C0901,Individual,Gregory,Allen,1999-02-15,M,FRANCE,Brittany,Investment,4,No,Agency,27,3,909138.8400000001,303046.28,535623.53,155133.85,909.0566666666667,2727.17,2,1,Home-Focused Buyers - Cluster 2
C0902,Company,Peerex,Co,1964-02-11,F,UK,Northern Ireland,Home,3,Yes,Agency,62,4,1281064.76,320266.19,457348.2,170914.8,1068.57,4274.28,2,1,Home-Focused Buyers - Cluster 2
C0903,Individual,Christine,Morales,1992-04-28,F,USA,Texas,Investment,3,No,Website,34,3,1108147.6099999999,369382.5366666666,427664.89,339771.48,1240.6066666666666,3721.8199999999997,1,1,Home-Focused Buyers
C0904,Individual,Nancy,Brooks,1984-03-08,F,RUSSIA,Saint Petersburg,Home,1,Yes,Website,42,4,1050355.29,262588.8225,391528.7,129756.46,883.805,3535.22,2,1,Home-Focused Buyers - Cluster 2
C0905,Individual,Emma,Allen,1993-05-16,F,USA,Virginia,Home,5,Yes,Website,33,3,877477.72,292492.5733333333,408310.1,208238.77,927.6066666666666,2782.8199999999997,2,1,Home-Focused Buyers - Cluster 2
C0906,Individual,Jacqueline,Baker,1969-08-13,F,USA,California,Investment,5,No,Website,57,4,1757967.56,439491.89,571612.79,299618.3,1458.93,5835.72,1,0,Home-Focused Buyers
C0907,Individual,Danielle,Scott,1973-11-14,F,USA,California,Home,3,No,Agency,52,3,1375380.46,458460.1533333333,574177.29,294829.76,1459.1899999999998,4377.57,1,0,Home-Focused Buyers
C0908,Individual,Carl,Kim,1960-11-17,M,USA,California,Home,4,Yes,Agency,65,4,1129941.35,282485.3375,467397.36,178580.68,825.1325,3300.53,2,1,Home-Focused Buyers - Cluster 2
C0909,Individual,Brandon,Turner,1967-07-10,M,USA,California,Investment,1,Yes,Agency,59,4,1529455.73,382363.9325,595281.62,195057.54,1183.04,4732.16,1,0,Home-Focused Buyers
C0910,Individual,Victoria,Jackson,1971-11-24,F,USA,Texas,Home,3,Yes,Agency,54,3,1293598.48,431199.49333333335,705817.01,233058.54,1238.36,3715.08,1,1,Home-Focused Buyers
C0911,Individual,Donald,Long,1989-03-27,M,USA,California,Home,4,No,Website,37,4,1310405.32,327601.33,589085.76,166270.85,972.335,3889.34,2,1,Home-Focused Buyers - Cluster 2
C0912,Individual,Christina,Freeman,1949-05-11,F,USA,California,Home,1,No,Agency,77,3,1322130.05,440710.01666666666,617512.0,256392.52,1351.4633333333334,4054.39,1,0,Home-Focused Buyers
C0913,Individual,Nathan,Hansen,1999-01-13,M,USA,California,Home,4,No,Agency,27,4,1935637.92,483909.48,586679.08,390224.3,1552.15,6208.6,1,0,Home-Focused Buyers
C0914,Individual,Helen,Freeman,1948-10-12,F,FRANCE,Provence,Investment,4,No,Website,77,4,1124290.78,281072.695,362803.25,183552.54,984.6475,3938.59,2,0,Home-Focused Buyers - Cluster 2
C0915,Individual,Ronald,Harris,1948-01-23,M,USA,Florida,Home,2,No,Agency,78,3,1309768.71,436589.57,589191.73,143851.79,1283.46,3850.38,1,0,Home-Focused Buyers
C0916,Individual,Nathan,Hansen,1988-02-10,M,RUSSIA,Moscow Oblast,Home,2,No,Website,38,4,1377591.46,344397.865,478922.56,175373.36,1114.105,4456.42,2,1,Home-Focused Buyers - Cluster 2
C0917,Individual,Kenneth,Hughes,1969-08-01,M,USA,Arizona,Home,2,Yes,Agency,57,3,756785.49,252261.83,300300.85,201415.36,851.4266666666667,2554.28,2,1,Home-Focused Buyers - Cluster 2
C0918,Individual,Susan,Cook,2000-02-21,F,AUSTRALIA,Western Australia,Home,4,No,Client,26,3,1461361.8699999999,487120.6233333333,591434.36,330602.94,1583.2166666666665,4749.65,1,0,Home-Focused Buyers
C0919,Individual,Barbara,Foster,1975-08-17,F,CANADA,Quebec,Investment,5,No,Agency,51,3,1059524.55,353174.85000000003,486833.55,261814.63,1179.5233333333333,3538.5699999999997,2,1,Home-Focused Buyers - Cluster 2
C0920,Individual,Christian,Williams,1973-10-11,M,USA,California,Home,4,No,Website,52,3,878368.79,292789.5966666667,447905.13,189016.63,934.4333333333334,2803.3,2,1,Home-Focused Buyers - Cluster 2
C0921,Individual,Christina,Reyes,1999-03-10,F,AUSTRALIA,New South Wales,Home,4,No,Agency,27,3,802736.76,267578.92,331896.95,174630.68,900.46,2701.38,2,1,Home-Focused Buyers - Cluster 2
C0922,Individual,Joe,Bell,1942-10-28,M,AUSTRALIA,Victoria,Investment,4,Yes,Website,83,3,1105753.98,368584.66,442539.26,296837.59,1200.3500000000001,3601.05,2,0,Home-Focused Buyers - Cluster 2
C0923,Individual,Ruth,Richardson,1950-08-26,F,USA,Oregon,Home,3,No,Client,76,4,1183422.85,295855.7125,554198.64,149833.02,1035.1925,4140.77,2,1,Home-Focused Buyers - Cluster 2
C0924,Individual,Emily,Wright,1988-03-20,F,USA,California,Home,4,No,Website,38,4,1558670.83,389667.7075,535687.32,141906.57,1313.38,5253.52,1,0,Home-Focused Buyers
C0925,Individual,Michael,Ward,1944-05-12,M,GERMANY,Hamburg,Home,2,No,Website,82,3,1308035.02,436011.67333333334,523966.96,373202.64,1471.8999999999999,4415.7,1,0,Home-Focused Buyers
C0926,Individual,Lauren,Harris,1961-04-04,F,USA,California,Home,3,No,Website,65,3,1078841.73,359613.91,416303.05,322088.43,1207.6466666666668,3622.94,2,1,Home-Focused Buyers - Cluster 2
C0927,Individual,Carol,Hayes,1962-11-04,F,FRANCE,Ile-De-France,Home,4,No,Client,63,3,933499.38,311166.46,571089.66,157392.65,952.2633333333333,2856.79,2,1,Home-Focused Buyers - Cluster 2
C0928,Individual,Jordan,Jordan,1950-02-27,M,USA,California,Home,1,Yes,Agency,76,3,758070.13,252690.04333333333,392319.37,137541.82,883.7466666666666,2651.24,2,1,Home-Focused Buyers - Cluster 2
C0929,Individual,Jack,Hall,1954-05-23,M,USA,Washington,Home,4,No,Website,72,3,1167841.72,389280.5733333333,407054.73,369105.44,1117.9399999999998,3353.8199999999997,1,1,Home-Focused Buyers
C0930,Individual,Debra,Moore,1993-04-15,F,USA,Washington,Investment,1,Yes,Agency,33,3,924305.53,308101.8433333333,410092.17,242484.1,1110.6233333333332,3331.87,2,1,Home-Focused Buyers - Cluster 2
C0931,Individual,Daniel,Parker,1977-12-25,M,USA,Nevada,Investment,2,Yes,Client,48,3,997418.61,332472.87,380782.35,237033.66,1090.9466666666667,3272.84,2,1,Home-Focused Buyers - Cluster 2
C0932,Individual,Kathleen,Moore,1949-07-14,F,USA,New York,Home,5,No,Website,77,4,1468310.6600000001,367077.66500000004,567793.82,155737.3,1196.9724999999999,4787.889999999999,1,0,Home-Focused Buyers
C0933,Individual,Kimberly,Johnson,1955-09-03,F,USA,California,Home,4,No,Website,71,3,1077170.94,359056.98,411210.31,314903.31,1155.4633333333334,3466.39,2,1,Home-Focused Buyers - Cluster 2
C0934,Individual,Barbara,Allen,1943-10-02,F,UK,Northern Ireland,Investment,5,Yes,Website,82,3,912489.5900000001,304163.1966666667,426691.03,142662.45,1086.9833333333333,3260.95,2,1,Home-Focused Buyers - Cluster 2
C0935,Individual,Katherine,Cooper,2000-05-17,F,CANADA,Manitoba,Home,4,No,Agency,26,3,1133032.49,377677.49666666664,459433.77,314026.2,1221.6766666666665,3665.0299999999997,1,1,Home-Focused Buyers
C0936,Individual,Carolyn,Brooks,1951-04-10,F,USA,California,Home,3,No,Client,75,3,782945.97,260981.99,312643.26,187384.2,879.3433333333332,2638.0299999999997,2,1,Home-Focused Buyers - Cluster 2
C0937,Individual,Gerald,Chavez,1982-04-03,M,USA,Arizona,Home,5,No,Client,44,4,1370340.9100000001,342585.22750000004,462252.41,227449.53,1127.3175,4509.27,2,0,Home-Focused Buyers - Cluster 2
C0938,Individual,William,Chavez,1963-05-08,M,RUSSIA,Krasnodar Krai,Home,4,No,Website,63,3,854217.7,284739.23333333334,448751.61,159970.07,851.87,2555.61,2,1,Home-Focused Buyers - Cluster 2
C0939,Individual,Anna,Alexander,1978-02-02,F,BELGIUM,Brussels,Investment,1,No,Website,48,4,1190833.68,297708.42,478857.61,142741.31,996.3625,3985.45,2,1,Home-Focused Buyers - Cluster 2
C0940,Individual,Kyle,Bell,1985-12-19,M,USA,Virginia,Investment,5,No,Website,40,4,1628937.85,407234.4625,627200.92,228644.73,1332.2825,5329.13,1,0,Home-Focused Buyers
C0941,Individual,Grace,Moore,1955-07-17,F,MEXICO,Jalisco,Home,1,No,Agency,71,3,1028314.09,342771.36333333334,410663.51,250655.47,1089.46,3268.38,2,1,Home-Focused Buyers - Cluster 2
C0942,Individual,Joan,Jackson,1991-12-14,F,USA,California,Home,1,No,Website,34,4,1402631.76,350657.94,500962.79,229657.95,1008.6625,4034.65,2,0,Home-Focused Buyers - Cluster 2
C0943,Individual,Karen,Cox,1957-09-13,F,CANADA,Manitoba,Investment,5,No,Website,68,3,975048.28,325016.0933333333,404116.95,228756.4,1129.1766666666665,3387.5299999999997,2,1,Home-Focused Buyers - Cluster 2
C0944,Individual,Virginia,Hughes,1956-08-24,F,USA,Florida,Home,2,No,Website,70,3,1256722.03,418907.3433333333,673008.78,145443.17,1283.46,3850.38,1,0,Home-Focused Buyers
C0945,Individual,Emily,Hayes,1945-09-04,F,FRANCE,Provence,Home,4,No,Website,81,3,973406.55,324468.85000000003,415439.74,213915.0,1102.8633333333335,3308.59,2,1,Home-Focused Buyers - Cluster 2
C0946,Individual,Ashley,Weaver,1946-07-04,F,USA,Nevada,Investment,3,Yes,Agency,80,3,827605.63,275868.54333333333,378567.66,200300.4,897.3100000000001,2691.9300000000003,2,1,Home-Focused Buyers - Cluster 2
C0947,Individual,Samantha,Cox,1981-05-16,F,USA,Texas,Home,2,No,Website,45,3,1096583.29,365527.76333333337,488382.72,230931.5,1190.3133333333333,3570.94,2,0,Home-Focused Buyers - Cluster 2
C0948,Individual,Emma,Nelson,1989-12-16,F,USA,California,Investment,3,Yes,Website,36,4,1532000.51,383000.1275,465555.5,248550.43,1299.3675,5197.47,1,1,Home-Focused Buyers
C0949,Individual,Julia,Price,1943-06-26,F,USA,Colorado,Investment,5,Yes,Client,83,4,1397057.95,349264.4875,679222.65,173375.36,1102.2725,4409.09,2,1,Home-Focused Buyers - Cluster 2
C0950,Individual,Christina,Price,1991-12-11,F,USA,Texas,Investment,5,No,Website,34,4,1418212.48,354553.12,518468.37,216506.59,1146.9925,4587.97,1,0,Home-Focused Buyers
C0951,Individual,Rachel,Chavez,1998-11-15,F,MEXICO,Nuevo Leon,Home,1,Yes,Client,27,4,1658301.92,414575.48,601046.95,175749.34,1290.8,5163.2,1,0,Home-Focused Buyers
C0952,Individual,Ann,Martin,1959-09-03,F,USA,Oregon,Home,5,No,Website,67,4,1886501.9300000002,471625.48250000004,548316.4,274763.58,1510.65,6042.6,1,0,Home-Focused Buyers
C0953,Company,Helios,Co,1995-10-22,M,USA,Washington,Home,5,Yes,Website,30,3,639815.0,213271.66666666666,294124.85,170444.19,839.1433333333334,2517.4300000000003,2,1,Home-Focused Buyers - Cluster 2
C0954,Individual,Michael,Evans,1950-04-08,M,FRANCE,Brittany,Investment,4,Yes,Agency,76,4,1493788.0,373447.0,533253.25,219505.52,1204.4975,4817.99,1,0,Home-Focused Buyers
C0955,Individual,Megan,Garcia,1969-01-11,F,USA,California,Home,1,No,Website,57,3,1098111.78,366037.26,398094.9,325597.94,1205.9633333333334,3617.89,2,0,Home-Focused Buyers - Cluster 2
C0956,Individual,Donald,Jackson,1966-03-10,M,USA,California,Home,1,Yes,Website,60,4,1647197.45,411799.3625,512614.55,247036.12,1294.645,5178.58,1,0,Home-Focused Buyers
C0957,Company,Crestwood,Co,1961-05-21,M,USA,Oregon,Home,2,Yes,Client,65,4,1295242.02,323810.505,438504.35,169117.16,1072.5575,4290.23,2,0,Home-Focused Buyers - Cluster 2
C0958,Individual,Betty,Rogers,1991-07-11,F,USA,Nevada,Home,1,Yes,Website,35,4,936091.4500000001,234022.86250000002,319340.28,154650.62,834.6575,3338.63,2,1,Home-Focused Buyers - Cluster 2
C0959,Individual,Carl,Hayes,1952-09-13,M,USA,California,Home,3,No,Agency,73,4,1840159.66,460039.915,590672.73,319114.04,1572.79,6291.16,1,0,Home-Focused Buyers
C0960,Individual,Linda,Bennett,1960-04-01,F,USA,Arizona,Investment,1,Yes,Client,66,4,1380084.58,345021.145,499350.81,163504.49,1148.2475,4592.99,2,0,Home-Focused Buyers - Cluster 2
C0961,Individual,Brandon,Morales,1974-08-03,M,UK,Wales,Home,2,Yes,Website,52,4,1681311.67,420327.9175,693731.35,286118.52,1271.345,5085.38,1,0,Home-Focused Buyers
C0962,Individual,Nicholas,Hansen,1940-07-18,M,USA,California,Home,4,No,Website,86,4,1335726.82,333931.705,523288.27,168270.43,1114.2125,4456.85,2,1,Home-Focused Buyers - Cluster 2
C0963,Individual,James,Davis,1941-08-09,M,CANADA,Alberta,Home,4,No,Agency,85,3,598874.99,199624.99666666667,222973.92,164204.09,678.9699999999999,2036.9099999999999,2,1,Home-Focused Buyers - Cluster 2
C0964,Individual,Elizabeth,Hall,1953-09-19,F,USA,California,Home,4,No,Website,72,3,1015121.6900000001,338373.89666666667,485910.88,171267.91,1168.3833333333334,3505.15,2,1,Home-Focused Buyers - Cluster 2
C0965,Individual,Lauren,Adams,1961-09-26,F,USA,New York,Investment,3,No,Website,64,3,840199.6100000001,280066.5366666667,359492.59,225125.36,862.1066666666666,2586.3199999999997,2,1,Home-Focused Buyers - Cluster 2
C0966,Company,Corvus,Co,1995-10-11,M,USA,California,Investment,3,No,Website,30,4,1606785.0499999998,401696.26249999995,470809.32,258208.58,1510.34,6041.36,1,0,Home-Focused Buyers
C0967,Individual,Jennifer,Moore,1959-01-20,F,USA,California,Home,2,No,Agency,67,3,705599.66,235199.8866666667,283671.4,185818.63,879.3433333333332,2638.0299999999997,2,1,Home-Focused Buyers - Cluster 2
C0968,Individual,Julie,Hansen,1995-11-21,F,USA,Arizona,Home,4,No,Website,30,3,1089074.71,363024.9033333333,514916.07,176684.39,1168.3833333333334,3505.15,2,1,Home-Focused Buyers - Cluster 2
C0969,Individual,Amber,Ward,1976-03-27,F,RUSSIA,Tatarstan,Investment,1,Yes,Agency,50,3,1118760.19,372920.0633333333,635034.32,224494.14,1186.4366666666667,3559.31,2,1,Home-Focused Buyers - Cluster 2
C0970,Individual,Peter,Johnson,1986-12-01,M,DENMARK,North Denmark,Home,3,Yes,Website,39,4,1596404.25,399101.0625,594737.23,138008.71,1313.38,5253.52,1,0,Home-Focused Buyers
C0971,Individual,Cynthia,Mitchell,1969-06-02,F,USA,Colorado,Investment,5,Yes,Website,57,4,1278450.05,319612.5125,539007.54,198304.68,1011.23,4044.92,2,1,Home-Focused Buyers - Cluster 2
C0972,Individual,Sandra,Evans,1964-09-16,F,USA,Arizona,Home,5,No,Agency,61,4,1298009.03,324502.2575,578906.36,184466.93,1072.985,4291.94,2,0,Home-Focused Buyers - Cluster 2
C0973,Individual,Charles,Stone,1992-12-03,M,USA,California,Investment,2,No,Client,33,4,1595817.1600000001,398954.29000000004,617314.75,268795.74,1210.7375000000002,4842.950000000001,1,0,Home-Focused Buyers
C0974,Individual,Michael,Hansen,1961-05-22,M,USA,New York,Home,1,No,Agency,65,4,1210990.11,302747.5275,589033.68,189589.64,1008.395,4033.58,2,1,Home-Focused Buyers - Cluster 2
C0975,Individual,Gregory,Reyes,1946-07-09,M,USA,Utah,Home,4,No,Website,80,3,941310.61,313770.2033333333,387772.79,210136.82,1050.08,3150.24,2,1,Home-Focused Buyers - Cluster 2
C0976,Individual,Ryan,Miller,1983-07-18,M,USA,California,Home,4,Yes,Website,43,4,1206149.98,301537.495,437270.83,195055.13,947.7475000000001,3790.9900000000002,2,1,Home-Focused Buyers - Cluster 2
C0977,Individual,Ryan,James,1996-04-07,M,USA,California,Home,1,No,Agency,30,3,944672.95,314890.98333333334,465826.16,146420.07,1092.5066666666667,3277.52,2,1,Home-Focused Buyers - Cluster 2
C0978,Individual,Lauren,Brown,1963-11-11,F,USA,California,Home,4,Yes,Website,62,3,1449360.9100000001,483120.3033333334,511639.2,465908.64,1526.9566666666667,4580.87,1,0,Home-Focused Buyers
C0979,Individual,Madison,Roberts,1940-02-25,F,CANADA,Quebec,Investment,4,No,Website,86,3,864661.4500000001,288220.48333333334,387129.95,236366.58,939.3299999999999,2817.99,2,1,Home-Focused Buyers - Cluster 2
C0980,Individual,Daniel,Davis,1942-01-13,M,USA,New York,Investment,1,Yes,Website,84,3,1156326.6400000001,385442.2133333334,459833.04,268744.96,1392.5566666666666,4177.67,1,0,Home-Focused Buyers
C0981,Individual,Jessica,Stewart,1961-11-14,F,USA,California,Investment,1,No,Website,64,4,2048324.19,512081.0475,529558.26,477744.58,1555.2975000000001,6221.1900000000005,1,0,Home-Focused Buyers
C0982,Individual,Joyce,Jackson,1961-07-08,F,CANADA,Manitoba,Investment,5,Yes,Agency,65,3,1443503.73,481167.91,567471.58,343645.42,1456.36,4369.08,1,0,Home-Focused Buyers
C0983,Individual,Brittany,Freeman,1994-06-21,F,GERMANY,North Rhine-Westphalia,Home,4,No,Website,32,3,803219.7,267739.89999999997,354787.43,156638.87,899.62,2698.86,2,1,Home-Focused Buyers - Cluster 2
C0984,Individual,Mark,Johnson,1962-12-03,M,CANADA,British Columbia,Home,5,Yes,Agency,63,3,1206529.21,402176.4033333333,508281.75,251971.56,1337.1733333333334,4011.52,1,0,Home-Focused Buyers
C0985,Individual,Ruth,Griffin,1954-10-15,F,USA,California,Home,1,Yes,Website,71,3,886990.72,295663.5733333333,460231.54,170733.9,934.4333333333334,2803.3,2,1,Home-Focused Buyers - Cluster 2
C0986,Individual,Jacqueline,Ward,1981-10-18,F,RUSSIA,Saint Petersburg,Home,2,No,Website,44,3,1445226.07,481742.0233333334,667262.77,378780.47,1510.3766666666668,4531.13,1,0,Home-Focused Buyers
C0987,Individual,Maria,Johnson,1967-10-22,F,GERMANY,North Rhine-Westphalia,Home,1,Yes,Agency,58,4,1086018.36,271504.59,443461.13,170872.82,984.12,3936.48,2,1,Home-Focused Buyers - Cluster 2
C0988,Individual,Douglas,Cooper,1988-04-21,M,USA,Texas,Home,3,Yes,Agency,38,3,695033.8,231677.93333333335,306320.78,155082.84,724.0866666666667,2172.26,2,1,Home-Focused Buyers - Cluster 2
C0989,Individual,Amber,Cook,1946-10-19,F,USA,Oregon,Home,4,No,Website,79,4,1129907.31,282476.8275,498692.85,146361.74,1035.1925,4140.77,2,1,Home-Focused Buyers - Cluster 2
C0990,Individual,Carl,Carter,1942-01-21,M,USA,Utah,Home,4,No,Website,84,4,1588383.3599999999,397095.83999999997,495705.73,299663.63,1321.76,5287.04,1,0,Home-Focused Buyers
C0991,Individual,Heather,Adams,1975-03-27,F,USA,Nevada,Home,1,No,Website,51,3,1223116.15,407705.3833333333,500394.39,306423.34,1464.8466666666666,4394.54,1,0,Home-Focused Buyers
C0992,Individual,Scott,Hughes,1988-11-19,M,DENMARK,Capital Region,Home,1,Yes,Website,37,4,1478482.61,369620.6525,484664.3,251749.52,1205.465,4821.86,1,0,Home-Focused Buyers
C0993,Individual,Ryan,Campbell,1954-03-11,M,USA,California,Home,2,Yes,Website,72,3,530494.44,176831.47999999998,217783.6,108921.54,610.62,1831.8600000000001,2,1,Home-Focused Buyers - Cluster 2
C0994,Individual,Michael,Moore,1976-11-26,M,USA,California,Home,3,No,Website,49,4,1379902.8699999999,344975.71749999997,578315.7,187806.73,1187.8925000000002,4751.570000000001,1,0,Home-Focused Buyers
C0995,Individual,Amanda,Kim,1949-10-14,F,AUSTRALIA,New South Wales,Home,1,Yes,Website,76,3,1004120.77,334706.92333333334,570222.0,171741.96,1037.11,3111.33,2,0,Home-Focused Buyers - Cluster 2
C0996,Individual,Terry,Howard,1956-06-11,M,CANADA,Manitoba,Home,2,Yes,Client,70,3,888968.0,296322.6666666667,463182.68,158061.44,941.2099999999999,2823.6299999999997,2,1,Home-Focused Buyers - Cluster 2
C0997,Individual,Terry,Collins,1950-03-11,M,USA,California,Investment,3,Yes,Agency,76,3,1607877.07,535959.0233333333,578538.26,489316.52,1654.4733333333334,4963.42,1,0,Home-Focused Buyers
C0998,Company,Grandis,Co,1969-05-06,F,USA,Virginia,Home,4,No,Agency,57,4,1230552.15,307638.0375,503618.69,175483.91,1053.27,4213.08,2,1,Home-Focused Buyers - Cluster 2
C0999,Individual,Jacqueline,Cox,1969-09-15,F,USA,California,Investment,3,No,Agency,56,3,661984.35,220661.44999999998,322054.98,168855.2,753.3133333333334,2259.94,2,1,Home-Focused Buyers - Cluster 2
C1000,Individual,Judith,Parker,1963-07-21,F,USA,Utah,Home,2,Yes,Website,63,4,1629372.23,407343.0575,574257.04,101076.8,1316.6550000000002,5266.620000000001,1,0,Home-Focused Buyers
C1001,Individual,Aaron,Nelson,1981-07-13,M,USA,California,Home,3,No,Website,45,4,1650296.94,412574.235,574884.08,312165.81,1326.3725,5305.49,1,0,Home-Focused Buyers
C1002,Individual,Scott,Hughes,1967-06-08,M,USA,California,Home,5,No,Website,59,3,1064050.72,354683.5733333333,570302.17,182607.12,1052.0866666666668,3156.26,2,1,Home-Focused Buyers - Cluster 2
C1003,Individual,Lauren,Bennett,1977-08-11,F,USA,Nevada,Home,2,No,Website,49,3,1164909.23,388303.07666666666,522271.82,291840.57,1303.7766666666666,3911.33,1,0,Home-Focused Buyers
C1004,Individual,Alexander,Anderson,1982-09-17,M,USA,Oregon,Home,3,Yes,Website,43,4,1553467.6600000001,388366.91500000004,554713.49,257018.21,1254.045,5016.18,1,1,Home-Focused Buyers
C1005,Individual,Barbara,Chavez,1988-06-07,F,GERMANY,Hamburg,Home,3,No,Client,38,3,778101.6000000001,259367.20000000004,325562.57,181678.15,993.0033333333334,2979.01,2,1,Home-Focused Buyers - Cluster 2
C1006,Individual,Stephanie,Weaver,1992-12-24,F,USA,Georgia,Home,1,No,Website,33,3,738938.8,246312.93333333335,317877.17,134382.93,828.39,2485.17,2,1,Home-Focused Buyers - Cluster 2
C1007,Individual,Joyce,Brooks,1948-10-25,F,UK,England,Home,4,No,Agency,77,3,813104.68,271034.89333333337,334696.9,190181.08,847.0366666666667,2541.11,2,1,Home-Focused Buyers - Cluster 2
C1008,Company,Sterling,Co,1987-10-02,M,USA,California,Home,2,No,Website,38,4,1018262.69,254565.6725,361077.2,200107.88,849.79,3399.16,2,1,Home-Focused Buyers - Cluster 2
C1009,Individual,Evelyn,Bell,1950-02-11,F,USA,Nevada,Investment,4,Yes,Agency,76,3,741160.04,247053.34666666668,306507.89,199337.08,971.1899999999999,2913.5699999999997,2,1,Home-Focused Buyers - Cluster 2
C1010,Individual,Dennis,Moore,1964-03-10,M,MEXICO,Jalisco,Home,4,No,Website,62,4,1331479.73,332869.9325,510151.14,174222.31,1077.195,4308.78,2,1,Home-Focused Buyers - Cluster 2
C1011,Individual,Virginia,Brooks,1952-12-18,F,USA,California,Investment,1,No,Website,73,4,1281389.3900000001,320347.34750000003,476326.35,240031.71,1075.505,4302.02,2,0,Home-Focused Buyers - Cluster 2
C1012,Individual,Raymond,Morales,1960-10-20,M,USA,New York,Home,4,Yes,Website,65,3,1690270.5,563423.5,599421.75,532909.35,1736.0333333333335,5208.1,1,0,Home-Focused Buyers
C1013,Individual,Stephanie,Patterson,1994-06-19,F,USA,Oregon,Home,1,Yes,Website,32,4,1627907.97,406976.9925,488639.08,325789.31,1298.145,5192.58,1,0,Home-Focused Buyers
C1014,Individual,David,Weaver,1969-01-06,M,USA,California,Home,3,Yes,Website,57,3,1278106.36,426035.45333333337,495367.08,296060.71,1523.6933333333334,4571.08,1,0,Home-Focused Buyers
C1015,Individual,Kyle,Davis,1977-09-01,M,USA,California,Home,4,Yes,Website,49,3,884426.51,294808.83666666667,471331.07,204741.22,973.09,2919.27,2,1,Home-Focused Buyers - Cluster 2
C1016,Individual,Andrea,Wilson,1976-04-05,F,USA,California,Home,4,Yes,Agency,50,4,1542774.6099999999,385693.65249999997,536215.12,150051.67,1214.5625,4858.25,1,0,Home-Focused Buyers
C1017,Individual,Megan,Baker,1968-12-22,F,USA,California,Home,1,Yes,Agency,57,4,1116371.43,279092.8575,457871.48,158297.69,928.745,3714.98,2,1,Home-Focused Buyers - Cluster 2
C1018,Individual,Tiffany,Turner,1967-06-19,F,USA,Colorado,Home,5,Yes,Client,59,3,845680.5700000001,281893.5233333334,347722.15,218646.74,1033.4833333333333,3100.45,2,1,Home-Focused Buyers - Cluster 2
C1019,Individual,Carolyn,Stewart,1975-10-27,F,USA,Nevada,Home,2,No,Client,50,3,1167255.18,389085.06,486688.21,285682.29,1325.0800000000002,3975.2400000000002,1,0,Home-Focused Buyers
C1020,Individual,Deborah,Morales,1994-07-23,F,USA,California,Home,3,No,Agency,32,4,1248826.8599999999,312206.71499999997,515392.69,188463.78,994.0725,3976.29,2,1,Home-Focused Buyers - Cluster 2
C1021,Individual,Jeffrey,Bryant,1974-09-04,M,USA,California,Investment,1,No,Client,52,4,1554739.9,388684.975,505490.44,204454.91,1340.7775000000001,5363.110000000001,1,0,Home-Focused Buyers
C1022,Individual,Christina,King,1984-04-17,F,USA,Colorado,Home,1,No,Agency,42,4,1389709.13,347427.2825,623455.64,224133.54,1122.0925,4488.37,2,0,Home-Focused Buyers - Cluster 2
C1023,Individual,Heather,Bell,1953-07-28,F,USA,Nevada,Home,1,Yes,Website,73,3,1336237.87,445412.62333333335,549773.4,304607.07,1599.3433333333332,4798.03,1,0,Home-Focused Buyers
C1024,Individual,Gregory,Long,1969-08-03,M,USA,Arizona,Investment,2,No,Agency,57,3,1351032.92,450344.30666666664,598612.25,370132.95,1510.3766666666668,4531.13,1,0,Home-Focused Buyers
C1025,Individual,Michelle,King,1947-01-20,F,USA,California,Home,1,No,Client,79,3,738424.1799999999,246141.3933333333,276688.99,208249.96,735.3566666666667,2206.07,2,1,Home-Focused Buyers - Cluster 2
C1026,Individual,Robert,Parker,1991-08-12,M,USA,California,Investment,1,No,Agency,35,3,1440775.1,480258.3666666667,582011.89,281759.38,1452.2633333333333,4356.79,1,0,Home-Focused Buyers
C1027,Individual,Gerald,White,1976-12-10,M,USA,California,Investment,1,Yes,Client,49,3,1554407.81,518135.9366666667,532123.09,503303.34,1649.26,4947.78,1,0,Home-Focused Buyers
C1028,Individual,Nicholas,Cox,1942-04-07,M,USA,California,Home,1,Yes,Website,84,4,1143826.71,285956.6775,479050.0,158596.58,984.12,3936.48,2,1,Home-Focused Buyers - Cluster 2
C1029,Individual,Ryan,Jackson,1949-11-06,M,AUSTRALIA,Victoria,Home,1,No,Agency,76,3,946560.97,315520.3233333333,409647.06,263713.04,1049.3799999999999,3148.14,2,0,Home-Focused Buyers - Cluster 2
C1030,Individual,Christine,Owens,1960-04-20,F,USA,Ohio,Home,4,No,Website,66,4,1353543.06,338385.765,406491.67,182618.24,1070.475,4281.9,2,0,Home-Focused Buyers - Cluster 2
C1031,Individual,Alexander,Reed,1989-01-13,M,UK,England,Home,1,No,Website,37,3,1011333.2,337111.06666666665,394120.88,241648.03,1088.5866666666668,3265.76,2,1,Home-Focused Buyers - Cluster 2
C1032,Individual,Larry,Freeman,1977-01-03,M,USA,Nevada,Home,5,No,Website,49,4,1494289.73,373572.4325,566395.41,238726.2,1086.2275,4344.91,1,0,Home-Focused Buyers
C1033,Individual,Eric,Jackson,1962-06-21,M,FRANCE,Ile-De-France,Home,2,No,Website,64,4,1496120.51,374030.1275,507541.5,139857.47,1313.38,5253.52,1,0,Home-Focused Buyers
C1034,Individual,Andrea,Wilson,1979-01-20,F,USA,Colorado,Home,5,No,Client,47,4,1200049.6,300012.4,429156.03,220615.2,970.375,3881.5,2,1,Home-Focused Buyers - Cluster 2
C1035,Individual,Jacob,Williams,1961-02-10,M,USA,Virginia,Home,2,No,Website,65,4,1528550.1300000001,382137.53250000003,550601.55,190875.59,1227.17,4908.68,1,0,Home-Focused Buyers
C1036,Individual,Martha,Collins,1988-03-13,F,USA,Oregon,Home,2,No,Agency,38,3,1176436.08,392145.36000000004,443662.17,358023.39,1350.4933333333333,4051.48,1,1,Home-Focused Buyers
C1037,Company,Corvus,Co,1970-01-02,M,MEXICO,Baja California,Home,2,Yes,Website,56,3,1115637.13,371879.0433333333,499833.64,230776.08,1190.3133333333333,3570.94,2,0,Home-Focused Buyers - Cluster 2
C1038,Individual,Gerald,Gray,1959-05-25,M,USA,California,Investment,3,No,Website,67,3,907128.2000000001,302376.0666666667,419687.28,228891.79,939.3299999999999,2817.99,2,1,Home-Focused Buyers - Cluster 2
C1039,Individual,Nicholas,Carter,1962-07-17,M,USA,California,Home,1,Yes,Agency,64,4,1428452.94,357113.235,585383.34,200514.16,1210.7375000000002,4842.950000000001,1,0,Home-Focused Buyers
C1040,Individual,Joseph,Young,1940-04-05,M,USA,California,Investment,5,Yes,Website,86,3,901095.79,300365.26333333337,332452.89,257546.1,992.2199999999999,2976.66,2,1,Home-Focused Buyers - Cluster 2
C1041,Individual,Evelyn,Morris,1990-12-07,F,USA,Nevada,Home,5,Yes,Website,35,3,1150040.79,383346.93,402848.9,372873.56,1303.7766666666666,3911.33,1,1,Home-Focused Buyers
C1042,Individual,Rebecca,Parker,1945-08-03,F,USA,Nevada,Home,2,No,Agency,81,4,1325783.46,331445.865,530985.4,212072.03,1122.0925,4488.37,2,1,Home-Focused Buyers - Cluster 2
C1043,Individual,Carol,Griffin,1999-07-14,F,USA,Washington,Home,5,No,Website,27,3,1067911.8599999999,355970.61999999994,426620.64,243788.12,1357.1933333333334,4071.58,1,1,Home-Focused Buyers
C1044,Individual,Eric,Howard,1971-05-15,M,USA,Nevada,Investment,5,No,Website,55,4,1368036.3900000001,342009.09750000003,443365.72,145055.82,1145.535,4582.14,1,0,Home-Focused Buyers
C1045,Individual,Rebecca,Allen,1942-04-01,F,USA,New York,Home,3,No,Website,84,3,974840.03,324946.6766666667,425602.22,255006.99,1060.1133333333335,3180.34,2,0,Home-Focused Buyers - Cluster 2
C1046,Individual,Maria,Wood,1969-05-21,F,CANADA,Quebec,Home,4,Yes,Website,57,4,1301128.39,325282.0975,517811.18,196835.54,1049.6999999999998,4198.799999999999,2,1,Home-Focused Buyers - Cluster 2
C1047,Individual,Ronald,Reyes,1984-12-12,M,USA,Virginia,Home,3,No,Website,41,3,1333737.83,444579.2766666667,547111.08,318695.18,1454.5733333333335,4363.72,1,0,Home-Focused Buyers
C1048,Individual,Angela,Turner,1970-01-27,F,USA,Oregon,Investment,1,No,Agency,56,3,1349339.41,449779.8033333333,583294.59,228875.86,1439.256666666667,4317.77,1,0,Home-Focused Buyers
C1049,Individual,Tiffany,Sanders,1940-11-05,F,USA,California,Investment,5,No,Website,85,3,1214294.1600000001,404764.72000000003,500013.28,226861.2,1451.5366666666669,4354.610000000001,1,0,Home-Focused Buyers
C1050,Individual,Tyler,Watson,1955-10-03,M,USA,Georgia,Home,4,Yes,Website,70,4,1274655.09,318663.7725,446439.12,175163.42,1192.72,4770.88,2,0,Home-Focused Buyers - Cluster 2
C1051,Individual,Cheryl,Hansen,1958-07-19,F,USA,Virginia,Home,1,Yes,Agency,68,3,894972.26,298324.08666666667,543773.78,142238.05,1016.7433333333333,3050.23,2,1,Home-Focused Buyers - Cluster 2
C1052,Individual,Kimberly,Parker,1953-04-24,F,USA,Utah,Home,1,Yes,Agency,73,4,1008000.54,252000.135,296702.8,197392.19,836.9425,3347.77,2,1,Home-Focused Buyers - Cluster 2
C1053,Individual,Adam,Kim,1974-11-10,M,MEXICO,Nuevo Leon,Home,2,Yes,Website,51,3,1280976.9,426992.3,630342.5,234238.08,1336.61,4009.83,1,0,Home-Focused Buyers
C1054,Individual,Edward,Foster,1989-09-04,M,USA,Arizona,Home,2,Yes,Website,37,3,837920.5800000001,279306.86000000004,317911.69,205003.87,879.3433333333332,2638.0299999999997,2,1,Home-Focused Buyers - Cluster 2
C1055,Individual,Jonathan,Bennett,1972-11-20,M,USA,New York,Investment,2,Yes,Website,53,3,811498.78,270499.5933333333,373299.4,208063.37,926.3966666666666,2779.19,2,1,Home-Focused Buyers - Cluster 2
C1056,Individual,Larry,Wilson,1979-01-19,M,USA,Colorado,Home,1,Yes,Website,47,3,1436352.77,478784.25666666665,499350.78,460780.85,1754.9366666666667,5264.81,1,0,Home-Focused Buyers
C1057,Individual,Jesse,Garcia,1994-04-17,M,USA,Nevada,Investment,5,No,Website,32,4,1430593.53,357648.3825,521044.57,234998.1,1301.4,5205.6,1,0,Home-Focused Buyers
C1058,Individual,Rachel,Weaver,1973-06-12,F,GERMANY,Bavaria,Home,3,Yes,Website,53,4,1526007.8199999998,381501.95499999996,532913.83,180205.66,1190.4075,4761.63,1,1,Home-Focused Buyers
C1059,Individual,Danielle,Davis,1978-06-26,F,USA,California,Home,4,No,Website,48,3,1266979.76,422326.58666666667,580992.98,228542.89,1422.97,4268.91,1,1,Home-Focused Buyers
C1060,Individual,Christian,Evans,1940-12-25,M,USA,Nevada,Home,5,No,Agency,85,3,1167625.18,389208.3933333333,557611.23,242722.37,1321.5033333333333,3964.51,1,1,Home-Focused Buyers
C1061,Individual,Stephanie,Smith,1960-06-01,F,UK,Scotland,Home,1,No,Website,66,4,1689767.29,422441.8225,575615.86,202450.21,1422.9925,5691.97,1,0,Home-Focused Buyers
C1062,Individual,Billy,Foster,1975-12-20,M,USA,California,Home,4,No,Agency,50,4,1766882.53,441720.6325,704808.48,168433.25,1406.6075,5626.43,1,0,Home-Focused Buyers
C1063,Individual,Nicole,Weaver,1988-12-05,F,USA,New York,Investment,5,Yes,Website,37,3,1315820.94,438606.98,496232.48,379665.9,1354.2933333333333,4062.88,1,0,Home-Focused Buyers
C1064,Individual,Brandon,Pierce,1945-08-06,M,USA,California,Home,5,Yes,Website,81,3,695434.77,231811.59,348131.23,140270.18,883.7466666666668,2651.2400000000002,2,1,Home-Focused Buyers - Cluster 2
C1065,Individual,Mark,Reyes,1955-01-06,M,USA,Georgia,Home,3,Yes,Client,71,3,1107631.34,369210.4466666667,450186.35,212764.22,1263.5766666666666,3790.73,1,1,Home-Focused Buyers
C1066,Individual,Ashley,Moore,1941-09-21,F,AUSTRALIA,Victoria,Home,1,No,Website,84,4,1208868.77,302217.1925,538035.23,151228.65,990.9875000000001,3963.9500000000003,2,0,Home-Focused Buyers - Cluster 2
C1067,Individual,Samuel,Howard,1942-12-24,M,MEXICO,Jalisco,Investment,4,No,Agency,83,3,849001.36,283000.4533333333,324856.86,258168.24,904.0466666666667,2712.1400000000003,2,1,Home-Focused Buyers - Cluster 2
C1068,Individual,Kathleen,Carter,1984-02-10,F,USA,California,Home,3,No,Agency,42,3,1403831.31,467943.77,524955.14,357740.08,1609.0333333333335,4827.1,1,0,Home-Focused Buyers
C1069,Individual,Lawrence,Cox,1992-06-13,M,USA,Virginia,Home,3,Yes,Agency,34,3,1323760.8399999999,441253.6133333333,580190.12,201059.89,1413.0600000000002,4239.18,1,0,Home-Focused Buyers
C1070,Individual,Virginia,Rogers,1951-06-26,F,GERMANY,Bavaria,Home,5,No,Agency,75,3,1286265.1400000001,428755.0466666667,453127.52,380519.67,1471.8999999999999,4415.7,1,0,Home-Focused Buyers
C1071,Individual,Aaron,Johnson,1966-08-11,M,USA,Texas,Home,2,No,Agency,60,4,1047375.62,261843.905,393101.99,148065.52,874.6275,3498.51,2,1,Home-Focused Buyers - Cluster 2
C1072,Individual,Kimberly,Jones,1962-06-10,F,USA,Utah,Home,3,No,Agency,64,3,829884.93,276628.31,335251.84,246505.73,979.0866666666667,2937.26,2,1,Home-Focused Buyers - Cluster 2
C1073,Individual,Carl,Collins,1955-07-02,M,USA,California,Investment,2,No,Website,71,4,1197808.83,299452.2075,333845.6,246896.31,952.0525,3808.21,2,1,Home-Focused Buyers - Cluster 2
C1074,Individual,George,Foster,1954-07-10,M,UK,Northern Ireland,Home,1,No,Website,72,3,1004700.45,334900.14999999997,467335.84,232180.63,1092.5400000000002,3277.6200000000003,2,0,Home-Focused Buyers - Cluster 2
C1075,Individual,Carolyn,Watson,1975-02-17,F,MEXICO,Baja California,Home,3,No,Website,51,4,1178400.08,294600.02,445987.2,162668.39,984.9525,3939.81,2,1,Home-Focused Buyers - Cluster 2
C1076,Individual,Betty,Thompson,1980-10-28,F,USA,Florida,Investment,3,No,Agency,45,3,884169.44,294723.14666666667,445754.21,150110.49,976.8166666666666,2930.45,2,1,Home-Focused Buyers - Cluster 2
C1077,Individual,Peter,Griffin,1982-03-07,M,USA,Texas,Investment,2,No,Agency,44,4,1467449.24,366862.31,537661.98,237286.38,1245.935,4983.74,1,0,Home-Focused Buyers
C1078,Individual,Joshua,Howard,1940-07-22,M,USA,Ohio,Home,1,No,Agency,86,3,1247337.58,415779.19333333336,491669.54,351114.27,1303.7766666666666,3911.33,1,0,Home-Focused Buyers
C1079,Individual,Steven,Hayes,1959-06-19,M,USA,California,Investment,4,Yes,Website,67,3,1151228.31,383742.77,557229.76,231625.87,1336.61,4009.83,1,1,Home-Focused Buyers
C1080,Individual,Hannah,Stewart,1956-10-06,F,UK,England,Investment,4,No,Agency,69,4,1594795.52,398698.88,482594.96,205329.68,1425.28,5701.12,1,0,Home-Focused Buyers
C1081,Company,Meridian,Co,1974-09-08,M,RUSSIA,Novosibirsk,Home,4,Yes,Agency,52,3,1006584.7,335528.23333333334,455284.06,137406.32,1203.39,3610.17,2,1,Home-Focused Buyers - Cluster 2
C1082,Individual,Patricia,Martin,1993-02-04,F,USA,Oregon,Investment,5,Yes,Website,33,3,829499.85,276499.95,388642.3,159539.68,953.1133333333333,2859.34,2,1,Home-Focused Buyers - Cluster 2
C1083,Individual,Pamela,Jackson,1950-10-06,F,USA,Colorado,Investment,4,No,Agency,75,4,1145122.1,286280.525,413563.21,125080.47,939.4875,3757.95,2,0,Home-Focused Buyers - Cluster 2
C1084,Individual,Sarah,Hansen,1989-07-27,F,FRANCE,Ile-De-France,Home,4,No,Agency,37,4,1357921.15,339480.2875,498074.48,216079.0,1136.6925,4546.77,2,1,Home-Focused Buyers - Cluster 2
C1085,Individual,Sarah,Flores,1947-10-18,F,AUSTRALIA,Queensland,Investment,1,No,Client,78,3,797675.03,265891.6766666667,291083.4,246750.84,994.8266666666667,2984.48,2,1,Home-Focused Buyers - Cluster 2
C1086,Individual,Timothy,Montgomery,1956-03-01,M,USA,Colorado,Home,1,Yes,Website,70,4,1339827.27,334956.8175,464470.15,274806.6,1030.21,4120.84,2,0,Home-Focused Buyers - Cluster 2
C1087,Individual,Matthew,Owens,1984-01-03,M,USA,Colorado,Home,3,No,Website,42,4,1878433.21,469608.3025,602057.55,313855.45,1575.1075,6300.43,1,0,Home-Focused Buyers
C1088,Individual,Nicholas,Stewart,1998-09-26,M,USA,Utah,Home,4,Yes,Agency,27,3,802271.19,267423.73,460665.54,124270.9,883.7466666666666,2651.24,2,1,Home-Focused Buyers - Cluster 2
C1089,Individual,Madison,Ward,1962-09-17,F,USA,Utah,Home,1,Yes,Website,63,4,959344.08,239836.02,273895.07,199928.99,828.375,3313.5,2,1,Home-Focused Buyers - Cluster 2
C1090,Individual,Laura,Moore,1962-09-07,F,CANADA,Alberta,Home,3,Yes,Client,64,3,1217272.58,405757.5266666667,495437.61,250769.15,1396.0966666666666,4188.29,1,1,Home-Focused Buyers
C1091,Individual,Arthur,Phillips,1984-07-21,M,USA,Nevada,Home,1,Yes,Agency,42,3,741797.49,247265.83,356627.2,128340.87,853.6566666666668,2560.9700000000003,2,1,Home-Focused Buyers - Cluster 2
C1092,Individual,Terry,Adams,1996-11-24,M,USA,Oregon,Investment,2,No,Website,29,3,1213248.05,404416.01666666666,492551.34,278521.93,1452.2633333333333,4356.79,1,0,Home-Focused Buyers
C1093,Individual,Adam,Allen,1980-07-13,M,USA,Oregon,Home,1,Yes,Website,46,3,805402.8300000001,268467.61000000004,334313.56,202422.0,900.46,2701.38,2,1,Home-Focused Buyers - Cluster 2
C1094,Individual,Sarah,Cook,1960-02-12,F,USA,Washington,Home,2,Yes,Website,66,4,1631407.56,407851.89,606086.6,327860.05,1273.5475000000001,5094.1900000000005,1,0,Home-Focused Buyers
C1095,Individual,Cynthia,Howard,1940-02-26,F,USA,California,Home,3,No,Agency,86,4,1454366.24,363591.56,566261.62,199816.53,1264.0125,5056.05,1,0,Home-Focused Buyers
C1096,Individual,Grace,Edwards,1965-05-20,F,USA,New York,Home,2,No,Client,61,4,1756661.91,439165.4775,561232.25,334718.74,1339.695,5358.78,1,0,Home-Focused Buyers
C1097,Individual,Teresa,Pierce,1962-07-16,F,CANADA,Alberta,Home,3,Yes,Agency,64,3,1064342.81,354780.9366666667,453949.46,223340.65,1162.6166666666666,3487.85,2,1,Home-Focused Buyers - Cluster 2
C1098,Individual,Paul,Young,1976-10-24,M,USA,California,Investment,3,No,Client,49,3,1187774.23,395924.74333333335,443496.6,329829.37,1290.0866666666668,3870.26,1,0,Home-Focused Buyers
C1099,Individual,Joan,Scott,1972-06-26,F,USA,Colorado,Home,3,No,Agency,54,4,1426501.12,356625.28,444521.07,223416.12,1153.0825,4612.33,1,0,Home-Focused Buyers
C1100,Individual,Frank,Thomas,1940-05-14,M,RUSSIA,Novosibirsk,Home,1,No,Website,86,4,1314225.5899999999,328556.39749999996,548635.7,149860.49,1042.1725000000001,4168.6900000000005,2,1,Home-Focused Buyers - Cluster 2
C1101,Individual,Matthew,King,1964-01-03,M,BELGIUM,Flanders,Home,5,No,Website,62,4,1037914.4299999999,259478.60749999998,325612.79,165907.49,868.5725,3474.29,2,1,Home-Focused Buyers - Cluster 2
C1102,Company,Harmon,Co,1960-05-06,M,GERMANY,Berlin,Home,2,No,Agency,66,4,1248456.03,312114.0075,516162.59,186326.2,993.0625,3972.25,2,1,Home-Focused Buyers - Cluster 2
C1103,Individual,Jose,Johnson,1961-04-27,M,BELGIUM,Wallonia,Home,4,No,Agency,65,4,1206840.81,301710.2025,496697.45,145782.57,997.415,3989.66,2,1,Home-Focused Buyers - Cluster 2
C1104,Individual,Christian,Weaver,1998-10-15,M,USA,Utah,Investment,5,Yes,Website,27,3,893996.19,297998.73,381470.55,223449.53,1025.0133333333333,3075.04,2,1,Home-Focused Buyers - Cluster 2
C1105,Individual,Roger,Ward,1940-01-14,M,USA,Nevada,Home,3,Yes,Website,86,4,1623510.31,405877.5775,550595.85,210426.14,1365.9450000000002,5463.780000000001,1,0,Home-Focused Buyers
C1106,Individual,Sean,Martin,1982-05-16,M,USA,California,Home,1,No,Agency,44,3,773499.85,257833.28333333333,329442.1,149499.39,842.68,2528.04,2,1,Home-Focused Buyers - Cluster 2
C1107,Individual,Frank,Hayes,1948-01-15,M,CANADA,British Columbia,Home,1,No,Website,78,3,1156527.59,385509.1966666667,540584.92,235196.88,1268.0466666666669,3804.1400000000003,1,0,Home-Focused Buyers
C1108,Individual,Helen,Ward,1994-01-12,F,AUSTRALIA,South Australia,Home,4,No,Website,32,3,1069904.1,356634.7,516476.18,203666.47,1238.36,3715.08,2,1,Home-Focused Buyers - Cluster 2
C1109,Individual,Rebecca,Anderson,1967-09-05,F,USA,California,Home,1,Yes,Client,59,4,1756965.37,439241.3425,531593.91,330077.14,1458.93,5835.72,1,0,Home-Focused Buyers
C1110,Individual,Harold,Watson,1977-05-12,M,USA,New York,Home,5,Yes,Website,49,4,1445458.33,361364.5825,441268.43,229427.6,1152.9099999999999,4611.639999999999,1,0,Home-Focused Buyers
C1111,Company,Corvus,Co,1967-01-23,M,USA,California,Home,4,Yes,Website,59,3,885146.14,295048.7133333333,435943.19,201409.8,897.3100000000001,2691.9300000000003,2,1,Home-Focused Buyers - Cluster 2
C1112,Individual,Donald,Green,1982-01-05,M,USA,Nevada,Investment,3,Yes,Website,44,3,961599.4199999999,320533.13999999996,388182.22,196161.06,975.9433333333333,2927.83,2,1,Home-Focused Buyers - Cluster 2
C1113,Individual,Brenda,Martin,1974-08-18,F,USA,Texas,Investment,2,No,Client,52,4,1162770.88,290692.72,523652.47,146766.78,942.0350000000001,3768.1400000000003,2,1,Home-Focused Buyers - Cluster 2
C1114,Individual,Cheryl,Wood,1992-02-04,F,USA,California,Home,3,No,Website,34,3,872825.73,290941.91,367529.08,149191.06,1072.7266666666667,3218.1800000000003,2,1,Home-Focused Buyers - Cluster 2
C1115,Individual,Joseph,Bell,1973-10-24,M,USA,Colorado,Home,3,Yes,Agency,52,3,1054599.19,351533.0633333333,472546.53,250548.46,1108.9966666666667,3326.9900000000002,2,1,Home-Focused Buyers - Cluster 2
C1116,Individual,Angela,Freeman,1991-12-17,F,USA,California,Home,1,Yes,Agency,34,3,766951.9500000001,255650.65000000002,294707.51,185697.91,879.3433333333332,2638.0299999999997,2,1,Home-Focused Buyers - Cluster 2
C1117,Individual,Rebecca,Patterson,1955-02-23,F,MEXICO,Mexico City,Home,5,Yes,Website,71,4,1149629.49,287407.3725,410756.82,202165.96,1047.99,4191.96,2,1,Home-Focused Buyers - Cluster 2
C1118,Company,Caldera,Co,1969-04-26,M,UK,Scotland,Investment,2,Yes,Website,57,3,859368.99,286456.33,401356.84,228567.85,983.3166666666666,2949.95,2,1,Home-Focused Buyers - Cluster 2
C1119,Individual,Larry,Green,1941-03-14,M,USA,Oregon,Home,1,Yes,Website,85,3,938703.6599999999,312901.22,394144.56,255651.88,949.9033333333333,2849.71,2,1,Home-Focused Buyers - Cluster 2
C1120,Individual,Kathleen,Carter,1979-07-16,F,USA,Arizona,Home,1,No,Website,47,4,1371211.29,342802.8225,436572.8,210701.37,1123.6174999999998,4494.469999999999,2,0,Home-Focused Buyers - Cluster 2
C1121,Individual,Carolyn,Gray,1985-06-02,F,USA,California,Home,1,No,Client,41,3,1014661.78,338220.5933333333,568008.79,206258.47,1124.5,3373.5,2,1,Home-Focused Buyers - Cluster 2
C1122,Individual,Judith,Evans,1942-10-04,F,USA,California,Home,4,No,Website,83,4,1558949.2,389737.3,625903.82,198448.41,1208.8775,4835.51,1,0,Home-Focused Buyers
C1123,Individual,Robert,Pierce,1951-03-11,M,USA,Virginia,Home,5,No,Agency,75,3,1241771.44,413923.8133333333,581087.19,254595.83,1283.7066666666667,3851.12,1,1,Home-Focused Buyers
C1124,Individual,Sharon,Murray,1976-02-04,F,USA,Oregon,Investment,5,Yes,Website,50,4,1272190.01,318047.5025,531100.09,174905.89,1040.8899999999999,4163.5599999999995,2,1,Home-Focused Buyers - Cluster 2
C1125,Individual,Ronald,Price,1941-02-03,M,USA,Oregon,Home,3,No,Agency,85,3,1186907.08,395635.69333333336,440465.95,320938.27,1332.34,3997.02,1,0,Home-Focused Buyers
C1126,Company,Elara,Co,1983-02-16,M,USA,Virginia,Home,1,Yes,Website,43,3,893488.2,297829.39999999997,440625.12,194083.34,1015.9399999999999,3047.8199999999997,2,1,Home-Focused Buyers - Cluster 2
C1127,Individual,Ann,Cooper,1943-06-15,F,UK,England,Investment,1,No,Website,83,3,838728.4,279576.13333333336,309658.36,248776.66,932.37,2797.11,2,0,Home-Focused Buyers - Cluster 2
C1128,Individual,Brian,Montgomery,1983-12-05,M,USA,California,Investment,1,No,Website,42,3,1186634.53,395544.8433333333,467492.04,334406.06,1330.8533333333332,3992.56,1,0,Home-Focused Buyers
C1129,Individual,Martha,Hansen,1945-09-03,F,USA,Colorado,Investment,5,No,Agency,81,4,1463125.26,365781.315,507394.76,182390.99,1219.4375,4877.75,1,0,Home-Focused Buyers
C1130,Individual,Tiffany,Parker,1987-03-01,F,USA,Arizona,Home,5,No,Website,39,4,1326217.01,331554.2525,678504.41,158892.76,1009.23,4036.92,2,1,Home-Focused Buyers - Cluster 2
C1131,Individual,Cheryl,Kim,1984-05-28,F,USA,California,Investment,3,No,Website,42,3,1210500.79,403500.26333333337,581631.78,188574.81,1317.7333333333333,3953.2,1,1,Home-Focused Buyers
C1132,Individual,Terry,Roberts,1982-01-21,M,USA,New York,Home,2,Yes,Website,44,3,1383901.27,461300.42333333334,574927.34,393046.65,1448.82,4346.46,1,0,Home-Focused Buyers
C1133,Individual,Jason,Hansen,1993-01-21,M,USA,Oregon,Investment,3,No,Website,33,4,1427019.92,356754.98,502325.67,218479.78,1210.7375000000002,4842.950000000001,1,1,Home-Focused Buyers
C1134,Individual,Dorothy,Bennett,1943-10-10,F,USA,California,Investment,1,No,Website,82,4,1088583.78,272145.945,453416.1,205334.04,905.0375,3620.15,2,0,Home-Focused Buyers - Cluster 2
C1135,Individual,Melissa,Phillips,1999-09-22,F,RUSSIA,Moscow Oblast,Investment,5,Yes,Client,26,3,1186082.75,395360.9166666667,484226.87,311395.34,1303.4733333333334,3910.42,1,1,Home-Focused Buyers
C1136,Individual,Shirley,Weaver,1965-04-27,F,USA,California,Home,3,Yes,Agency,61,3,1016844.64,338948.2133333333,430426.11,236838.98,1023.8800000000001,3071.6400000000003,2,1,Home-Focused Buyers - Cluster 2
C1137,Individual,Carol,Price,1986-12-24,F,USA,Nevada,Home,4,Yes,Agency,39,3,1114902.43,371634.1433333333,554352.77,272122.22,1140.1733333333334,3420.52,2,1,Home-Focused Buyers - Cluster 2
C1138,Individual,George,Green,1964-08-24,M,USA,Oregon,Home,1,No,Website,62,3,840602.9199999999,280200.9733333333,348889.77,224958.55,952.0733333333334,2856.2200000000003,2,0,Home-Focused Buyers - Cluster 2
C1139,Individual,Tiffany,Green,1996-03-03,F,USA,California,Home,4,Yes,Client,30,3,1297382.59,432460.86333333334,568773.25,237824.52,1439.256666666667,4317.77,1,1,Home-Focused Buyers
C1140,Individual,Billy,Jackson,1976-07-01,M,USA,Florida,Home,1,Yes,Website,50,3,1275809.71,425269.9033333333,551828.54,247736.87,1277.2733333333333,3831.8199999999997,1,0,Home-Focused Buyers
C1141,Individual,Kimberly,Montgomery,2000-01-26,F,USA,Arizona,Investment,3,No,Website,26,3,990242.33,330080.7766666667,436787.87,187373.72,1101.55,3304.65,2,1,Home-Focused Buyers - Cluster 2
C1142,Individual,Julia,Hughes,1948-03-10,F,USA,Colorado,Home,2,Yes,Agency,78,4,1492680.13,373170.0325,492869.13,260547.09,1222.37,4889.48,1,0,Home-Focused Buyers
C1143,Individual,Michael,Garcia,1994-09-10,M,USA,Arizona,Home,2,Yes,Website,32,3,1108329.67,369443.2233333333,404667.67,338497.95,1343.8166666666666,4031.45,1,0,Home-Focused Buyers
C1144,Individual,Diane,Young,1978-11-10,F,USA,Georgia,Investment,4,No,Client,47,4,1244666.12,311166.53,494178.87,164198.69,1027.0725,4108.29,2,1,Home-Focused Buyers - Cluster 2
C1145,Individual,Ethan,King,1993-04-04,M,USA,Nevada,Home,5,No,Website,33,3,1118850.31,372950.10333333333,568314.74,231915.89,1267.4066666666668,3802.2200000000003,1,1,Home-Focused Buyers
C1146,Individual,Richard,Weaver,1991-03-14,M,USA,California,Investment,2,No,Website,35,3,1037824.43,345941.4766666667,565819.26,131562.21,1136.0866666666668,3408.26,2,0,Home-Focused Buyers - Cluster 2
C1147,Individual,Brittany,Edwards,1978-02-09,F,USA,Utah,Home,3,No,Website,48,3,905314.84,301771.61333333334,555067.12,120305.09,1010.5300000000001,3031.59,2,1,Home-Focused Buyers - Cluster 2
C1148,Individual,Joshua,Rogers,1991-07-15,M,AUSTRALIA,New South Wales,Home,1,Yes,Agency,35,3,1083677.57,361225.8566666667,523867.62,264303.57,1221.3833333333334,3664.15,2,1,Home-Focused Buyers - Cluster 2
C1149,Individual,Kimberly,Thomas,1980-03-06,F,RUSSIA,Tatarstan,Home,3,No,Agency,46,4,1277449.99,319362.4975,484921.76,195801.49,1053.27,4213.08,2,1,Home-Focused Buyers - Cluster 2
C1150,Individual,Tiffany,Cook,1992-11-08,F,USA,Nevada,Investment,4,No,Agency,33,3,1476970.3,492323.43333333335,523968.19,436593.99,1550.1266666666668,4650.38,1,0,Home-Focused Buyers
C1151,Individual,Tyler,Anderson,1963-12-14,M,USA,Arizona,Investment,2,No,Website,62,4,1760000.3399999999,440000.08499999996,545707.37,259266.94,1350.2175,5400.87,1,0,Home-Focused Buyers
C1152,Individual,Jason,Williams,1977-09-16,M,USA,Georgia,Home,1,No,Website,48,4,1654928.32,413732.08,585559.25,232688.53,1374.585,5498.34,1,0,Home-Focused Buyers
C1153,Individual,Scott,Sanders,1991-09-14,M,USA,California,Home,1,No,Website,34,3,1007630.0,335876.6666666667,492913.41,213928.44,1170.3533333333332,3511.06,2,1,Home-Focused Buyers - Cluster 2
C1154,Individual,Jerry,Brown,1956-07-12,M,USA,Utah,Home,5,Yes,Agency,70,4,1373889.96,343472.49,518104.03,193328.23,1135.325,4541.3,2,0,Home-Focused Buyers - Cluster 2
C1155,Individual,William,Young,1977-03-03,M,USA,California,Home,5,No,Website,49,3,1577625.0,525875.0,589821.06,477187.81,1679.1066666666666,5037.32,1,0,Home-Focused Buyers
C1156,Individual,Dorothy,Kim,1956-05-16,F,USA,Virginia,Home,4,No,Agency,70,3,859956.66,286652.22000000003,441602.33,182821.64,1008.13,3024.39,2,1,Home-Focused Buyers - Cluster 2
C1157,Individual,Kenneth,Davis,1944-11-02,M,CANADA,Alberta,Investment,2,No,Website,81,4,894080.38,223520.095,329573.31,140627.96,716.4525,2865.81,2,1,Home-Focused Buyers - Cluster 2
C1158,Individual,Joan,Pierce,1955-05-19,F,USA,California,Investment,2,No,Website,71,3,941360.29,313786.76333333337,596516.36,157263.39,972.0533333333333,2916.16,2,0,Home-Focused Buyers - Cluster 2
C1159,Individual,Gerald,Howard,1940-03-24,M,USA,Nevada,Investment,1,Yes,Website,86,3,1170550.92,390183.63999999996,558548.42,252948.01,1175.6833333333334,3527.05,1,0,Home-Focused Buyers
C1160,Individual,Walter,Griffin,1980-11-21,M,USA,Florida,Home,2,Yes,Website,45,4,1359425.8599999999,339856.46499999997,510079.55,194575.52,1101.9875,4407.95,2,1,Home-Focused Buyers - Cluster 2
C1161,Individual,Stephen,White,1994-02-12,M,CANADA,Alberta,Investment,3,Yes,Website,32,4,2022416.31,505604.0775,724345.49,200432.99,1486.3274999999999,5945.3099999999995,1,0,Home-Focused Buyers
C1162,Individual,Charles,Nelson,1962-01-25,M,USA,California,Investment,2,No,Website,64,4,1116223.63,279055.9075,446838.6,204268.81,872.6800000000001,3490.7200000000003,2,1,Home-Focused Buyers - Cluster 2
C1163,Individual,Noah,Morales,1998-10-26,M,USA,California,Home,3,Yes,Website,27,4,1202709.18,300677.295,498755.52,136987.43,1059.8375,4239.35,2,1,Home-Focused Buyers - Cluster 2
C1164,Individual,Emma,Watson,1968-04-11,F,BELGIUM,Wallonia,Home,3,Yes,Agency,58,4,1315287.03,328821.7575,411818.69,207543.49,1169.615,4678.46,2,1,Home-Focused Buyers - Cluster 2
C1165,Individual,Victoria,Alexander,1994-09-26,F,RUSSIA,Moscow Oblast,Home,1,No,Website,31,3,970705.3999999999,323568.4666666666,509155.44,188928.74,1079.9266666666665,3239.7799999999997,2,1,Home-Focused Buyers - Cluster 2
C1166,Individual,Scott,Hall,1991-11-15,M,USA,New York,Investment,1,No,Website,34,4,1163601.79,290900.4475,408434.17,143176.47,939.4875,3757.95,2,1,Home-Focused Buyers - Cluster 2
C1167,Individual,Kevin,Alexander,1967-12-20,M,UK,Scotland,Home,3,No,Website,58,3,1163104.83,387701.61000000004,662126.19,144762.45,1193.7733333333333,3581.32,1,1,Home-Focused Buyers
C1168,Individual,Brittany,Reyes,1998-12-25,F,GERMANY,Hamburg,Home,2,Yes,Agency,27,4,1081069.19,270267.2975,382048.18,177039.39,901.245,3604.98,2,1,Home-Focused Buyers - Cluster 2
C1169,Individual,Noah,Bryant,1994-01-05,M,RUSSIA,Saint Petersburg,Home,5,Yes,Agency,32,4,900300.22,225075.055,269707.97,134300.91,832.615,3330.46,2,1,Home-Focused Buyers - Cluster 2
C1170,Individual,Amanda,Collins,1990-02-09,F,USA,Nevada,Home,1,Yes,Website,36,4,1165955.62,291488.905,366328.69,163386.52,1009.9325,4039.73,2,1,Home-Focused Buyers - Cluster 2
C1171,Individual,Anna,Patterson,1984-08-21,F,USA,California,Investment,4,Yes,Website,42,4,1561809.25,390452.3125,527403.68,150873.32,1276.9875,5107.95,1,1,Home-Focused Buyers
C1172,Individual,Victoria,Freeman,1942-11-05,F,USA,Nevada,Home,5,No,Website,83,4,1240274.79,310068.6975,454693.74,155210.56,990.4475,3961.79,2,0,Home-Focused Buyers - Cluster 2
C1173,Individual,Cheryl,Price,1984-11-02,F,CANADA,Manitoba,Investment,1,No,Website,41,4,1261072.17,315268.0425,468922.65,146612.19,1014.9825,4059.93,2,1,Home-Focused Buyers - Cluster 2
C1174,Individual,Kenneth,White,1982-07-06,M,USA,Nevada,Home,2,No,Agency,44,4,1414798.99,353699.7475,446099.24,187417.14,1244.8049999999998,4979.219999999999,1,1,Home-Focused Buyers
C1175,Individual,Evelyn,Long,1959-09-27,F,USA,California,Home,2,No,Website,66,4,1766232.62,441558.155,675388.05,227380.78,1449.3775,5797.51,1,0,Home-Focused Buyers
C1176,Individual,Lauren,Baker,1975-06-03,F,USA,California,Investment,4,Yes,Agency,51,3,1003328.89,334442.9633333333,441387.41,245418.89,1170.3533333333332,3511.06,2,1,Home-Focused Buyers - Cluster 2
C1177,Individual,Larry,Sanders,1998-09-05,M,USA,California,Investment,2,No,Agency,28,4,1047224.2699999999,261806.06749999998,321100.73,214955.52,816.1600000000001,3264.6400000000003,2,1,Home-Focused Buyers - Cluster 2
C1178,Individual,Jessica,Richardson,1950-07-16,F,USA,California,Home,1,No,Agency,76,3,744651.07,248217.02333333332,390678.42,166635.32,801.46,2404.38,2,1,Home-Focused Buyers - Cluster 2
C1179,Individual,Melissa,Anderson,1991-02-09,F,USA,California,Home,4,No,Agency,35,3,848152.02,282717.34,361461.89,216206.13,1045.8666666666668,3137.6000000000004,2,1,Home-Focused Buyers - Cluster 2
C1180,Individual,Deborah,Miller,1995-07-11,F,BELGIUM,Brussels,Home,2,Yes,Website,31,4,1111089.24,277772.31,413510.38,197514.96,1050.5725,4202.29,2,1,Home-Focused Buyers - Cluster 2
C1181,Individual,Judith,Hansen,1956-03-23,F,USA,Nevada,Investment,5,No,Website,70,3,743723.3099999999,247907.77,352725.16,191419.3,939.3299999999999,2817.99,2,1,Home-Focused Buyers - Cluster 2
C1182,Individual,Christopher,Murray,1961-03-11,M,GERMANY,Bavaria,Investment,3,Yes,Website,65,4,1522183.38,380545.845,539392.07,238204.01,1269.065,5076.26,1,1,Home-Focused Buyers
C1183,Individual,Carl,Rogers,1993-11-14,M,USA,Arizona,Investment,1,No,Website,32,4,1364593.88,341148.47,546764.12,207676.96,1088.3825,4353.53,2,1,Home-Focused Buyers - Cluster 2
C1184,Individual,David,Nelson,1953-04-14,M,FRANCE,Ile-De-France,Home,2,No,Website,73,3,500255.63,166751.87666666668,202634.18,128430.27,624.2366666666667,1872.71,2,1,Home-Focused Buyers - Cluster 2
C1185,Individual,Ronald,Peterson,2000-06-27,M,USA,California,Home,3,No,Website,26,4,1218570.99,304642.7475,388613.55,185323.76,1029.9125,4119.65,2,1,Home-Focused Buyers - Cluster 2
C1186,Individual,Victoria,Bennett,1978-06-27,F,USA,Nevada,Home,3,Yes,Website,48,3,1141153.96,380384.6533333333,585004.16,271991.93,1221.6766666666665,3665.0299999999997,1,1,Home-Focused Buyers
C1187,Individual,Melissa,Pierce,1962-03-18,F,USA,Nevada,Home,4,No,Website,64,3,1097539.23,365846.41,564972.81,206179.46,1092.5066666666667,3277.52,2,1,Home-Focused Buyers - Cluster 2
C1188,Individual,Matthew,White,1995-11-01,M,CANADA,Alberta,Home,1,No,Client,30,4,1437535.25,359383.8125,581530.71,186304.06,1190.4075,4761.63,1,1,Home-Focused Buyers
C1189,Individual,Peter,Alexander,1963-01-22,M,USA,Florida,Home,2,Yes,Client,63,4,1180295.09,295073.7725,382331.32,210320.24,989.2175,3956.87,2,0,Home-Focused Buyers - Cluster 2
C1190,Individual,Sandra,Baker,1946-08-04,F,USA,Texas,Home,4,No,Client,80,4,1358669.02,339667.255,495056.58,153688.18,1115.61,4462.44,2,0,Home-Focused Buyers - Cluster 2
C1191,Individual,Mary,Cox,1950-04-17,F,USA,California,Investment,3,No,Website,76,3,1095538.81,365179.60333333333,409260.76,278376.64,1357.1933333333334,4071.58,1,0,Home-Focused Buyers
C1192,Individual,Adam,Jones,2000-01-05,M,USA,Florida,Home,5,No,Website,26,4,1111237.94,277809.485,462493.65,184734.0,941.135,3764.54,2,1,Home-Focused Buyers - Cluster 2
C1193,Individual,Amy,Owens,1975-04-20,F,UK,England,Home,1,No,Website,51,4,946796.24,236699.06,360341.5,119668.45,716.4525,2865.81,2,1,Home-Focused Buyers - Cluster 2
C1194,Individual,Melissa,Brooks,1943-06-17,F,USA,Colorado,Home,1,No,Website,83,3,1084957.53,361652.51,431485.71,263976.08,1263.8633333333335,3791.59,1,0,Home-Focused Buyers
C1195,Individual,Anna,Pierce,1990-06-07,F,USA,California,Home,4,Yes,Agency,36,4,1118238.91,279559.7275,475030.73,166515.01,910.925,3643.7,2,1,Home-Focused Buyers - Cluster 2
C1196,Individual,William,Freeman,1955-09-03,M,USA,Nevada,Home,2,No,Agency,71,4,1731153.76,432788.44,588124.15,374729.63,1356.32,5425.28,1,0,Home-Focused Buyers
C1197,Individual,Deborah,Roberts,1959-04-10,F,USA,Arizona,Home,4,No,Website,67,3,1439595.57,479865.19,584272.04,353301.13,1471.4466666666667,4414.34,1,0,Home-Focused Buyers
C1198,Individual,Lisa,Young,1960-01-21,F,USA,New York,Home,1,No,Agency,66,3,1415391.5899999999,471797.1966666666,674268.09,271652.39,1493.243333333333,4479.73,1,0,Home-Focused Buyers
C1199,Individual,Justin,Campbell,1943-03-03,M,USA,Colorado,Home,2,No,Website,83,4,1013002.89,253250.7225,367400.47,137339.47,910.2925,3641.17,2,1,Home-Focused Buyers - Cluster 2
C1200,Individual,Henry,Taylor,1969-11-03,M,USA,Utah,Home,4,No,Agency,56,4,1789601.3299999998,447400.33249999996,635580.39,229701.65,1422.9925,5691.97,1,0,Home-Focused Buyers
C1201,Individual,Timothy,Stewart,2000-03-22,M,USA,Oregon,Investment,1,Yes,Website,26,4,1063833.91,265958.4775,353358.62,198532.55,896.2525,3585.01,2,1,Home-Focused Buyers - Cluster 2
C1202,Company,Telnox,Co,1985-05-09,M,CANADA,Quebec,Investment,5,Yes,Website,41,4,1527115.1600000001,381778.79000000004,581236.54,195064.03,1263.775,5055.1,1,1,Home-Focused Buyers
C1203,Individual,Ashley,Green,1962-01-18,F,USA,Arizona,Home,2,Yes,Website,64,3,1083378.55,361126.18333333335,437211.33,242015.72,1329.57,3988.71,1,1,Home-Focused Buyers
C1204,Individual,William,Reed,1992-04-03,M,MEXICO,Puebla,Investment,2,Yes,Website,34,3,1231356.24,410452.08,603910.96,273177.97,1280.28,3840.84,1,0,Home-Focused Buyers
C1205,Individual,Patrick,Pierce,1959-05-15,M,BELGIUM,Flanders,Home,4,No,Website,67,3,968123.38,322707.79333333333,498260.56,131261.13,1076.69,3230.07,2,1,Home-Focused Buyers - Cluster 2
C1206,Individual,Melissa,Baker,1957-12-09,F,USA,California,Investment,5,No,Website,68,3,941726.19,313908.73,396440.12,217768.24,1140.3999999999999,3421.2,2,1,Home-Focused Buyers - Cluster 2
C1207,Individual,Lauren,Price,1973-10-24,F,USA,Texas,Home,5,Yes,Agency,52,4,1084392.98,271098.245,328706.37,220771.71,1010.095,4040.38,2,1,Home-Focused Buyers - Cluster 2
C1208,Individual,Noah,Ward,1977-11-27,M,USA,Colorado,Home,1,No,Website,48,3,1277019.82,425673.2733333334,561711.27,314114.79,1477.03,4431.09,1,0,Home-Focused Buyers
C1209,Individual,Tiffany,Kim,1978-07-01,F,USA,California,Home,4,Yes,Website,48,4,1201633.01,300408.2525,401888.63,141101.65,1123.3175,4493.27,2,1,Home-Focused Buyers - Cluster 2
C1210,Individual,Dennis,Cox,1991-06-04,M,USA,California,Investment,1,No,Website,35,4,1146800.83,286700.2075,409323.23,183064.12,897.47,3589.88,2,1,Home-Focused Buyers - Cluster 2
C1211,Individual,Kathleen,Owens,1996-07-10,F,CANADA,British Columbia,Home,5,Yes,Website,30,4,1447927.02,361981.755,457810.49,298606.04,1167.105,4668.42,1,1,Home-Focused Buyers
C1212,Individual,Lawrence,Gray,1957-07-11,M,USA,California,Home,1,No,Agency,69,4,1052290.76,263072.69,396779.8,139398.8,904.0100000000001,3616.0400000000004,2,1,Home-Focused Buyers - Cluster 2
C1213,Individual,Ruth,Martin,1993-08-06,F,CANADA,Manitoba,Home,5,No,Website,33,3,829461.56,276487.1866666667,351625.35,184707.19,899.9899999999999,2699.97,2,1,Home-Focused Buyers - Cluster 2
C1214,Individual,Jennifer,Peterson,2000-08-10,F,USA,Florida,Home,1,No,Agency,26,4,1725018.4100000001,431254.60250000004,563581.06,325875.47,1446.1125,5784.45,1,0,Home-Focused Buyers
C1215,Individual,Charles,Patterson,1994-07-24,M,USA,California,Home,3,No,Website,32,3,1140423.3800000001,380141.1266666667,664530.42,171907.93,1104.51,3313.53,2,1,Home-Focused Buyers - Cluster 2
C1216,Individual,Martha,Jordan,1997-07-10,F,FRANCE,Normandy,Home,4,No,Website,29,3,1191384.37,397128.12333333335,551096.05,282845.5,1464.8466666666666,4394.54,1,1,Home-Focused Buyers
C1217,Individual,William,Carter,1997-01-05,M,USA,California,Investment,4,Yes,Website,29,3,1007204.78,335734.9266666667,461132.81,204844.07,1186.4366666666667,3559.31,2,1,Home-Focused Buyers - Cluster 2
C1218,Individual,Teresa,Smith,1941-12-28,F,USA,California,Home,1,Yes,Website,84,4,1308613.5699999998,327153.39249999996,449085.55,270218.56,1121.525,4486.1,2,0,Home-Focused Buyers - Cluster 2
C1219,Individual,Danielle,Howard,1983-12-06,F,USA,Arizona,Home,1,Yes,Website,42,3,867409.27,289136.42333333334,430666.39,125388.18,1074.6233333333332,3223.87,2,1,Home-Focused Buyers - Cluster 2
C1220,Individual,Christina,Martin,1967-09-08,F,USA,Colorado,Investment,4,Yes,Website,59,4,1471199.75,367799.9375,508492.43,239287.16,1254.045,5016.18,1,1,Home-Focused Buyers
C1221,Individual,Cynthia,Thomas,1984-05-23,F,USA,Nevada,Investment,2,No,Agency,42,3,1354868.93,451622.9766666666,506860.65,363412.93,1565.3233333333335,4695.97,1,0,Home-Focused Buyers
C1222,Individual,Christopher,Taylor,1969-01-07,M,USA,Utah,Home,4,No,Website,57,3,1319349.8599999999,439783.2866666666,626423.06,167129.85,1362.3833333333334,4087.15,1,0,Home-Focused Buyers
C1223,Individual,Sharon,Stone,1952-09-17,F,USA,Washington,Home,4,No,Website,73,3,1072582.78,357527.5933333333,403699.08,319044.27,1369.7300000000002,4109.1900000000005,1,1,Home-Focused Buyers
C1224,Individual,Paul,Carter,1942-06-13,M,USA,New York,Investment,5,Yes,Client,84,3,827238.27,275746.09,432388.36,134841.47,964.2666666666665,2892.7999999999997,2,1,Home-Focused Buyers - Cluster 2
C1225,Individual,Larry,James,1990-11-10,M,USA,Oregon,Home,2,No,Website,35,3,1122587.7,374195.89999999997,606790.94,223765.97,1168.3366666666668,3505.01,2,1,Home-Focused Buyers - Cluster 2
C1226,Individual,Michael,Sanders,1989-05-01,M,USA,Utah,Home,4,No,Website,37,3,972596.1300000001,324198.71,413286.53,240746.66,1082.8966666666668,3248.69,2,1,Home-Focused Buyers - Cluster 2
C1227,Individual,Alexander,Reyes,1987-03-13,M,USA,Colorado,Home,3,Yes,Agency,39,4,2151534.73,537883.6825,627385.67,487600.08,1676.3825,6705.53,1,0,Home-Focused Buyers
C1228,Individual,Joseph,Howard,1954-07-07,M,USA,California,Home,2,No,Website,72,3,1058718.77,352906.25666666665,508674.8,251554.82,1124.5,3373.5,2,0,Home-Focused Buyers - Cluster 2
C1229,Individual,Madison,Reyes,1994-11-02,F,UK,Scotland,Home,1,Yes,Website,31,3,1185126.78,395042.26,556269.12,254096.51,1303.4733333333334,3910.42,1,1,Home-Focused Buyers
C1230,Individual,Lawrence,Parker,1985-02-18,M,USA,California,Home,5,No,Client,41,3,759973.15,253324.38333333333,341233.68,172358.52,801.46,2404.38,2,1,Home-Focused Buyers - Cluster 2
C1231,Individual,Betty,Carter,1954-12-09,F,USA,California,Home,2,No,Agency,71,3,859705.1699999999,286568.38999999996,372010.36,130666.74,922.6666666666666,2768.0,2,1,Home-Focused Buyers - Cluster 2
C1232,Individual,Mary,Jackson,1989-09-23,F,CANADA,British Columbia,Home,3,No,Website,36,4,1527373.03,381843.2575,516863.32,140340.38,1173.8125,4695.25,1,1,Home-Focused Buyers
C1233,Individual,Brian,Scott,1979-08-05,M,USA,Utah,Home,4,No,Website,47,3,936287.8,312095.93333333335,421407.86,140776.38,1078.7866666666666,3236.3599999999997,2,1,Home-Focused Buyers - Cluster 2
C1234,Individual,Karen,King,1957-01-20,F,USA,Colorado,Investment,1,No,Website,69,4,1463190.28,365797.57,539693.29,203362.09,1278.045,5112.18,1,0,Home-Focused Buyers
C1235,Individual,Michael,Morales,1957-05-27,M,USA,Arizona,Home,2,No,Website,69,4,1271344.1099999999,317836.02749999997,611112.1,212527.02,1025.3225,4101.29,2,1,Home-Focused Buyers - Cluster 2
C1236,Individual,Brandon,Cook,1972-08-24,M,USA,Arizona,Home,4,Yes,Website,54,4,1747766.02,436941.505,560683.85,200969.37,1415.4825,5661.93,1,0,Home-Focused Buyers
C1237,Individual,Helen,Cook,1943-09-25,F,UK,Wales,Investment,4,Yes,Website,82,3,688233.74,229411.24666666667,340807.81,130733.1,775.5666666666666,2326.7,2,1,Home-Focused Buyers - Cluster 2
C1238,Individual,Joshua,Bennett,1946-04-22,M,USA,Nevada,Home,1,Yes,Agency,80,4,1648873.57,412218.3925,524988.7,362075.38,1343.6575,5374.63,1,0,Home-Focused Buyers
C1239,Individual,Catherine,Adams,1953-02-07,F,USA,Oregon,Home,3,No,Agency,73,4,1457041.08,364260.27,555539.4,179792.45,1114.2125,4456.85,1,0,Home-Focused Buyers
C1240,Individual,Gloria,Wright,1984-11-12,F,USA,Nevada,Investment,4,Yes,Website,41,3,1018594.4400000001,339531.48000000004,534650.14,140446.79,1104.51,3313.53,2,1,Home-Focused Buyers - Cluster 2
C1241,Individual,Danielle,Martin,1973-08-19,F,USA,California,Home,1,No,Agency,53,4,1157084.5899999999,289271.14749999996,410171.8,187628.25,948.835,3795.34,2,1,Home-Focused Buyers - Cluster 2
C1242,Individual,Gerald,Collins,1961-09-22,M,USA,California,Home,3,Yes,Website,64,3,1055842.78,351947.5933333333,424910.39,245885.21,1138.4233333333334,3415.27,2,1,Home-Focused Buyers - Cluster 2
C1243,Individual,Jeffrey,Edwards,1948-10-04,M,USA,Colorado,Home,1,No,Website,77,4,1419502.04,354875.51,541890.18,253089.26,1246.6175,4986.47,1,0,Home-Focused Buyers
C1244,Individual,Joseph,Phillips,1992-06-10,M,USA,Utah,Investment,5,Yes,Website,34,3,1438309.93,479436.6433333333,598240.7,378675.72,1513.17,4539.51,1,0,Home-Focused Buyers
C1245,Individual,Edward,Reyes,1963-02-10,M,USA,California,Home,3,Yes,Agency,63,3,1422519.51,474173.17,500160.52,446463.88,1529.4633333333334,4588.39,1,0,Home-Focused Buyers
C1246,Individual,Joyce,Jackson,1943-05-10,F,CANADA,Alberta,Home,2,No,Agency,83,3,859984.47,286661.49,360318.53,240057.11,980.8699999999999,2942.6099999999997,2,1,Home-Focused Buyers - Cluster 2
C1247,Individual,Judy,Moore,1957-04-09,F,USA,Nevada,Investment,2,No,Website,69,4,1774416.3199999998,443604.07999999996,544990.2,365818.56,1489.73,5958.92,1,0,Home-Focused Buyers
C1248,Individual,Sara,Scott,1976-07-04,F,USA,Arizona,Home,3,No,Agency,50,3,786895.89,262298.63,371938.81,164387.68,899.62,2698.86,2,1,Home-Focused Buyers - Cluster 2
C1249,Individual,Janet,James,1971-07-14,F,USA,California,Investment,1,No,Website,55,4,1289938.6400000001,322484.66000000003,465116.85,207675.26,1146.0149999999999,4584.0599999999995,2,0,Home-Focused Buyers - Cluster 2
C1250,Individual,Jordan,Stewart,1950-04-19,M,USA,Nevada,Home,5,No,Agency,76,3,1582661.61,527553.87,554882.17,513299.69,1674.54,5023.62,1,0,Home-Focused Buyers
C1251,Individual,Aaron,Thompson,1975-11-01,M,USA,Texas,Investment,5,No,Website,50,4,1246714.37,311678.5925,448815.67,220469.2,967.0,3868.0,2,1,Home-Focused Buyers - Cluster 2
C1252,Individual,Margaret,Cook,1962-02-27,F,USA,Arizona,Home,3,Yes,Website,64,3,1137673.55,379224.51666666666,513716.25,295574.91,1221.6766666666665,3665.0299999999997,1,1,Home-Focused Buyers
C1253,Individual,Jason,Flores,1991-09-24,M,USA,California,Home,2,No,Agency,34,3,767162.2200000001,255720.74000000002,378213.4,116092.04,814.3533333333334,2443.06,2,1,Home-Focused Buyers - Cluster 2
C1254,Individual,Ethan,Freeman,1956-04-04,M,USA,California,Home,5,Yes,Agency,70,4,1604050.8800000001,401012.72000000003,471923.26,267340.32,1279.9,5119.6,1,0,Home-Focused Buyers
C1255,Individual,Mark,Patterson,1999-09-15,M,USA,California,Home,3,No,Agency,26,4,1105130.19,276282.5475,469476.95,173539.43,942.035,3768.14,2,1,Home-Focused Buyers - Cluster 2
C1256,Company,Triton,Co,1972-02-18,F,USA,California,Investment,4,No,Agency,54,3,1227293.02,409097.67333333334,483098.81,307624.42,1357.1933333333334,4071.58,1,1,Home-Focused Buyers
C1257,Individual,Michael,Scott,1991-12-22,M,USA,California,Home,5,Yes,Agency,34,3,850550.13,283516.71,426820.06,165624.19,893.3766666666667,2680.13,2,1,Home-Focused Buyers - Cluster 2
C1258,Individual,Betty,Stone,1969-06-22,F,USA,Nevada,Home,1,No,Website,57,4,1015636.19,253909.0475,364302.2,134549.97,821.355,3285.42,2,1,Home-Focused Buyers - Cluster 2
C1259,Individual,William,Edwards,1971-02-19,M,USA,California,Investment,3,Yes,Agency,55,4,1256766.51,314191.6275,464754.23,135427.72,1004.1575,4016.63,2,1,Home-Focused Buyers - Cluster 2
C1260,Individual,Elizabeth,Ward,1992-08-24,F,USA,California,Home,2,No,Agency,34,4,1633449.34,408362.335,541416.84,261007.06,1423.1725,5692.69,1,0,Home-Focused Buyers
C1261,Individual,Patrick,Kim,1976-09-03,M,USA,Utah,Home,3,No,Client,50,3,1491163.72,497054.5733333333,596435.43,418846.63,1504.28,4512.84,1,0,Home-Focused Buyers
C1262,Individual,Dorothy,Evans,1950-11-10,F,USA,California,Investment,4,No,Agency,75,3,961425.37,320475.12333333335,443089.55,160112.49,1077.3233333333335,3231.9700000000003,2,1,Home-Focused Buyers - Cluster 2
C1263,Individual,Lawrence,Alexander,1951-11-17,M,USA,California,Investment,3,No,Agency,74,4,1975384.2000000002,493846.05000000005,599817.91,345685.38,1602.67,6410.68,1,0,Home-Focused Buyers
C1264,Individual,Sarah,Garcia,1999-12-06,F,USA,California,Investment,1,No,Agency,26,3,1287173.46,429057.82,564663.44,279490.72,1452.2633333333333,4356.79,1,0,Home-Focused Buyers
C1265,Individual,Gary,White,1943-03-24,M,USA,Washington,Home,1,Yes,Agency,83,3,1070432.96,356810.98666666663,421254.04,302296.14,1325.71,3977.13,1,0,Home-Focused Buyers
C1266,Individual,Christopher,Hughes,1952-06-20,M,UK,England,Home,2,No,Website,74,4,1204291.73,301072.9325,444502.63,138490.04,1101.9875,4407.95,2,0,Home-Focused Buyers - Cluster 2
C1267,Individual,Dorothy,Peterson,1965-04-07,F,USA,Colorado,Home,3,Yes,Website,61,3,1399933.8800000001,466644.6266666667,555003.81,374108.25,1529.4633333333334,4588.39,1,0,Home-Focused Buyers
C1268,Individual,Gloria,Green,1995-10-01,F,UK,Northern Ireland,Investment,1,Yes,Website,30,3,968928.25,322976.0833333333,396573.07,189284.34,1003.3133333333334,3009.94,2,1,Home-Focused Buyers - Cluster 2
C1269,Individual,Jack,Bennett,1964-09-28,M,USA,California,Home,5,No,Website,61,3,1046535.0,348845.0,535553.54,240771.42,1169.0466666666669,3507.1400000000003,2,1,Home-Focused Buyers - Cluster 2
C1270,Individual,Cheryl,Ward,1978-10-18,F,USA,Texas,Home,4,No,Agency,47,3,1310435.53,436811.8433333333,556733.5,359774.82,1465.92,4397.76,1,0,Home-Focused Buyers
C1271,Individual,Noah,Anderson,1992-09-10,M,USA,California,Home,2,Yes,Agency,34,4,1296911.85,324227.9625,477444.0,138775.59,1040.5175,4162.07,2,1,Home-Focused Buyers - Cluster 2
C1272,Individual,Ryan,Collins,1941-05-13,M,FRANCE,Occitanie,Home,1,Yes,Website,85,3,778830.7999999999,259610.26666666663,361880.91,159899.33,899.62,2698.86,2,1,Home-Focused Buyers - Cluster 2
C1273,Individual,Gerald,Jordan,1968-05-13,M,CANADA,Alberta,Home,5,No,Website,58,3,1462080.32,487360.1066666667,584971.87,358930.28,1592.1233333333332,4776.37,1,0,Home-Focused Buyers
C1274,Individual,Linda,Jones,1979-07-09,F,USA,California,Investment,1,Yes,Website,47,3,1038831.8500000001,346277.2833333334,514067.14,135401.82,1193.7733333333333,3581.32,2,0,Home-Focused Buyers - Cluster 2
C1275,Individual,Jessica,Roberts,1969-02-26,F,USA,Georgia,Investment,1,No,Website,57,4,1737593.0,434398.25,567459.84,267056.16,1312.8225,5251.29,1,0,Home-Focused Buyers
C1276,Individual,Arthur,Griffin,1940-03-09,M,AUSTRALIA,Victoria,Home,1,Yes,Agency,86,3,1635917.97,545305.99,569679.58,523881.71,1754.9366666666667,5264.81,1,0,Home-Focused Buyers
C1277,Individual,Lauren,Griffin,1981-04-01,F,USA,California,Investment,2,No,Agency,45,3,1270250.68,423416.8933333333,534790.76,300501.51,1267.4066666666668,3802.2200000000003,1,0,Home-Focused Buyers
C1278,Individual,Arthur,Griffin,1997-07-25,M,USA,Utah,Home,4,No,Website,29,3,685587.81,228529.27000000002,366304.94,137774.09,791.0400000000001,2373.1200000000003,2,1,Home-Focused Buyers - Cluster 2
C1279,Individual,Peter,Martin,1943-10-12,M,USA,California,Home,4,Yes,Website,82,3,1278123.59,426041.1966666667,498957.88,332480.57,1366.5633333333335,4099.6900000000005,1,0,Home-Focused Buyers
C1280,Individual,Jacob,Bennett,1953-09-19,M,USA,Texas,Home,2,Yes,Website,72,3,1295836.68,431945.56,522661.73,325187.7,1445.2933333333333,4335.88,1,0,Home-Focused Buyers
C1281,Individual,Deborah,Edwards,1998-06-12,F,CANADA,Manitoba,Investment,2,Yes,Website,28,3,889312.14,296437.38,372974.76,150326.78,899.9899999999999,2699.97,2,1,Home-Focused Buyers - Cluster 2
C1282,Individual,Ashley,Taylor,1996-05-18,F,USA,Colorado,Investment,3,Yes,Agency,30,4,1302998.6,325749.65,387508.03,231932.27,1155.47,4621.88,2,1,Home-Focused Buyers - Cluster 2
C1283,Individual,Janice,Collins,1945-11-08,F,USA,New York,Home,3,No,Agency,80,4,1479050.94,369762.735,705490.95,163296.22,1185.59,4742.36,1,0,Home-Focused Buyers
C1284,Individual,Patrick,Bennett,1955-10-16,M,USA,California,Home,2,No,Website,70,4,1443865.51,360966.3775,575967.88,212299.67,1111.6475,4446.59,1,1,Home-Focused Buyers
C1285,Individual,Steven,Cox,1954-03-02,M,USA,Utah,Home,4,Yes,Website,72,3,1609592.58,536530.86,634786.2,411162.25,1680.5266666666666,5041.58,1,0,Home-Focused Buyers
C1286,Individual,Stephen,Evans,1963-07-10,M,USA,California,Home,5,No,Agency,63,3,1203306.91,401102.3033333333,558250.19,245818.42,1192.5933333333332,3577.7799999999997,1,1,Home-Focused Buyers
C1287,Individual,Diane,Hughes,1998-04-07,F,USA,California,Investment,4,No,Website,28,3,843581.37,281193.79,473066.31,155535.1,901.6266666666667,2704.88,2,1,Home-Focused Buyers - Cluster 2
C1288,Individual,Sean,Cooper,1941-01-20,M,BELGIUM,Wallonia,Home,3,No,Agency,85,3,971136.6900000001,323712.23000000004,408970.7,255065.59,1155.4633333333334,3466.39,2,1,Home-Focused Buyers - Cluster 2
C1289,Individual,Samuel,Freeman,1973-07-26,M,MEXICO,Jalisco,Investment,1,Yes,Agency,53,4,1076161.8599999999,269040.46499999997,501437.39,157806.81,854.58,3418.32,2,1,Home-Focused Buyers - Cluster 2
C1290,Individual,Teresa,Long,1973-10-24,F,USA,Washington,Home,3,Yes,Website,52,4,1332432.9100000001,333108.22750000004,498675.17,214449.4,1195.1875,4780.75,2,1,Home-Focused Buyers - Cluster 2
C1291,Individual,Paul,Johnson,1983-11-09,M,USA,California,Investment,5,Yes,Website,42,3,1123403.46,374467.82,493844.01,292085.01,1240.6066666666666,3721.8199999999997,1,1,Home-Focused Buyers
C1292,Individual,Jordan,Evans,1977-05-22,M,USA,Texas,Investment,5,Yes,Website,49,4,1099365.94,274841.485,398499.79,175097.75,1000.415,4001.66,2,1,Home-Focused Buyers - Cluster 2
C1293,Individual,Anna,Wright,1972-08-01,F,USA,California,Home,1,No,Agency,54,4,1853570.08,463392.52,545279.84,359308.65,1552.15,6208.6,1,0,Home-Focused Buyers
C1294,Individual,Henry,Davis,1963-02-09,M,CANADA,Ontario,Investment,3,Yes,Agency,63,3,1220533.28,406844.4266666667,466941.91,345739.94,1371.6133333333335,4114.84,1,0,Home-Focused Buyers
C1295,Individual,Anna,Bryant,1992-04-21,F,USA,California,Investment,1,Yes,Website,34,4,1478836.57,369709.1425,555296.53,253232.44,1202.2649999999999,4809.0599999999995,1,0,Home-Focused Buyers
C1296,Individual,Keith,Hughes,1963-06-02,M,USA,Virginia,Home,1,No,Website,63,3,1025127.71,341709.23666666663,398516.06,234587.05,1089.46,3268.38,2,0,Home-Focused Buyers - Cluster 2
C1297,Company,Vertex,Co,1983-09-06,M,GERMANY,Berlin,Home,5,No,Website,43,3,1169866.19,389955.39666666667,475302.44,242719.06,1267.4066666666668,3802.2200000000003,1,1,Home-Focused Buyers
C1298,Individual,Margaret,Taylor,1968-08-04,F,USA,California,Home,2,No,Agency,58,4,1571360.11,392840.0275,531754.05,162549.19,1276.8225,5107.29,1,0,Home-Focused Buyers
C1299,Individual,Karen,James,1944-05-05,F,USA,California,Investment,3,No,Website,82,3,1296600.42,432200.13999999996,592203.73,241453.85,1440.1933333333334,4320.58,1,0,Home-Focused Buyers
C1300,Individual,Judith,Collins,1961-01-06,F,USA,California,Home,2,No,Website,65,3,1428770.88,476256.95999999996,608055.99,263088.1,1451.5366666666669,4354.610000000001,1,0,Home-Focused Buyers
C1301,Individual,Benjamin,Hayes,1955-12-17,M,USA,Virginia,Home,2,No,Agency,70,3,742139.88,247379.96,361857.17,143209.81,851.8699999999999,2555.6099999999997,2,1,Home-Focused Buyers - Cluster 2
C1302,Individual,Jerry,Anderson,1996-04-19,M,USA,Arizona,Investment,5,No,Website,30,4,1709532.6,427383.15,562560.39,162561.81,1486.3274999999999,5945.3099999999995,1,0,Home-Focused Buyers
C1303,Individual,Christian,Miller,1962-08-22,M,USA,Arizona,Home,3,Yes,Website,64,3,979418.98,326472.99333333335,461029.16,167625.61,1106.3533333333332,3319.06,2,1,Home-Focused Buyers - Cluster 2
C1304,Individual,Angela,Cook,1985-06-08,F,USA,California,Investment,1,No,Website,41,3,965747.81,321915.9366666667,399943.02,264804.47,1049.3799999999999,3148.14,2,1,Home-Focused Buyers - Cluster 2
C1305,Individual,Catherine,Anderson,1978-09-17,F,USA,Georgia,Home,4,No,Website,47,4,1034190.9,258547.725,354247.08,161146.12,853.07,3412.28,2,1,Home-Focused Buyers - Cluster 2
C1306,Individual,Kathleen,Morales,1948-03-18,F,USA,Washington,Home,5,No,Website,78,3,967094.76,322364.92,448817.69,142513.06,1090.7733333333333,3272.3199999999997,2,1,Home-Focused Buyers - Cluster 2
C1307,Individual,Rachel,Rogers,1993-02-14,F,USA,Colorado,Home,5,No,Agency,33,3,920439.02,306813.00666666665,357710.2,245895.64,1012.96,3038.88,2,1,Home-Focused Buyers - Cluster 2
C1308,Individual,Timothy,Sanders,2000-03-04,M,USA,California,Investment,5,No,Agency,26,4,1363559.13,340889.7825,599958.23,207424.44,1042.1975,4168.79,2,1,Home-Focused Buyers - Cluster 2
C1309,Individual,David,Reyes,1999-12-06,M,USA,California,Home,5,No,Website,26,3,1460171.4100000001,486723.8033333334,541188.53,447127.24,1674.54,5023.62,1,0,Home-Focused Buyers
C1310,Individual,Ann,Roberts,1955-05-04,F,USA,New York,Home,5,No,Agency,71,4,1244334.1400000001,311083.53500000003,411257.15,200311.05,1077.195,4308.78,2,0,Home-Focused Buyers - Cluster 2
C1311,Individual,Christopher,Ward,1940-08-14,M,UK,England,Home,4,Yes,Client,86,3,1352275.6400000001,450758.5466666667,660723.3,200210.26,1330.2166666666667,3990.65,1,0,Home-Focused Buyers
C1312,Individual,Timothy,Stone,1942-09-03,M,USA,New York,Home,5,No,Website,84,3,786877.06,262292.35333333333,375142.73,187358.7,801.46,2404.38,2,1,Home-Focused Buyers - Cluster 2
C1313,Individual,Heather,Reed,1972-03-17,F,AUSTRALIA,Western Australia,Investment,3,No,Website,54,3,997579.61,332526.5366666667,408030.78,216600.53,1138.4233333333334,3415.27,2,1,Home-Focused Buyers - Cluster 2
C1314,Individual,Rachel,Miller,1964-09-17,F,USA,Arizona,Home,3,No,Website,61,3,803329.23,267776.41,446138.39,154701.24,1037.11,3111.33,2,1,Home-Focused Buyers - Cluster 2
C1315,Individual,Joshua,Garcia,1948-12-24,M,USA,Colorado,Home,3,No,Agency,77,3,1066308.48,355436.16,500985.77,211606.59,1136.21,3408.63,2,1,Home-Focused Buyers - Cluster 2
C1316,Individual,Emma,King,1993-05-09,F,USA,Colorado,Home,2,Yes,Website,33,4,1238162.97,309540.7425,476167.41,205486.74,1052.8325,4211.33,2,1,Home-Focused Buyers - Cluster 2
C1317,Company,Atlas,Co,1973-11-27,M,USA,Utah,Home,2,Yes,Website,52,3,1315200.12,438400.04000000004,510290.62,296670.36,1460.493333333333,4381.48,1,0,Home-Focused Buyers
C1318,Individual,William,Montgomery,1943-01-18,M,USA,Texas,Home,1,No,Website,83,4,1423923.98,355980.995,453584.44,231332.06,1169.615,4678.46,1,0,Home-Focused Buyers
C1319,Individual,Grace,James,1954-08-17,F,USA,Florida,Home,3,Yes,Client,72,4,1424704.13,356176.0325,477046.12,218343.57,1227.645,4910.58,1,0,Home-Focused Buyers
C1320,Individual,Peter,Reyes,1969-05-03,M,USA,California,Investment,1,No,Website,57,3,1077693.04,359231.01333333337,429318.55,278539.81,1129.1766666666665,3387.5299999999997,2,0,Home-Focused Buyers - Cluster 2
C1321,Individual,Christopher,Reed,1990-09-11,M,USA,Colorado,Investment,5,No,Client,36,3,787847.37,262615.79,334266.66,200227.78,853.8133333333334,2561.44,2,1,Home-Focused Buyers - Cluster 2
C1322,Individual,Barbara,Reyes,1994-12-26,F,USA,California,Home,5,No,Agency,31,3,1094026.3399999999,364675.4466666666,461651.6,244393.48,1255.1200000000001,3765.36,1,1,Home-Focused Buyers
C1323,Individual,Nicholas,Moore,1963-07-28,M,USA,Utah,Home,3,No,Website,63,4,1180654.6,295163.65,496038.87,155811.47,975.4225,3901.69,2,1,Home-Focused Buyers - Cluster 2
C1324,Individual,Carl,Edwards,1992-04-21,M,USA,Arizona,Investment,2,Yes,Agency,34,3,1323306.51,441102.17,487388.83,409681.61,1471.6200000000001,4414.860000000001,1,0,Home-Focused Buyers
C1325,Individual,George,Jones,1974-12-09,M,CANADA,Alberta,Home,5,Yes,Agency,51,4,1380292.56,345073.14,448348.86,234934.93,1098.1675,4392.67,2,1,Home-Focused Buyers - Cluster 2
C1326,Individual,Brandon,Mitchell,1944-05-22,M,USA,Colorado,Investment,4,No,Website,82,4,1489578.01,372394.5025,578726.68,231059.65,1239.145,4956.58,1,1,Home-Focused Buyers
C1327,Individual,Betty,Carter,1993-05-14,F,USA,California,Home,4,Yes,Website,33,3,664017.81,221339.27000000002,294967.99,177455.16,775.5666666666666,2326.7,2,1,Home-Focused Buyers - Cluster 2
C1328,Individual,Sandra,Cooper,1956-07-23,F,USA,Washington,Home,4,No,Website,70,4,1337283.29,334320.8225,477048.94,121543.19,1173.8125,4695.25,2,0,Home-Focused Buyers - Cluster 2
C1329,Individual,Scott,Parker,1968-04-28,M,USA,California,Investment,3,Yes,Agency,58,3,1041797.56,347265.85333333333,457406.52,202671.27,1127.1499999999999,3381.45,2,1,Home-Focused Buyers - Cluster 2
C1330,Individual,Kelly,James,1975-05-02,F,USA,Colorado,Investment,2,No,Agency,51,4,835096.87,208774.2175,237035.97,192486.8,699.545,2798.18,2,1,Home-Focused Buyers - Cluster 2
C1331,Individual,Christina,Bennett,1986-10-06,F,USA,California,Investment,1,No,Agency,39,3,1047958.11,349319.37,512206.73,219128.51,1113.29,3339.87,2,1,Home-Focused Buyers - Cluster 2
C1332,Individual,Michael,Howard,1995-12-11,M,USA,Washington,Investment,5,Yes,Agency,30,3,1227353.63,409117.87666666665,463019.11,377248.32,1350.4933333333333,4051.48,1,0,Home-Focused Buyers
C1333,Individual,Jack,Hansen,1988-03-27,M,USA,Nevada,Investment,2,Yes,Website,38,4,1364310.45,341077.6125,521531.29,155369.51,1146.9925,4587.97,2,1,Home-Focused Buyers - Cluster 2
C1334,Individual,Victoria,Nelson,1965-12-08,F,USA,California,Home,5,Yes,Agency,60,4,1906641.78,476660.445,586460.03,350292.46,1552.15,6208.6,1,0,Home-Focused Buyers
C1335,Individual,Elizabeth,Hall,1982-05-01,F,USA,Oregon,Investment,2,Yes,Website,44,3,1001510.5800000001,333836.86000000004,565457.28,195270.55,1070.1933333333334,3210.58,2,1,Home-Focused Buyers - Cluster 2
C1336,Individual,Joyce,Thompson,1948-12-09,F,USA,California,Home,5,No,Client,77,4,1371591.4,342897.85,469331.42,175837.18,1182.3725,4729.49,1,0,Home-Focused Buyers
C1337,Individual,Jennifer,Johnson,1953-09-20,F,USA,California,Investment,5,No,Website,72,4,1310989.71,327747.4275,472750.27,213999.9,1073.905,4295.62,2,0,Home-Focused Buyers - Cluster 2
C1338,Individual,Christine,James,1968-12-01,F,USA,California,Home,2,Yes,Website,57,3,1096818.64,365606.2133333333,596755.57,238111.34,1169.0466666666669,3507.1400000000003,2,1,Home-Focused Buyers - Cluster 2
C1339,Company,Rexon,Co,1961-02-24,M,USA,Nevada,Home,4,Yes,Website,65,4,1532340.63,383085.1575,480760.06,222588.56,1338.9,5355.6,1,0,Home-Focused Buyers
C1340,Company,Forsyte,Co,1988-12-05,M,USA,Colorado,Home,5,No,Website,37,4,1746049.93,436512.4825,528732.35,292852.5,1421.4650000000001,5685.860000000001,1,0,Home-Focused Buyers
C1341,Individual,Julie,Cox,1952-09-23,F,USA,Colorado,Home,5,Yes,Website,73,3,756694.8300000001,252231.61000000002,432814.05,137803.15,952.2633333333333,2856.79,2,1,Home-Focused Buyers - Cluster 2
C1342,Individual,Maria,Griffin,1964-02-21,F,USA,California,Home,1,Yes,Agency,62,3,922722.19,307574.0633333333,392025.92,176372.47,1003.3133333333334,3009.94,2,1,Home-Focused Buyers - Cluster 2
C1343,Individual,Megan,Turner,1995-03-13,F,CANADA,Ontario,Home,5,No,Agency,31,3,1005148.6399999999,335049.54666666663,503297.17,229781.3,1161.5433333333333,3484.63,2,1,Home-Focused Buyers - Cluster 2
C1344,Individual,Carl,Phillips,1974-05-24,M,USA,Florida,Home,1,No,Agency,52,4,1319490.92,329872.73,531318.81,151275.21,1139.4675,4557.87,2,1,Home-Focused Buyers - Cluster 2
C1345,Individual,Mary,Parker,1956-04-25,F,USA,Texas,Home,5,No,Website,70,3,942467.41,314155.80333333334,476279.51,229822.2,1049.3066666666666,3147.92,2,1,Home-Focused Buyers - Cluster 2
C1346,Company,Triton,Co,1987-03-18,F,USA,Colorado,Investment,4,No,Agency,39,3,1037623.3900000001,345874.4633333334,402065.13,251330.42,1088.5866666666668,3265.76,2,1,Home-Focused Buyers - Cluster 2
C1347,Individual,Mark,James,1956-02-13,M,USA,Washington,Home,2,No,Client,70,3,1001705.48,333901.82666666666,375916.09,264187.44,1090.9466666666667,3272.84,2,0,Home-Focused Buyers - Cluster 2
C1348,Individual,Peter,Harris,1998-07-16,M,USA,Oregon,Home,4,Yes,Client,28,3,1021309.9299999999,340436.6433333333,398340.41,298413.06,1186.05,3558.1499999999996,2,1,Home-Focused Buyers - Cluster 2
C1349,Individual,Joyce,Johnson,1982-02-14,F,USA,Virginia,Investment,3,No,Website,44,3,773186.34,257728.78,313612.06,214050.49,952.0733333333334,2856.2200000000003,2,1,Home-Focused Buyers - Cluster 2
C1350,Individual,Julia,King,1991-05-17,F,GERMANY,Hamburg,Home,5,No,Website,35,4,743296.88,185824.22,213732.45,160847.73,632.215,2528.86,2,1,Home-Focused Buyers - Cluster 2
C1351,Individual,Judith,Long,1987-06-24,F,AUSTRALIA,South Australia,Home,2,No,Client,39,4,1400457.41,350114.3525,482951.02,260656.65,1234.8075000000001,4939.2300000000005,1,1,Home-Focused Buyers
C1352,Individual,Benjamin,Gray,1989-03-16,M,USA,California,Home,2,Yes,Agency,37,3,1535963.18,511987.7266666666,629513.2,415621.37,1635.6233333333332,4906.87,1,0,Home-Focused Buyers
C1353,Individual,Debra,Jackson,1997-10-15,F,CANADA,Alberta,Home,1,No,Agency,28,3,532598.24,177532.74666666667,256968.41,133442.26,564.01,1692.03,2,1,Home-Focused Buyers - Cluster 2
C1354,Individual,Patrick,Johnson,1941-04-09,M,USA,Florida,Home,5,No,Website,85,3,1545799.94,515266.64666666667,693830.82,389622.67,1685.2766666666666,5055.83,1,0,Home-Focused Buyers
C1355,Individual,Shirley,Owens,1966-11-22,F,USA,California,Investment,2,Yes,Client,59,3,1245446.7799999998,415148.9266666666,565996.94,252295.18,1523.6933333333334,4571.08,1,0,Home-Focused Buyers
C1356,Individual,Jonathan,Morales,1994-03-26,M,USA,Oregon,Investment,4,No,Agency,32,3,1490237.62,496745.87333333335,615554.68,353628.52,1648.5966666666666,4945.79,1,0,Home-Focused Buyers
C1357,Individual,Danielle,Patterson,1987-03-01,F,USA,California,Home,5,Yes,Website,39,3,1077383.54,359127.8466666667,617600.77,174422.08,1104.51,3313.53,2,1,Home-Focused Buyers - Cluster 2
C1358,Individual,Gregory,Taylor,1943-01-05,M,USA,Texas,Home,4,No,Agency,83,3,965180.83,321726.9433333333,442609.68,139220.68,1078.7866666666666,3236.3599999999997,2,1,Home-Focused Buyers - Cluster 2
C1359,Individual,Gary,Owens,1975-07-25,M,USA,Virginia,Home,3,No,Agency,51,4,1381335.3,345333.825,558406.39,240718.43,1093.05,4372.2,2,1,Home-Focused Buyers - Cluster 2
C1360,Individual,Billy,Nelson,1990-11-27,M,USA,Virginia,Home,4,No,Agency,35,3,1001006.54,333668.8466666667,490050.27,198493.91,1111.2966666666666,3333.89,2,1,Home-Focused Buyers - Cluster 2
C1361,Individual,Ashley,Owens,1943-07-21,F,USA,California,Home,3,No,Client,83,4,1529260.3,382315.075,425691.8,314592.39,1296.5625,5186.25,1,0,Home-Focused Buyers
C1362,Individual,Laura,Jordan,1965-04-13,F,USA,California,Investment,1,Yes,Agency,61,4,993131.84,248282.96,443196.31,153410.17,894.905,3579.62,2,1,Home-Focused Buyers - Cluster 2
C1363,Individual,James,Stone,1981-06-04,M,USA,Georgia,Home,5,Yes,Agency,45,4,1109919.3599999999,277479.83999999997,468875.36,162372.88,942.035,3768.14,2,1,Home-Focused Buyers - Cluster 2
C1364,Individual,Andrea,Watson,1998-12-23,F,USA,California,Investment,1,No,Website,27,4,1201578.93,300394.7325,375792.14,136913.45,1120.62,4482.48,2,1,Home-Focused Buyers - Cluster 2
C1365,Individual,Tiffany,Sanders,1969-03-16,F,BELGIUM,Brussels,Investment,5,Yes,Website,57,4,1443894.02,360973.505,549656.89,191700.01,1260.0625,5040.25,1,1,Home-Focused Buyers
C1366,Individual,George,Thompson,1995-07-27,M,USA,California,Home,1,No,Website,31,3,1488525.13,496175.0433333333,568157.47,407646.04,1678.6133333333335,5035.84,1,0,Home-Focused Buyers
C1367,Individual,Stephanie,Jordan,1953-01-11,F,GERMANY,Berlin,Home,2,No,Client,73,3,1035889.5,345296.5,511596.53,247507.53,1124.5,3373.5,2,0,Home-Focused Buyers - Cluster 2
C1368,Individual,Jose,Gray,1947-11-22,M,USA,California,Home,5,Yes,Client,78,4,1378979.49,344744.8725,508149.11,148440.79,1042.6625,4170.65,2,1,Home-Focused Buyers - Cluster 2
C1369,Individual,Peter,Garcia,1983-10-07,M,FRANCE,Brittany,Home,4,Yes,Agency,42,4,1615394.12,403848.53,581627.97,218880.85,1338.9,5355.6,1,0,Home-Focused Buyers
C1370,Individual,Frank,Evans,1965-06-04,M,USA,Colorado,Investment,1,No,Agency,61,4,834659.23,208664.8075,234080.49,164608.18,700.7825,2803.13,2,1,Home-Focused Buyers - Cluster 2
C1371,Individual,Timothy,Thomas,1989-06-19,M,UK,England,Home,2,Yes,Website,37,4,1036681.19,259170.2975,312372.65,189778.78,948.835,3795.34,2,1,Home-Focused Buyers - Cluster 2
C1372,Individual,Lisa,Turner,1981-11-21,F,USA,Washington,Investment,2,No,Website,44,3,874872.8,291624.26666666666,394401.98,231660.78,1049.3066666666666,3147.92,2,1,Home-Focused Buyers - Cluster 2
C1373,Individual,Melissa,Evans,1992-10-11,F,USA,California,Home,3,Yes,Website,33,3,1275663.27,425221.09,609943.05,320824.87,1221.6766666666665,3665.0299999999997,1,1,Home-Focused Buyers
C1374,Company,Quasar,Co,1990-01-25,M,FRANCE,Ile-De-France,Home,3,Yes,Agency,36,3,1230590.28,410196.76,525078.29,343500.43,1321.5233333333333,3964.5699999999997,1,0,Home-Focused Buyers
C1375,Individual,Carolyn,Flores,1972-11-22,F,USA,California,Investment,4,Yes,Agency,53,4,1097182.3900000001,274295.59750000003,385581.71,149623.91,987.505,3950.02,2,1,Home-Focused Buyers - Cluster 2
C1376,Individual,Carolyn,Edwards,1987-06-23,F,USA,Arizona,Investment,3,Yes,Agency,39,3,1272387.2999999998,424129.0999999999,540188.44,307679.73,1493.243333333333,4479.73,1,0,Home-Focused Buyers
C1377,Individual,Laura,Long,1984-01-04,F,USA,Utah,Investment,2,No,Website,42,3,828441.4099999999,276147.13666666666,333823.75,206318.0,862.1066666666666,2586.3199999999997,2,1,Home-Focused Buyers - Cluster 2
C1378,Individual,Maria,Morales,1976-11-19,F,USA,California,Investment,1,No,Website,49,3,1399739.87,466579.9566666667,657622.51,320250.05,1464.8466666666666,4394.54,1,0,Home-Focused Buyers
C1379,Individual,Kevin,Gray,1970-06-11,M,UK,Scotland,Home,2,No,Website,56,3,827767.69,275922.5633333333,353529.48,146552.13,1077.3233333333335,3231.9700000000003,2,1,Home-Focused Buyers - Cluster 2
C1380,Individual,Michael,Hughes,1949-10-15,M,CANADA,Alberta,Investment,4,No,Website,76,3,1012542.1799999999,337514.06,349143.67,315292.46,1052.4533333333334,3157.36,2,1,Home-Focused Buyers - Cluster 2
C1381,Individual,Eric,Cox,1962-06-16,M,GERMANY,Hesse,Home,3,Yes,Website,64,3,1082639.9100000001,360879.97000000003,537510.16,268688.51,1131.0966666666666,3393.29,2,1,Home-Focused Buyers - Cluster 2
C1382,Individual,Adam,James,1951-05-19,M,USA,Oregon,Home,2,No,Website,75,4,1176910.13,294227.5325,348186.07,179336.56,1024.3375,4097.35,2,1,Home-Focused Buyers - Cluster 2
C1383,Individual,Noah,Moore,1992-11-11,M,USA,California,Home,2,No,Agency,33,3,864768.8300000001,288256.2766666667,340376.82,185581.94,899.9899999999999,2699.97,2,1,Home-Focused Buyers - Cluster 2
C1384,Individual,Mary,Young,1988-03-10,F,USA,California,Home,2,Yes,Agency,38,3,905480.04,301826.68,344081.34,264639.92,1016.7633333333333,3050.29,2,1,Home-Focused Buyers - Cluster 2
C1385,Individual,Kenneth,Owens,1946-06-01,M,USA,California,Home,1,No,Agency,80,3,1182983.03,394327.6766666667,666248.73,198833.21,1186.4366666666667,3559.31,1,0,Home-Focused Buyers
C1386,Individual,Harold,Howard,1947-08-23,M,USA,Washington,Home,4,Yes,Website,79,3,1284366.78,428122.26,551266.41,199163.2,1431.79,4295.37,1,0,Home-Focused Buyers
C1387,Individual,Jose,Reed,1943-05-27,M,GERMANY,Hamburg,Investment,4,No,Website,83,3,804550.47,268183.49,463001.84,168550.58,901.6266666666667,2704.88,2,1,Home-Focused Buyers - Cluster 2
C1388,Individual,Hannah,Stone,1999-04-20,F,USA,Washington,Home,3,No,Website,27,3,1183031.06,394343.6866666667,567781.4,131544.5,1283.46,3850.38,1,1,Home-Focused Buyers
C1389,Individual,Jordan,Montgomery,1952-07-03,M,UK,Scotland,Home,2,No,Website,74,4,1742522.83,435630.7075,705388.85,218049.7,1282.79,5131.16,1,0,Home-Focused Buyers
C1390,Individual,Lauren,Thomas,1979-07-21,F,USA,Nevada,Home,3,No,Website,47,3,906492.19,302164.0633333333,378139.97,243387.09,971.1899999999999,2913.5699999999997,2,1,Home-Focused Buyers - Cluster 2
C1391,Individual,Barbara,Campbell,1974-03-06,F,USA,Utah,Home,1,No,Website,52,4,1579627.98,394906.995,578903.12,305375.05,1343.6575,5374.63,1,0,Home-Focused Buyers
C1392,Individual,Jose,Johnson,1990-06-05,M,USA,Colorado,Home,4,Yes,Agency,36,4,1434978.2000000002,358744.55000000005,520703.06,218055.03,1125.5149999999999,4502.0599999999995,1,0,Home-Focused Buyers
C1393,Individual,Virginia,Miller,1981-07-09,F,MEXICO,Baja California,Investment,1,No,Agency,45,4,1187799.99,296949.9975,459972.28,196546.06,1027.325,4109.3,2,1,Home-Focused Buyers - Cluster 2
C1394,Individual,Debra,Hansen,1977-02-26,F,USA,Nevada,Home,4,No,Website,49,4,1325404.6,331351.15,439396.11,200206.9,967.0,3868.0,2,1,Home-Focused Buyers - Cluster 2
C1395,Individual,Megan,Campbell,1988-09-27,F,CANADA,Alberta,Investment,4,No,Website,37,4,1497964.92,374491.23,548965.53,228660.27,1278.045,5112.18,1,0,Home-Focused Buyers
C1396,Individual,Steven,Foster,1971-06-02,M,CANADA,Manitoba,Investment,3,Yes,Website,55,3,977070.1199999999,325690.04,451060.97,219069.86,1075.8333333333333,3227.5,2,1,Home-Focused Buyers - Cluster 2
C1397,Individual,Linda,Chavez,1983-03-10,F,USA,Nevada,Home,4,No,Website,43,4,1551369.83,387842.4575,583905.11,203257.42,1175.235,4700.94,1,0,Home-Focused Buyers
C1398,Individual,Alexander,Jones,1966-12-13,M,USA,California,Home,5,Yes,Website,59,3,926545.71,308848.57,338606.44,285826.45,1182.08,3546.24,2,1,Home-Focused Buyers - Cluster 2
C1399,Individual,Lauren,Evans,1978-08-23,F,CANADA,British Columbia,Home,5,No,Agency,48,4,1259614.96,314903.74,619157.65,157775.85,1061.1325,4244.53,2,1,Home-Focused Buyers - Cluster 2
C1400,Individual,Maria,Jones,1991-10-24,F,UK,Northern Ireland,Home,4,No,Client,34,4,1146194.54,286548.635,426811.39,131115.08,939.4875,3757.95,2,1,Home-Focused Buyers - Cluster 2
C1401,Individual,Virginia,Brooks,1999-03-24,F,USA,Virginia,Investment,1,No,Website,27,4,1223523.71,305880.9275,368829.15,225076.85,1005.5625,4022.25,2,1,Home-Focused Buyers - Cluster 2
C1402,Individual,Helen,Jordan,1968-09-28,F,USA,Utah,Home,3,No,Agency,57,4,1394159.93,348539.9825,491592.98,270501.66,1132.7375,4530.95,1,1,Home-Focused Buyers
C1403,Individual,Pamela,Scott,1983-09-22,F,USA,Oregon,Home,2,No,Website,42,4,1463350.69,365837.6725,607483.38,235505.29,1210.7375000000002,4842.950000000001,1,0,Home-Focused Buyers
C1404,Individual,Sharon,Williams,1950-07-22,F,USA,California,Home,4,No,Agency,76,4,1193678.04,298419.51,368901.23,181148.12,1024.3375,4097.35,2,1,Home-Focused Buyers - Cluster 2
C1405,Individual,Ryan,Williams,1955-06-08,M,USA,Oregon,Home,5,No,Agency,71,3,1306722.3599999999,435574.11999999994,556748.94,364614.8,1438.2933333333333,4314.88,1,1,Home-Focused Buyers
C1406,Individual,Sara,Wood,1970-09-01,F,USA,California,Home,3,No,Website,56,4,1364413.45,341103.3625,474806.32,220783.13,1151.6100000000001,4606.4400000000005,2,0,Home-Focused Buyers - Cluster 2
C1407,Individual,Sharon,Hansen,1956-03-22,F,USA,California,Home,1,No,Agency,70,4,1429717.0899999999,357429.27249999996,517271.54,159112.85,1123.3175,4493.27,1,0,Home-Focused Buyers
C1408,Company,Grandis,Co,1963-11-13,F,USA,California,Home,2,No,Agency,62,4,1345035.74,336258.935,595268.86,149009.47,1103.3025,4413.21,2,0,Home-Focused Buyers - Cluster 2
C1409,Individual,Katherine,Price,1957-08-01,F,USA,Oregon,Investment,2,No,Website,69,3,1072801.12,357600.37333333335,395005.44,330647.39,1117.9399999999998,3353.8199999999997,2,0,Home-Focused Buyers - Cluster 2
C1410,Individual,Jennifer,Edwards,1965-12-16,F,USA,Nevada,Home,2,No,Agency,60,4,1439196.49,359799.1225,577676.3,213673.14,1164.0149999999999,4656.0599999999995,1,0,Home-Focused Buyers
C1411,Individual,Anthony,Watson,1987-04-04,M,USA,California,Home,2,No,Client,39,4,1318823.1600000001,329705.79000000004,461367.86,165302.78,1099.4925,4397.97,2,1,Home-Focused Buyers - Cluster 2
C1412,Company,Optima,Co,1985-06-28,F,USA,Nevada,Home,2,No,Agency,41,4,1498125.2,374531.3,573336.74,207942.28,1158.7275,4634.91,1,0,Home-Focused Buyers
C1413,Individual,Margaret,Rogers,1968-09-18,F,USA,California,Home,4,No,Agency,57,4,1489065.1600000001,372266.29000000004,530069.18,280028.94,1425.7675,5703.07,1,0,Home-Focused Buyers
C1414,Individual,Michelle,Wright,1975-05-01,F,USA,Florida,Home,4,No,Website,51,4,1188718.7,297179.675,479065.61,179270.66,972.335,3889.34,2,1,Home-Focused Buyers - Cluster 2
C1415,Individual,Tyler,Murray,1959-07-14,M,USA,California,Investment,1,No,Website,67,3,748797.26,249599.08666666667,318935.71,161300.27,879.3433333333332,2638.0299999999997,2,1,Home-Focused Buyers - Cluster 2
C1416,Individual,Bryan,Peterson,1954-07-01,M,USA,Oregon,Home,2,No,Agency,72,3,1418066.3900000001,472688.7966666667,606381.67,250716.18,1452.2633333333333,4356.79,1,0,Home-Focused Buyers
C1417,Individual,Dennis,Williams,1953-10-26,M,UK,Scotland,Home,5,No,Website,72,3,1023021.48,341007.16,575664.65,195152.94,1066.59,3199.77,2,1,Home-Focused Buyers - Cluster 2
C1418,Individual,Kyle,Cox,1954-04-06,M,USA,Ohio,Investment,2,No,Website,72,3,1443234.8900000001,481078.2966666667,542134.93,360894.66,1529.4633333333334,4588.39,1,0,Home-Focused Buyers
C1419,Individual,Jason,Peterson,1971-08-08,M,GERMANY,Hamburg,Investment,4,Yes,Website,55,4,1143605.72,285901.43,451642.29,180509.34,928.745,3714.98,2,1,Home-Focused Buyers - Cluster 2
C1420,Company,Terova,Co,1981-10-20,M,UK,Wales,Home,5,No,Website,44,4,1196856.69,299214.1725,431727.12,172730.12,929.6975,3718.79,2,1,Home-Focused Buyers - Cluster 2
C1421,Individual,James,Jones,1957-11-14,M,USA,Colorado,Home,1,No,Website,68,3,938557.1900000001,312852.39666666667,396446.03,267900.7,1098.0666666666666,3294.2,2,0,Home-Focused Buyers - Cluster 2
C1422,Individual,Billy,Hansen,1955-01-15,M,USA,Florida,Investment,1,Yes,Website,71,4,2032565.11,508141.2775,649524.31,427134.73,1555.2975000000001,6221.1900000000005,1,0,Home-Focused Buyers
C1423,Individual,Jack,Brooks,1955-09-21,M,UK,Northern Ireland,Home,4,Yes,Website,70,4,1822778.3599999999,455694.58999999997,588224.19,232882.7,1504.0974999999999,6016.389999999999,1,0,Home-Focused Buyers
C1424,Individual,Judy,Harris,1954-03-12,F,USA,Utah,Home,2,Yes,Agency,72,3,1382756.57,460918.8566666667,602654.49,293155.68,1465.1466666666665,4395.44,1,0,Home-Focused Buyers
C1425,Individual,Raymond,Taylor,1971-12-16,M,BELGIUM,Flanders,Home,3,No,Website,54,3,1449563.3199999998,483187.77333333326,576814.21,329008.0,1521.64,4564.92,1,0,Home-Focused Buyers
C1426,Individual,Christina,Campbell,1964-05-20,F,USA,Washington,Home,2,No,Website,62,4,1709098.18,427274.545,507717.69,241264.21,1510.65,6042.6,1,0,Home-Focused Buyers
C1427,Individual,Julia,Richardson,1955-05-10,F,AUSTRALIA,Victoria,Home,5,No,Website,71,4,1378636.21,344659.0525,487252.76,209740.71,1184.9475,4739.79,1,0,Home-Focused Buyers
C1428,Individual,Nicole,Allen,1953-12-05,F,USA,Oregon,Home,4,Yes,Agency,72,4,1136052.54,284013.135,474549.83,155195.53,946.6525,3786.61,2,1,Home-Focused Buyers - Cluster 2
C1429,Individual,Jesse,Stewart,1991-10-01,M,USA,Nevada,Investment,5,No,Agency,34,4,1697550.01,424387.5025,499234.71,258281.48,1421.4650000000001,5685.860000000001,1,0,Home-Focused Buyers
C1430,Individual,Patrick,Allen,1963-09-11,M,USA,Nevada,Home,4,No,Website,63,3,928463.2,309487.73333333334,438596.72,232653.03,1022.67,3068.0099999999998,2,1,Home-Focused Buyers - Cluster 2
C1431,Individual,Melissa,Griffin,1943-07-01,F,GERMANY,Hesse,Home,3,Yes,Website,83,4,1620159.73,405039.9325,567788.73,219643.49,1365.9450000000002,5463.780000000001,1,1,Home-Focused Buyers
C1432,Individual,Larry,Weaver,1951-12-26,M,USA,Utah,Home,3,No,Agency,74,3,863383.74,287794.58,301035.57,272177.18,1033.6200000000001,3100.86,2,1,Home-Focused Buyers - Cluster 2
C1433,Individual,Christian,Mitchell,1953-04-12,M,GERMANY,Hamburg,Home,4,No,Website,73,3,1358111.0699999998,452703.68999999994,626692.98,339295.67,1493.243333333333,4479.73,1,0,Home-Focused Buyers
C1434,Company,Terova,Co,1985-06-25,F,USA,California,Investment,5,No,Agency,41,4,1038640.05,259660.0125,531069.6,122725.68,894.905,3579.62,2,1,Home-Focused Buyers - Cluster 2
C1435,Individual,Zachary,Morales,1967-04-08,M,USA,Texas,Investment,2,No,Agency,59,3,903765.87,301255.29,410695.68,140289.6,945.65,2836.95,2,1,Home-Focused Buyers - Cluster 2
C1436,Individual,Kyle,Wright,1998-10-09,M,USA,California,Home,2,No,Website,27,3,969917.19,323305.73,363203.22,301401.46,992.2199999999999,2976.66,2,1,Home-Focused Buyers - Cluster 2
C1437,Individual,Gerald,Stewart,1997-04-08,M,USA,Arizona,Investment,5,No,Agency,29,4,1668948.58,417237.145,614304.54,269136.39,1332.2825,5329.13,1,0,Home-Focused Buyers
C1438,Individual,Benjamin,Taylor,1988-08-04,M,USA,California,Home,2,Yes,Agency,38,3,1255115.0,418371.6666666667,574838.1,234943.46,1321.5033333333333,3964.51,1,0,Home-Focused Buyers
C1439,Individual,Helen,Morales,2000-10-14,F,USA,Virginia,Home,2,No,Agency,25,3,1040682.81,346894.27,420285.34,205406.56,1138.4233333333334,3415.27,2,1,Home-Focused Buyers - Cluster 2
C1440,Individual,Mary,Phillips,1952-07-20,F,USA,Colorado,Investment,2,No,Agency,74,3,901013.4199999999,300337.80666666664,472362.72,166438.51,1010.5300000000001,3031.59,2,1,Home-Focused Buyers - Cluster 2
C1441,Individual,Helen,Campbell,1945-09-08,F,USA,California,Investment,5,No,Website,81,3,1201777.78,400592.5933333333,424676.81,354747.82,1334.84,4004.52,1,0,Home-Focused Buyers
C1442,Individual,Timothy,Foster,2000-06-17,M,USA,Colorado,Home,2,Yes,Client,26,3,1007348.75,335782.9166666667,534107.07,223944.32,1110.6233333333332,3331.87,2,1,Home-Focused Buyers - Cluster 2
C1443,Individual,Betty,Hughes,1979-11-22,F,USA,Florida,Home,2,No,Website,46,3,1045348.1100000001,348449.37000000005,618238.68,197899.51,1072.4833333333333,3217.45,2,1,Home-Focused Buyers - Cluster 2
C1444,Individual,Frank,Alexander,1981-06-25,M,USA,Colorado,Home,3,No,Website,45,3,1089631.7,363210.56666666665,387724.0,316043.31,1186.05,3558.1499999999996,2,1,Home-Focused Buyers - Cluster 2
C1445,Individual,Gregory,Hall,1988-07-26,M,USA,Florida,Home,5,No,Website,38,4,1249138.91,312284.7275,404402.26,154906.87,976.9675,3907.87,2,1,Home-Focused Buyers - Cluster 2
C1446,Individual,Amber,Gray,1951-12-09,F,USA,Ohio,Home,4,No,Website,74,4,1550820.49,387705.1225,605564.38,268522.4,1385.6475,5542.59,1,0,Home-Focused Buyers
C1447,Individual,Janet,Rogers,1972-05-14,F,USA,Nevada,Investment,4,Yes,Client,54,4,1372408.9,343102.225,470911.04,229851.21,1151.37,4605.48,2,1,Home-Focused Buyers - Cluster 2
C1448,Individual,Henry,Ward,1959-03-15,M,RUSSIA,Tatarstan,Home,1,No,Website,67,4,1221304.62,305326.155,456799.28,189388.07,984.9525,3939.81,2,1,Home-Focused Buyers - Cluster 2
C1449,Individual,Nicole,Cox,1999-06-14,F,USA,California,Investment,5,No,Website,27,3,1110557.49,370185.83,543452.8,260142.62,1221.6766666666665,3665.0299999999997,1,1,Home-Focused Buyers
C1450,Individual,Pamela,White,1996-04-06,F,USA,Virginia,Home,5,No,Website,30,3,1028509.6,342836.5333333333,374768.98,299250.24,1037.5833333333333,3112.75,2,1,Home-Focused Buyers - Cluster 2
C1451,Individual,Hannah,Turner,1983-10-19,F,USA,California,Home,1,No,Website,42,4,1529673.3199999998,382418.32999999996,483688.37,213497.85,1259.875,5039.5,1,0,Home-Focused Buyers
C1452,Individual,Kelly,Edwards,1993-08-05,F,BELGIUM,Wallonia,Home,3,No,Client,33,3,1320005.77,440001.92333333334,545747.26,343592.86,1487.6599999999999,4462.98,1,0,Home-Focused Buyers
C1453,Individual,Kenneth,Stone,1981-10-07,M,USA,California,Home,2,No,Agency,44,3,1145044.9,381681.6333333333,526401.55,153396.33,1243.8233333333333,3731.47,1,0,Home-Focused Buyers
C1454,Individual,Ann,Kim,1948-05-23,F,USA,California,Investment,1,No,Client,78,3,1188825.44,396275.14666666667,478984.35,262057.47,1321.5033333333333,3964.51,1,0,Home-Focused Buyers
C1455,Individual,Christina,Nelson,1989-06-15,F,USA,Colorado,Home,3,Yes,Agency,37,3,985992.4299999999,328664.1433333333,472251.6,244256.2,983.4266666666667,2950.28,2,1,Home-Focused Buyers - Cluster 2
C1456,Company,Quasar,Co,1992-06-26,F,USA,Oregon,Investment,1,Yes,Website,34,4,1598853.55,399713.3875,586824.88,145299.39,1313.38,5253.52,1,0,Home-Focused Buyers
C1457,Individual,Julie,Foster,1949-01-27,F,USA,California,Home,3,Yes,Agency,77,4,1537205.06,384301.265,538355.66,217668.0,1227.17,4908.68,1,0,Home-Focused Buyers
C1458,Individual,Keith,Reed,1950-09-16,M,USA,Arizona,Home,1,No,Website,75,3,917921.54,305973.8466666667,344813.48,283362.29,979.0866666666667,2937.26,2,0,Home-Focused Buyers - Cluster 2
C1459,Individual,Terry,Hall,1949-09-28,M,USA,Arizona,Home,5,No,Website,76,4,1556253.48,389063.37,530674.29,260906.28,1385.6475,5542.59,1,0,Home-Focused Buyers
C1460,Individual,Pamela,Long,1972-12-05,F,UK,England,Home,1,Yes,Agency,53,4,1569390.69,392347.6725,517417.7,275046.94,1294.645,5178.58,1,0,Home-Focused Buyers
C1461,Individual,Gloria,Reyes,1944-01-13,F,USA,California,Home,5,No,Website,82,4,1507966.87,376991.7175,538246.86,280416.46,1294.645,5178.58,1,0,Home-Focused Buyers
C1462,Individual,Virginia,Allen,1984-04-19,F,GERMANY,Hamburg,Investment,3,No,Agency,42,4,1220331.12,305082.78,563520.95,173084.07,956.6725,3826.69,2,1,Home-Focused Buyers - Cluster 2
C1463,Individual,Lawrence,Ward,1943-12-28,M,USA,California,Home,2,Yes,Website,82,4,1639044.0,409761.0,560165.35,259647.03,1386.5875,5546.35,1,0,Home-Focused Buyers
C1464,Individual,Terry,Weaver,1940-01-25,M,USA,Arizona,Home,1,No,Website,86,3,1094818.68,364939.56,516866.8,253448.35,1086.24,3258.7200000000003,2,0,Home-Focused Buyers - Cluster 2
C1465,Individual,Edward,Stewart,1990-07-09,M,USA,Ohio,Home,3,Yes,Website,36,3,1312191.47,437397.1566666667,561841.89,256117.85,1457.8333333333333,4373.5,1,0,Home-Focused Buyers
C1466,Individual,Ashley,Howard,1999-08-28,F,BELGIUM,Flanders,Investment,2,No,Website,27,4,1387827.15,346956.7875,536046.25,212345.96,1053.27,4213.08,2,1,Home-Focused Buyers - Cluster 2
C1467,Individual,Rebecca,Adams,1951-07-19,F,USA,California,Home,5,No,Client,75,3,761353.26,253784.42,375027.09,190719.01,849.6366666666667,2548.91,2,1,Home-Focused Buyers - Cluster 2
C1468,Individual,Jason,Martin,1940-08-24,M,CANADA,Manitoba,Home,3,No,Website,86,3,1072452.07,357484.0233333334,438900.24,202296.39,1185.3533333333332,3556.06,2,0,Home-Focused Buyers - Cluster 2
C1469,Individual,Keith,Richardson,1970-05-17,M,USA,Colorado,Home,1,No,Website,56,3,1512121.6400000001,504040.5466666667,581837.55,452685.9,1538.7766666666666,4616.33,1,0,Home-Focused Buyers
C1470,Individual,Alexander,Richardson,1940-05-27,M,USA,Colorado,Investment,3,Yes,Agency,86,3,1440682.21,480227.4033333333,555106.11,390999.79,1590.8633333333335,4772.59,1,0,Home-Focused Buyers
C1471,Individual,Judith,Williams,1940-05-24,F,UK,Northern Ireland,Home,1,Yes,Website,86,4,1048588.76,262147.19,354725.76,171063.35,801.0649999999999,3204.2599999999998,2,1,Home-Focused Buyers - Cluster 2
C1472,Individual,Paul,Flores,1991-03-23,M,USA,Washington,Home,1,No,Website,35,4,1610320.87,402580.2175,566227.62,297021.88,1237.1025,4948.41,1,0,Home-Focused Buyers
C1473,Individual,Maria,Freeman,1974-03-14,F,USA,California,Home,2,No,Agency,52,4,1415300.74,353825.185,736652.27,152649.29,1009.23,4036.92,2,1,Home-Focused Buyers - Cluster 2
C1474,Individual,Kevin,Brown,1969-04-10,M,USA,Oregon,Home,3,No,Website,57,4,1563434.47,390858.6175,517206.46,227751.55,1307.3,5229.2,1,1,Home-Focused Buyers
C1475,Individual,Raymond,Brown,1944-08-02,M,MEXICO,Jalisco,Home,4,Yes,Agency,82,4,1579186.25,394796.5625,661652.26,161280.03,1287.055,5148.22,1,0,Home-Focused Buyers
C1476,Individual,Kevin,Jackson,2000-06-08,M,USA,Nevada,Home,1,No,Agency,26,4,1505369.42,376342.355,610193.44,246579.07,1141.225,4564.9,1,1,Home-Focused Buyers
C1477,Company,Zynex,Co,1968-04-10,F,USA,California,Investment,1,No,Agency,58,4,1051466.92,262866.73,458559.81,191623.18,920.7075,3682.83,2,0,Home-Focused Buyers - Cluster 2
C1478,Individual,Emily,Reed,1958-09-12,F,CANADA,British Columbia,Investment,1,No,Agency,68,3,965772.74,321924.24666666664,398549.19,281449.31,1082.8966666666668,3248.69,2,0,Home-Focused Buyers - Cluster 2
C1479,Individual,Paul,Carter,1968-03-26,M,USA,California,Investment,1,No,Website,58,4,1275455.51,318863.8775,612698.53,185282.56,1018.5225,4074.09,2,1,Home-Focused Buyers - Cluster 2
C1480,Individual,Danielle,White,1985-04-09,F,USA,Virginia,Investment,3,No,Client,41,4,1466467.79,366616.9475,573332.74,194146.19,1220.42,4881.68,1,1,Home-Focused Buyers
C1481,Company,Caldera,Co,1984-12-04,F,USA,Arizona,Investment,3,No,Website,41,4,1059700.8800000001,264925.22000000003,367368.12,196398.29,901.245,3604.98,2,1,Home-Focused Buyers - Cluster 2
C1482,Individual,Kimberly,Murray,1953-01-24,F,USA,Oregon,Home,2,Yes,Website,73,4,1665015.1700000002,416253.79250000004,610377.15,308824.33,1312.8225,5251.29,1,0,Home-Focused Buyers
C1483,Individual,Gary,Hall,1975-06-01,M,USA,Colorado,Home,3,Yes,Agency,51,4,1831769.62,457942.405,623318.65,178955.35,1486.3274999999999,5945.3099999999995,1,0,Home-Focused Buyers
C1484,Individual,Christina,Nelson,1971-10-09,F,USA,Colorado,Home,3,No,Client,54,4,1117191.81,279297.9525,452777.15,160520.27,995.0275,3980.11,2,1,Home-Focused Buyers - Cluster 2
C1485,Individual,Rachel,Scott,1984-06-26,F,USA,Washington,Investment,4,No,Website,42,4,1604885.52,401221.38,526180.38,238207.62,1350.2175,5400.87,1,0,Home-Focused Buyers
C1486,Individual,Madison,Campbell,1996-06-14,F,UK,Wales,Home,5,Yes,Website,30,3,1019385.69,339795.23,416556.23,275447.01,1156.5633333333333,3469.69,2,1,Home-Focused Buyers - Cluster 2
C1487,Individual,Sandra,Martin,1965-12-10,F,USA,New York,Home,3,No,Agency,60,4,1553533.51,388383.3775,506031.7,253379.8,1294.645,5178.58,1,0,Home-Focused Buyers
C1488,Individual,Keith,Scott,1975-09-07,M,USA,Florida,Investment,2,No,Website,51,3,1029238.79,343079.5966666667,554297.11,110967.48,1140.1866666666667,3420.5600000000004,2,0,Home-Focused Buyers - Cluster 2
C1489,Individual,Gloria,Montgomery,1951-03-19,F,USA,Arizona,Home,5,No,Agency,75,3,1056549.47,352183.1566666667,416649.42,295791.28,1240.6066666666666,3721.8199999999997,2,1,Home-Focused Buyers - Cluster 2
C1490,Individual,Dennis,Hall,1994-11-06,M,UK,Wales,Investment,5,Yes,Client,31,3,861119.76,287039.92,357655.99,241073.25,939.3299999999999,2817.99,2,1,Home-Focused Buyers - Cluster 2
C1491,Individual,Rebecca,Evans,1997-07-10,F,USA,Georgia,Home,4,No,Agency,29,4,1056750.03,264187.5075,415532.62,180013.62,901.245,3604.98,2,1,Home-Focused Buyers - Cluster 2
C1492,Individual,Mary,Taylor,1984-12-18,F,GERMANY,Bavaria,Home,2,No,Agency,41,3,1309655.49,436551.83,472764.91,395742.9,1579.3133333333335,4737.9400000000005,1,0,Home-Focused Buyers
C1493,Individual,Thomas,Bennett,1992-03-16,M,USA,Washington,Home,4,Yes,Agency,34,3,864605.61,288201.87,449252.81,173559.11,1037.11,3111.33,2,1,Home-Focused Buyers - Cluster 2
C1494,Individual,Nicholas,Cooper,1996-04-09,M,USA,New York,Home,1,No,Client,30,3,913338.07,304446.0233333333,424747.54,179671.47,934.8733333333333,2804.62,2,1,Home-Focused Buyers - Cluster 2
C1495,Individual,Jason,Hughes,1991-11-09,M,DENMARK,Capital Region,Home,1,No,Website,34,4,2059292.68,514823.17,650190.52,225010.98,1591.4724999999999,6365.889999999999,1,0,Home-Focused Buyers
C1496,Individual,Bryan,Patterson,1986-11-15,M,USA,Florida,Home,5,No,Agency,39,3,1119013.6099999999,373004.5366666666,617811.07,243288.52,1151.5466666666669,3454.6400000000003,2,1,Home-Focused Buyers - Cluster 2
C1497,Individual,Samuel,Parker,1940-01-13,M,USA,California,Investment,4,No,Agency,86,3,794765.34,264921.77999999997,355085.18,212562.05,880.66,2641.98,2,1,Home-Focused Buyers - Cluster 2
C1498,Individual,Nicole,Carter,1967-02-03,F,MEXICO,Puebla,Investment,5,No,Website,59,4,1142631.83,285657.9575,431607.68,180340.51,889.8725000000001,3559.4900000000002,2,1,Home-Focused Buyers - Cluster 2
C1499,Individual,Lauren,Gray,1997-11-04,F,RUSSIA,Saint Petersburg,Home,3,Yes,Agency,28,3,1321905.54,440635.18,565905.82,239395.32,1523.6933333333334,4571.08,1,0,Home-Focused Buyers
C1500,Individual,Shirley,Ward,1995-01-04,F,AUSTRALIA,Victoria,Home,2,No,Agency,31,4,1020299.92,255074.98,363010.65,127809.54,841.385,3365.54,2,1,Home-Focused Buyers - Cluster 2
C1501,Individual,Brenda,White,1951-12-16,F,USA,Oregon,Investment,4,No,Agency,74,3,761279.08,253759.69333333333,340778.92,188265.35,851.4266666666667,2554.28,2,1,Home-Focused Buyers - Cluster 2
C1502,Individual,Elizabeth,Weaver,1994-10-27,F,UK,Wales,Home,5,Yes,Website,31,4,1045772.34,261443.085,352637.6,160523.29,911.0425,3644.17,2,1,Home-Focused Buyers - Cluster 2
C1503,Company,Triton,Co,1986-08-21,M,USA,Arizona,Investment,5,No,Website,40,4,1299971.48,324992.87,570156.97,226014.9,1050.5725,4202.29,2,1,Home-Focused Buyers - Cluster 2
C1504,Individual,Patrick,Hughes,1946-08-19,M,USA,California,Home,4,No,Website,80,3,871805.96,290601.98666666663,384006.83,232663.21,979.0866666666667,2937.26,2,1,Home-Focused Buyers - Cluster 2
C1505,Individual,William,Cook,1994-05-14,M,USA,Virginia,Home,3,No,Agency,32,4,1012922.06,253230.515,380365.78,139259.7,799.9225,3199.69,2,1,Home-Focused Buyers - Cluster 2
C1506,Individual,Larry,Price,1950-01-11,M,USA,Utah,Investment,3,No,Website,76,3,1010109.4,336703.13333333336,369810.4,291113.56,1155.4633333333334,3466.39,2,1,Home-Focused Buyers - Cluster 2
C1507,Individual,Joyce,Cooper,1951-03-28,F,USA,Florida,Home,3,No,Agency,75,4,1499666.44,374916.61,572514.83,175243.75,1220.915,4883.66,1,0,Home-Focused Buyers
C1508,Individual,Benjamin,Morris,1994-12-03,M,UK,Scotland,Home,3,No,Agency,31,4,965283.79,241320.9475,288985.79,156014.92,783.64,3134.56,2,1,Home-Focused Buyers - Cluster 2
C1509,Individual,Rebecca,Campbell,1946-12-16,F,USA,California,Home,3,No,Website,79,4,1821912.8699999999,455478.21749999997,601608.38,225149.08,1482.5875,5930.35,1,0,Home-Focused Buyers
C1510,Company,Altira,Co,1962-12-01,M,USA,California,Home,5,No,Agency,63,3,804243.22,268081.0733333333,356271.34,138440.15,842.68,2528.04,2,1,Home-Focused Buyers - Cluster 2
C1511,Individual,Ann,Hansen,1989-07-20,F,FRANCE,Provence,Home,2,Yes,Website,37,3,1093080.8599999999,364360.2866666666,556945.98,255732.58,1152.6466666666668,3457.94,2,1,Home-Focused Buyers - Cluster 2
C1512,Individual,Anna,Young,1955-06-18,F,USA,Nevada,Home,4,Yes,Client,71,4,1209056.95,302264.2375,387618.51,222525.37,1046.42,4185.68,2,1,Home-Focused Buyers - Cluster 2
C1513,Individual,Danielle,Morales,1995-06-08,F,USA,Florida,Home,2,No,Website,31,3,1452266.37,484088.79000000004,552490.44,438017.28,1538.7766666666666,4616.33,1,0,Home-Focused Buyers
C1514,Individual,Linda,Bryant,1986-12-08,F,USA,New York,Home,4,No,Website,39,3,1211908.53,403969.51,458308.65,319262.64,1386.32,4158.96,1,1,Home-Focused Buyers
C1515,Individual,Angela,Williams,1946-10-16,F,USA,Nevada,Investment,5,No,Website,79,4,1433703.52,358425.88,499781.62,183787.02,1227.17,4908.68,1,0,Home-Focused Buyers
C1516,Individual,Grace,Wood,1953-05-23,F,USA,Texas,Home,4,No,Website,73,3,690456.91,230152.30333333334,355876.81,152674.09,801.46,2404.38,2,1,Home-Focused Buyers - Cluster 2
C1517,Individual,Benjamin,Chavez,1978-02-23,M,USA,California,Investment,2,No,Agency,48,4,1328693.42,332173.355,442491.43,176868.98,1076.59,4306.36,2,1,Home-Focused Buyers - Cluster 2
C1518,Individual,Teresa,Rogers,1994-10-08,F,AUSTRALIA,Victoria,Home,5,Yes,Agency,31,4,961942.8799999999,240485.71999999997,280586.67,198825.02,886.4275,3545.71,2,1,Home-Focused Buyers - Cluster 2
C1519,Individual,Kyle,Freeman,1972-08-19,M,USA,California,Home,1,No,Agency,54,4,1366990.1300000001,341747.53250000003,630466.93,213645.72,1072.9850000000001,4291.9400000000005,2,1,Home-Focused Buyers - Cluster 2
C1520,Individual,Patrick,Griffin,1945-12-05,M,USA,Utah,Home,1,No,Website,80,4,1425469.02,356367.255,556062.8,168573.3,1187.8925,4751.57,1,0,Home-Focused Buyers
C1521,Individual,Bryan,Foster,1973-12-25,M,USA,Nevada,Home,4,No,Agency,52,3,913579.4099999999,304526.47,346864.73,226621.01,1032.28,3096.84,2,1,Home-Focused Buyers - Cluster 2
C1522,Individual,Debra,Mitchell,1964-09-14,F,USA,Washington,Home,5,No,Website,61,4,1598304.98,399576.245,568937.95,225333.86,1378.985,5515.94,1,0,Home-Focused Buyers
C1523,Company,Horizon,Co,1981-07-22,M,AUSTRALIA,Victoria,Investment,3,No,Website,45,4,1652083.92,413020.98,563972.46,292138.69,1334.8775,5339.51,1,0,Home-Focused Buyers
C1524,Individual,Jordan,Wilson,1967-07-24,M,USA,Virginia,Home,2,No,Client,59,4,1434208.3,358552.075,582397.59,232965.64,1164.0149999999999,4656.0599999999995,1,1,Home-Focused Buyers
C1525,Individual,Timothy,Brown,1959-08-24,M,USA,California,Home,1,No,Agency,67,3,1336757.18,445585.7266666666,544081.2,312096.7,1511.63,4534.89,1,0,Home-Focused Buyers
C1526,Individual,Victoria,Howard,1956-08-05,F,USA,California,Home,3,No,Website,70,3,1429330.15,476443.3833333333,559747.82,358774.09,1600.9133333333332,4802.74,1,0,Home-Focused Buyers
C1527,Individual,Martha,Thomas,1989-05-13,F,USA,California,Home,1,No,Agency,37,3,993447.0599999999,331149.01999999996,403651.55,256919.71,1200.3500000000001,3601.05,2,1,Home-Focused Buyers - Cluster 2
C1528,Individual,Jennifer,Weaver,1997-09-02,F,GERMANY,Hamburg,Home,1,Yes,Website,29,3,1058452.68,352817.56,522641.04,174036.19,1125.17,3375.51,2,1,Home-Focused Buyers - Cluster 2
C1529,Company,Helios,Co,1989-04-19,M,USA,California,Home,4,No,Website,37,4,1614522.9000000001,403630.72500000003,559177.67,195068.84,1350.98,5403.92,1,0,Home-Focused Buyers
C1530,Individual,Sarah,Wright,1988-11-20,F,USA,California,Home,2,No,Website,37,3,1011087.75,337029.25,506418.4,220388.67,1107.81,3323.43,2,1,Home-Focused Buyers - Cluster 2
C1531,Individual,Bryan,Cox,1964-03-15,M,FRANCE,Brittany,Investment,2,No,Website,62,4,1272471.05,318117.7625,509367.59,149389.92,1065.415,4261.66,2,1,Home-Focused Buyers - Cluster 2
C1532,Individual,Linda,Freeman,1998-09-26,F,USA,Texas,Home,3,Yes,Website,27,4,1446462.79,361615.6975,553937.2,205599.43,1164.0149999999999,4656.0599999999995,1,1,Home-Focused Buyers
C1533,Individual,Anthony,Bryant,1988-10-05,M,CANADA,British Columbia,Home,4,No,Agency,37,4,1019127.09,254781.7725,479088.84,157369.37,727.265,2909.06,2,1,Home-Focused Buyers - Cluster 2
C1534,Individual,Sandra,Pierce,1996-06-08,F,USA,California,Home,4,Yes,Website,30,3,1195359.88,398453.2933333333,552866.95,274356.57,1303.4733333333334,3910.42,1,1,Home-Focused Buyers
C1535,Individual,Jeremy,Stone,1994-09-03,M,UK,England,Investment,3,No,Agency,32,4,1967005.46,491751.365,621748.81,250182.28,1591.4724999999999,6365.889999999999,1,0,Home-Focused Buyers
C1536,Individual,Sara,Baker,1982-06-05,F,USA,Washington,Home,3,No,Website,44,3,1076884.84,358961.61333333334,687894.92,125951.48,1050.6433333333332,3151.93,2,1,Home-Focused Buyers - Cluster 2
C1537,Individual,Lisa,Foster,1999-08-04,F,USA,Arizona,Home,5,No,Website,27,3,1637300.4100000001,545766.8033333333,581950.52,508639.46,1579.3133333333335,4737.9400000000005,1,0,Home-Focused Buyers
C1538,Individual,Jessica,Kim,1947-01-07,F,USA,California,Investment,5,No,Website,79,3,775544.78,258514.92666666667,394524.62,144215.29,941.38,2824.14,2,1,Home-Focused Buyers - Cluster 2
C1539,Individual,Terry,Brown,1997-05-13,M,USA,Nevada,Home,1,No,Agency,29,3,811448.36,270482.7866666667,281239.32,251909.19,995.5099999999999,2986.5299999999997,2,1,Home-Focused Buyers - Cluster 2
C1540,Individual,Roger,Cox,1957-12-02,M,USA,California,Home,2,Yes,Client,68,3,842510.7,280836.89999999997,433230.74,159782.74,908.2333333333332,2724.7,2,1,Home-Focused Buyers - Cluster 2
C1541,Individual,Carl,Adams,1964-11-20,M,USA,California,Home,2,No,Website,61,4,1173616.46,293404.115,412683.22,164991.39,995.0275,3980.11,2,1,Home-Focused Buyers - Cluster 2
C1542,Individual,Gary,Cook,1989-07-27,M,USA,Nevada,Home,1,Yes,Website,37,3,1261648.92,420549.63999999996,589311.2,192979.14,1356.7466666666667,4070.24,1,0,Home-Focused Buyers
C1543,Individual,Virginia,Peterson,1955-11-10,F,USA,New York,Investment,3,No,Agency,70,3,1199490.31,399830.10333333333,586216.96,222662.14,1267.4066666666668,3802.2200000000003,1,0,Home-Focused Buyers
C1544,Individual,Heather,Evans,1947-04-27,F,RUSSIA,Tatarstan,Home,3,No,Website,79,3,1551623.3,517207.76666666666,596353.18,401408.97,1679.1066666666666,5037.32,1,0,Home-Focused Buyers
C1545,Individual,Elizabeth,Price,1992-11-23,F,USA,California,Investment,1,Yes,Website,33,3,1101811.15,367270.3833333333,494550.09,281344.37,1254.5033333333333,3763.51,1,0,Home-Focused Buyers
C1546,Individual,Sarah,Scott,1966-06-06,F,MEXICO,Puebla,Home,4,Yes,Agency,60,4,1161022.51,290255.6275,519316.1,175165.7,874.9925000000001,3499.9700000000003,2,1,Home-Focused Buyers - Cluster 2
C1547,Individual,Margaret,Martin,1975-04-03,F,USA,Florida,Home,2,Yes,Agency,51,4,1199337.46,299834.365,455404.07,142219.93,997.415,3989.66,2,1,Home-Focused Buyers - Cluster 2
C1548,Company,Telnox,Co,1967-12-26,M,USA,California,Home,2,Yes,Website,58,3,615223.03,205074.34333333335,249761.11,177394.92,678.9699999999999,2036.9099999999999,2,1,Home-Focused Buyers - Cluster 2
C1549,Individual,Gary,Reyes,1961-06-15,M,MEXICO,Nuevo Leon,Home,4,No,Client,65,3,837044.35,279014.7833333333,334152.7,244330.47,983.4266666666667,2950.28,2,1,Home-Focused Buyers - Cluster 2
C1550,Individual,Jason,Rogers,1998-10-01,M,USA,California,Home,2,No,Agency,27,4,1368767.79,342191.9475,579944.58,195341.0,1164.0149999999999,4656.0599999999995,1,1,Home-Focused Buyers
C1551,Individual,Aaron,Howard,1991-05-17,M,USA,California,Home,2,No,Agency,35,3,1252240.69,417413.5633333333,487577.71,341188.07,1438.2933333333333,4314.88,1,0,Home-Focused Buyers
C1552,Individual,Peter,Wilson,1947-04-20,M,USA,California,Investment,2,Yes,Agency,79,4,1356450.7000000002,339112.67500000005,570187.06,136944.18,1074.0525,4296.21,2,0,Home-Focused Buyers - Cluster 2
C1553,Company,Horizon,Co,1990-03-27,M,USA,Utah,Home,4,No,Agency,36,3,979536.36,326512.12,505829.79,194006.16,1038.7166666666667,3116.15,2,1,Home-Focused Buyers - Cluster 2
C1554,Individual,Gregory,Cox,1998-03-04,M,GERMANY,Bavaria,Home,1,No,Website,28,3,742034.24,247344.74666666667,293555.19,190102.41,678.9699999999999,2036.9099999999999,2,1,Home-Focused Buyers - Cluster 2
C1555,Individual,Julia,Martin,1946-04-25,F,UK,England,Home,5,No,Website,80,4,1233852.38,308463.095,488976.07,177305.61,1012.5575,4050.23,2,1,Home-Focused Buyers - Cluster 2
C1556,Individual,Grace,Wood,1982-11-20,F,USA,Colorado,Investment,2,No,Agency,43,4,1215734.71,303933.6775,410418.36,219431.86,1020.3875,4081.55,2,1,Home-Focused Buyers - Cluster 2
C1557,Individual,Joan,Griffin,1942-03-15,F,USA,New York,Home,2,Yes,Website,84,3,955054.1799999999,318351.3933333333,528144.96,181790.56,1072.4833333333333,3217.45,2,0,Home-Focused Buyers - Cluster 2
C1558,Individual,Tyler,Phillips,1944-03-12,M,MEXICO,Baja California,Home,4,No,Website,82,3,1482069.56,494023.1866666667,578692.29,440168.38,1680.5266666666666,5041.58,1,0,Home-Focused Buyers
C1559,Individual,Sara,Mitchell,1975-03-27,F,UK,England,Home,2,No,Website,51,3,1345808.87,448602.9566666667,527049.84,322598.15,1445.2933333333333,4335.88,1,0,Home-Focused Buyers
C1560,Individual,Christina,Hughes,1940-07-15,F,USA,California,Home,4,Yes,Client,86,3,1052677.5699999998,350892.52333333326,415366.42,289323.48,1148.0433333333333,3444.13,2,1,Home-Focused Buyers - Cluster 2
C1561,Individual,Jeffrey,Green,1964-04-28,M,MEXICO,Nuevo Leon,Investment,5,No,Agency,62,3,1135294.51,378431.50333333336,661640.07,113212.24,1193.7733333333333,3581.32,1,0,Home-Focused Buyers
C1562,Individual,Maria,Morris,1987-07-05,F,USA,California,Home,4,No,Client,39,3,1179775.32,393258.44,534178.9,248706.16,1268.0466666666669,3804.1400000000003,1,1,Home-Focused Buyers
C1563,Individual,Susan,Baker,1987-06-18,F,USA,Utah,Home,5,No,Website,39,3,979729.05,326576.35000000003,428024.76,158850.09,1090.7733333333333,3272.3199999999997,2,1,Home-Focused Buyers - Cluster 2
C1564,Individual,Jason,Wood,1964-11-06,M,USA,Washington,Investment,5,No,Website,61,3,1595925.43,531975.1433333333,634070.07,465014.45,1635.6233333333332,4906.87,1,0,Home-Focused Buyers
C1565,Individual,Kenneth,Bennett,1980-08-08,M,MEXICO,Jalisco,Home,4,No,Agency,46,4,1140899.22,285224.805,422684.36,192882.89,994.0725,3976.29,2,1,Home-Focused Buyers - Cluster 2
C1566,Individual,Anthony,Wilson,1995-01-01,M,USA,California,Home,3,No,Website,31,4,1450240.65,362560.1625,530764.64,248159.95,1175.235,4700.94,1,1,Home-Focused Buyers
C1567,Individual,Frank,Wilson,1977-10-11,M,USA,Georgia,Home,4,No,Client,48,4,1594452.6199999999,398613.15499999997,537350.96,164834.69,1276.9875,5107.95,1,0,Home-Focused Buyers
C1568,Individual,Betty,Owens,1990-03-06,F,USA,California,Home,5,No,Website,36,3,1373808.0899999999,457936.02999999997,570859.46,241356.6,1357.1933333333334,4071.58,1,1,Home-Focused Buyers
C1569,Individual,Pamela,Turner,1993-11-05,F,USA,California,Investment,1,Yes,Website,32,3,1175242.5499999998,391747.5166666666,624932.71,213043.96,1258.29,3774.87,1,0,Home-Focused Buyers
C1570,Individual,Amanda,Williams,1963-12-27,F,USA,Ohio,Home,5,No,Website,62,4,1469638.4,367409.6,493931.35,245282.25,1333.5625,5334.25,1,0,Home-Focused Buyers
C1571,Individual,Ethan,Morales,1978-06-03,M,USA,California,Home,2,No,Website,48,4,1243439.96,310859.99,396729.97,233677.77,1092.085,4368.34,2,1,Home-Focused Buyers - Cluster 2
C1572,Individual,Donald,Baker,1960-06-10,M,AUSTRALIA,Queensland,Home,3,No,Agency,66,4,886149.52,221537.38,284177.91,179987.43,748.33,2993.32,2,1,Home-Focused Buyers - Cluster 2
C1573,Individual,Amanda,Richardson,1946-05-07,F,USA,California,Home,1,No,Website,80,4,1175839.94,293959.985,410772.92,195740.81,1059.9375,4239.75,2,0,Home-Focused Buyers - Cluster 2
C1574,Individual,Gary,Morris,1984-08-14,M,USA,California,Home,4,No,Website,42,3,1195224.9,398408.3,488398.75,341221.59,1255.6333333333334,3766.9,1,1,Home-Focused Buyers
C1575,Individual,Paul,Freeman,2000-12-19,M,USA,California,Home,2,No,Website,25,4,1395067.1600000001,348766.79000000004,494892.28,202812.57,1158.7275,4634.91,1,1,Home-Focused Buyers
C1576,Individual,Heather,Cook,1977-09-28,F,USA,Nevada,Investment,3,Yes,Website,48,4,1359536.24,339884.06,516417.01,202725.25,1098.1675,4392.67,2,1,Home-Focused Buyers - Cluster 2
C1577,Individual,Ethan,Edwards,1983-02-15,M,GERMANY,Bavaria,Home,3,No,Website,43,3,1427933.58,475977.86000000004,574268.12,424459.34,1471.8999999999999,4415.7,1,0,Home-Focused Buyers
C1578,Individual,Mark,Turner,1996-03-12,M,USA,California,Investment,2,No,Website,30,3,765431.01,255143.67,334041.57,169119.0,934.8733333333333,2804.62,2,1,Home-Focused Buyers - Cluster 2
C1579,Individual,Robert,Bell,1945-10-03,M,USA,Arizona,Investment,4,No,Website,80,4,1101753.5899999999,275438.39749999996,300464.18,246938.23,952.0525,3808.21,2,1,Home-Focused Buyers - Cluster 2
C1580,Individual,Jordan,Martin,1997-12-05,M,USA,Georgia,Investment,1,Yes,Website,28,4,1008834.66,252208.665,458458.71,153831.9,872.2,3488.8,2,1,Home-Focused Buyers - Cluster 2
C1581,Individual,James,Reyes,1950-11-08,M,USA,California,Investment,1,No,Website,75,3,1123364.22,374454.74,518409.3,231799.35,1023.9266666666666,3071.7799999999997,2,0,Home-Focused Buyers - Cluster 2
C1582,Individual,Harold,Baker,1955-08-20,M,FRANCE,Ile-De-France,Home,4,Yes,Client,71,3,1030269.01,343423.00333333336,446919.96,201016.28,1050.08,3150.24,2,1,Home-Focused Buyers - Cluster 2
C1583,Individual,Peter,Scott,1968-01-03,M,USA,California,Home,2,No,Agency,58,4,1378030.61,344507.6525,456061.7,205474.2,1170.135,4680.54,1,1,Home-Focused Buyers
C1584,Company,Nexus,Co,1985-08-12,M,FRANCE,Brittany,Investment,1,Yes,Website,41,3,1199226.44,399742.14666666667,491267.17,266282.79,1361.7433333333333,4085.23,1,0,Home-Focused Buyers
C1585,Individual,Kevin,Watson,1960-10-10,M,CANADA,Ontario,Home,5,No,Website,65,4,1480011.91,370002.9775,478106.01,144901.21,1276.8225,5107.29,1,0,Home-Focused Buyers
C1586,Individual,Carolyn,Roberts,1967-01-21,F,GERMANY,Berlin,Home,3,No,Website,59,3,1116579.83,372193.2766666667,419816.08,330158.13,1224.68,3674.04,1,0,Home-Focused Buyers
C1587,Individual,Carl,Cooper,1943-12-02,M,CANADA,Quebec,Investment,4,Yes,Agency,82,3,743057.13,247685.71,358380.74,177408.39,850.2466666666668,2550.7400000000002,2,1,Home-Focused Buyers - Cluster 2
C1588,Individual,Patricia,Thomas,1980-10-25,F,USA,Utah,Investment,5,No,Website,45,3,957201.31,319067.10333333333,503642.95,152470.27,1104.51,3313.53,2,1,Home-Focused Buyers - Cluster 2
C1589,Individual,Christina,Ward,1953-08-12,F,USA,California,Investment,4,No,Agency,73,3,1380536.7000000002,460178.9000000001,593745.43,298751.02,1396.87,4190.61,1,0,Home-Focused Buyers
C1590,Company,Elara,Co,1979-06-19,F,USA,Oregon,Home,1,No,Website,47,4,1470403.6,367600.9,497116.96,242154.43,1228.8325,4915.33,1,0,Home-Focused Buyers
C1591,Individual,Christine,Brooks,1971-08-15,F,USA,California,Investment,4,No,Website,55,4,1676312.98,419078.245,523585.37,276837.25,1341.715,5366.86,1,0,Home-Focused Buyers
C1592,Individual,Heather,Allen,1975-06-01,F,USA,Texas,Investment,2,Yes,Agency,51,4,878452.1900000001,219613.04750000002,273978.28,170526.78,735.11,2940.44,2,1,Home-Focused Buyers - Cluster 2
C1593,Individual,Anthony,Williams,1975-08-05,M,USA,California,Home,1,No,Website,51,4,825960.49,206490.1225,280450.33,139828.56,666.135,2664.54,2,1,Home-Focused Buyers - Cluster 2
C1594,Individual,Kathleen,Green,1969-10-24,F,USA,Colorado,Home,2,No,Agency,56,4,1522994.53,380748.6325,524785.88,215808.72,1259.875,5039.5,1,0,Home-Focused Buyers
C1595,Individual,Charles,Reed,1955-08-20,M,USA,California,Home,5,No,Website,71,4,1310147.8599999999,327536.96499999997,583134.02,193299.59,1186.5225,4746.09,2,1,Home-Focused Buyers - Cluster 2
C1596,Individual,Frank,Hall,1979-11-10,M,GERMANY,Berlin,Investment,4,No,Website,46,3,1642954.44,547651.48,634487.77,374278.05,1649.26,4947.78,1,0,Home-Focused Buyers
C1597,Individual,Rachel,Cox,1949-12-28,F,USA,Nevada,Investment,4,Yes,Website,76,4,1155778.2,288944.55,356644.67,199115.19,947.7475,3790.99,2,0,Home-Focused Buyers - Cluster 2
C1598,Individual,Angela,Adams,1940-06-23,F,USA,Georgia,Home,4,Yes,Agency,86,3,1163931.67,387977.2233333333,523992.65,197165.85,1310.3966666666665,3931.1899999999996,1,1,Home-Focused Buyers
C1599,Individual,Stephanie,Thompson,1980-11-19,F,USA,Virginia,Investment,5,Yes,Website,45,3,1321031.17,440343.7233333333,584321.85,253398.7,1337.1733333333334,4011.52,1,0,Home-Focused Buyers
C1600,Individual,Jennifer,Rogers,1968-02-13,F,BELGIUM,Wallonia,Home,5,No,Website,58,4,1237164.36,309291.09,430028.88,180470.85,984.6475,3938.59,2,1,Home-Focused Buyers - Cluster 2
C1601,Individual,Tiffany,Parker,1996-08-13,F,RUSSIA,Krasnodar Krai,Home,3,No,Website,30,3,829078.01,276359.33666666667,324581.41,205928.65,913.6700000000001,2741.01,2,1,Home-Focused Buyers - Cluster 2
C1602,Individual,Harold,Turner,1986-11-01,M,USA,Nevada,Investment,4,No,Website,39,4,1676863.99,419215.9975,534260.23,196031.15,1425.28,5701.12,1,0,Home-Focused Buyers
C1603,Individual,Hannah,Rogers,1962-09-07,F,UK,England,Home,5,No,Website,64,4,1077719.71,269429.9275,371548.46,160290.77,976.2049999999999,3904.8199999999997,2,1,Home-Focused Buyers - Cluster 2
C1604,Individual,Ronald,Kim,1949-09-10,M,USA,Texas,Home,4,No,Website,77,3,1050264.24,350088.08,539529.66,159532.71,1243.8233333333333,3731.47,2,1,Home-Focused Buyers - Cluster 2
C1605,Individual,Joshua,Collins,1999-01-21,M,UK,England,Investment,4,Yes,Website,27,4,1170783.34,292695.835,573983.92,149462.76,874.9925000000001,3499.9700000000003,2,1,Home-Focused Buyers - Cluster 2
C1606,Individual,Zachary,Howard,1965-03-20,M,USA,Washington,Home,1,Yes,Agency,61,3,917562.71,305854.23666666663,396586.67,253742.21,1033.4833333333333,3100.45,2,1,Home-Focused Buyers - Cluster 2
C1607,Individual,Emma,Hall,1963-03-11,F,USA,California,Home,3,No,Agency,63,3,829294.5700000001,276431.5233333334,345524.63,214742.35,927.6066666666666,2782.8199999999997,2,1,Home-Focused Buyers - Cluster 2
C1608,Individual,Heather,Pierce,1999-11-14,F,UK,England,Home,4,Yes,Website,26,3,1431381.65,477127.2166666666,609069.59,216010.59,1447.82,4343.46,1,0,Home-Focused Buyers
C1609,Individual,Justin,Reed,1964-10-02,M,USA,California,Investment,2,No,Website,61,3,804844.43,268281.4766666667,327614.46,237505.2,900.46,2701.38,2,1,Home-Focused Buyers - Cluster 2
C1610,Individual,Kenneth,White,1967-03-23,M,USA,California,Investment,3,No,Website,59,4,1249167.74,312291.935,464148.93,168566.58,1114.2125,4456.85,2,1,Home-Focused Buyers - Cluster 2
C1611,Individual,Sarah,Bryant,1975-09-02,F,USA,Nevada,Investment,4,No,Website,51,4,1072189.52,268047.38,300261.31,217963.49,842.75,3371.0,2,1,Home-Focused Buyers - Cluster 2
C1612,Individual,Jason,Price,1990-02-25,M,USA,California,Home,1,No,Agency,36,3,766554.56,255518.18666666668,389142.71,178359.16,839.1433333333334,2517.4300000000003,2,1,Home-Focused Buyers - Cluster 2
C1613,Individual,Ryan,Griffin,1998-01-08,M,DENMARK,Southern Denmark,Home,2,Yes,Agency,28,4,1608368.22,402092.055,536339.3,170047.61,1400.6975,5602.79,1,0,Home-Focused Buyers
C1614,Individual,Julie,Williams,1968-05-16,F,USA,Utah,Investment,4,No,Website,58,3,822155.05,274051.68333333335,375800.81,172502.97,1059.3466666666666,3178.04,2,1,Home-Focused Buyers - Cluster 2
C1615,Individual,Jason,Mitchell,1963-08-01,M,USA,Utah,Home,5,No,Agency,63,3,857125.52,285708.50666666665,475179.93,146531.33,903.87,2711.61,2,1,Home-Focused Buyers - Cluster 2
C1616,Individual,Aaron,Nelson,1991-09-01,M,UK,Wales,Investment,5,Yes,Website,35,4,1344053.71,336013.4275,542250.95,171091.26,1128.1275,4512.51,2,1,Home-Focused Buyers - Cluster 2
C1617,Individual,Michelle,Baker,1952-10-09,F,USA,California,Home,3,No,Website,73,3,776005.5,258668.5,389944.98,175259.38,839.1433333333334,2517.4300000000003,2,1,Home-Focused Buyers - Cluster 2
C1618,Individual,Linda,Price,1962-11-22,F,USA,Washington,Home,2,Yes,Website,63,4,1356655.6800000002,339163.92000000004,567758.66,144307.67,1103.3025,4413.21,2,1,Home-Focused Buyers - Cluster 2
C1619,Individual,Jason,Baker,1952-10-24,M,BELGIUM,Wallonia,Home,2,No,Website,73,4,1390206.46,347551.615,466648.29,204218.36,1164.0149999999999,4656.0599999999995,1,0,Home-Focused Buyers
C1620,Individual,Jacob,Morales,1944-05-07,M,USA,California,Home,1,Yes,Website,82,3,788250.3500000001,262750.1166666667,306030.71,215779.63,979.0866666666667,2937.26,2,1,Home-Focused Buyers - Cluster 2
C1621,Individual,Carl,Wood,1954-06-15,M,USA,Oregon,Investment,2,No,Agency,72,3,739739.97,246579.99,330239.65,152799.46,973.09,2919.27,2,1,Home-Focused Buyers - Cluster 2
C1622,Individual,Angela,Taylor,1961-02-01,F,USA,Oregon,Home,1,Yes,Website,65,3,1054193.3599999999,351397.7866666666,466599.16,220638.59,1107.81,3323.43,2,1,Home-Focused Buyers - Cluster 2
C1623,Individual,Julia,Hall,1994-01-12,F,USA,Oregon,Home,4,No,Website,32,3,1060233.46,353411.1533333333,508317.94,240507.75,1111.2966666666666,3333.89,2,1,Home-Focused Buyers - Cluster 2
C1624,Individual,Jennifer,Stewart,1951-01-04,F,USA,California,Home,4,Yes,Website,75,4,1943363.94,485840.985,663848.64,329030.02,1602.67,6410.68,1,0,Home-Focused Buyers
C1625,Individual,Harold,Wright,2000-02-03,M,AUSTRALIA,Western Australia,Home,4,No,Agency,26,3,910587.85,303529.2833333333,437096.17,171012.46,1094.84,3284.52,2,1,Home-Focused Buyers - Cluster 2
C1626,Individual,Jennifer,Morales,1970-02-24,F,FRANCE,Provence,Home,2,Yes,Website,56,3,1225657.22,408552.4066666667,506351.81,331811.36,1464.8466666666666,4394.54,1,1,Home-Focused Buyers
C1627,Individual,David,Bryant,1973-08-14,M,USA,California,Investment,1,No,Website,53,3,1275226.77,425075.59,487397.65,311009.93,1527.8633333333335,4583.59,1,0,Home-Focused Buyers
C1628,Company,Lumina,Co,1993-10-13,F,FRANCE,Normandy,Home,4,Yes,Website,32,3,800299.08,266766.36,369992.93,174634.6,842.73,2528.19,2,1,Home-Focused Buyers - Cluster 2
C1629,Individual,Stephanie,Roberts,1956-08-26,F,USA,Utah,Home,5,No,Agency,70,3,789150.05,263050.01666666666,370439.82,167175.36,1008.13,3024.39,2,1,Home-Focused Buyers - Cluster 2
C1630,Company,Grandis,Co,1994-05-06,F,USA,Virginia,Investment,1,Yes,Website,32,3,1206881.92,402293.9733333333,466289.68,300750.03,1338.1466666666668,4014.44,1,0,Home-Focused Buyers
C1631,Individual,Joan,Patterson,1966-03-12,F,UK,Northern Ireland,Home,5,No,Website,60,4,1683720.2,420930.05,605216.52,273717.69,1267.07,5068.28,1,0,Home-Focused Buyers
C1632,Individual,Victoria,Wright,1963-07-12,F,USA,California,Investment,3,Yes,Agency,63,4,1425130.6800000002,356282.67000000004,587752.9,153965.78,1152.755,4611.02,1,1,Home-Focused Buyers
C1633,Individual,Sara,Bennett,1977-07-03,F,CANADA,Ontario,Home,2,No,Website,49,3,847190.3300000001,282396.7766666667,430268.83,149767.48,976.8166666666666,2930.45,2,1,Home-Focused Buyers - Cluster 2
C1634,Individual,Sara,King,1944-01-11,F,USA,Georgia,Investment,2,No,Website,82,4,1044217.01,261054.2525,444069.92,180777.41,872.2,3488.8,2,0,Home-Focused Buyers - Cluster 2
C1635,Individual,Lawrence,Moore,1948-04-27,M,FRANCE,Brittany,Home,1,No,Website,78,4,1104480.44,276120.11,557253.35,132839.83,919.7425000000001,3678.9700000000003,2,1,Home-Focused Buyers - Cluster 2
C1636,Company,Zynex,Co,1987-01-10,F,USA,Arizona,Home,5,Yes,Website,39,3,1171439.72,390479.9066666667,480665.23,244913.49,1308.5133333333333,3925.54,1,1,Home-Focused Buyers
C1637,Individual,Jacob,Cook,1969-02-11,M,MEXICO,Nuevo Leon,Home,5,No,Agency,57,3,1333020.46,444340.1533333333,558806.02,265540.4,1525.18,4575.54,1,0,Home-Focused Buyers
C1638,Individual,Cynthia,Peterson,1978-12-14,F,FRANCE,Occitanie,Investment,1,Yes,Agency,47,3,1047895.71,349298.57,487075.17,227673.39,1175.6833333333334,3527.05,2,1,Home-Focused Buyers - Cluster 2
C1639,Individual,Ronald,Smith,1943-09-26,M,USA,Colorado,Home,1,No,Website,82,4,1088561.44,272140.36,434288.76,147313.66,975.4225,3901.69,2,1,Home-Focused Buyers - Cluster 2
C1640,Individual,Helen,Adams,1966-11-04,F,USA,California,Home,1,Yes,Website,59,4,1172146.65,293036.6625,383671.53,187644.88,1047.99,4191.96,2,1,Home-Focused Buyers - Cluster 2
C1641,Individual,Charles,Phillips,1972-02-14,M,USA,Utah,Home,1,No,Agency,54,4,1898878.08,474719.52,649429.33,235179.49,1504.0974999999999,6016.389999999999,1,0,Home-Focused Buyers
C1642,Individual,Maria,Adams,1981-07-20,F,CANADA,British Columbia,Home,5,No,Website,45,4,1441785.62,360446.405,590849.87,179708.55,1167.1599999999999,4668.639999999999,1,1,Home-Focused Buyers
C1643,Individual,Carl,Rogers,1978-01-09,M,FRANCE,Ile-De-France,Home,4,No,Agency,48,3,1182889.92,394296.63999999996,522875.6,311382.6,1468.6933333333334,4406.08,1,0,Home-Focused Buyers
C1644,Individual,Megan,Freeman,1944-06-22,F,USA,California,Home,1,No,Client,82,4,1312822.17,328205.5425,406698.29,173347.8,1024.3375,4097.35,2,0,Home-Focused Buyers - Cluster 2
C1645,Individual,Shirley,Chavez,1995-02-08,F,AUSTRALIA,New South Wales,Investment,1,No,Website,31,4,1503973.21,375993.3025,503034.95,248108.79,1238.115,4952.46,1,1,Home-Focused Buyers
C1646,Individual,Billy,Patterson,1998-06-10,M,USA,Washington,Investment,4,Yes,Agency,28,3,972186.46,324062.1533333333,356950.7,298117.48,1052.4533333333334,3157.36,2,1,Home-Focused Buyers - Cluster 2
C1647,Individual,Paul,Stone,1945-11-25,M,USA,Ohio,Home,4,Yes,Agency,80,3,1316368.95,438789.64999999997,474177.38,401460.83,1471.8999999999999,4415.7,1,0,Home-Focused Buyers
C1648,Individual,Julia,Wood,1949-09-21,F,AUSTRALIA,New South Wales,Home,3,No,Website,76,3,1282946.7,427648.89999999997,515026.76,339080.79,1476.9433333333334,4430.83,1,0,Home-Focused Buyers
C1649,Individual,Melissa,Price,1982-03-02,F,USA,Oregon,Home,4,Yes,Agency,44,4,1540887.81,385221.9525,440680.26,263940.6,1254.045,5016.18,1,0,Home-Focused Buyers
C1650,Individual,Edward,Griffin,1969-04-01,M,USA,Washington,Investment,2,No,Website,57,3,1065238.5,355079.5,573660.29,179875.05,1057.95,3173.8500000000004,2,0,Home-Focused Buyers - Cluster 2
C1651,Individual,Ryan,Bell,1945-11-19,M,USA,California,Investment,4,No,Website,80,3,962066.4199999999,320688.80666666664,453763.04,248289.51,880.66,2641.98,2,1,Home-Focused Buyers - Cluster 2
C1652,Individual,Paul,Weaver,1964-01-15,M,USA,Nevada,Investment,4,Yes,Client,62,3,1078933.8,359644.60000000003,468522.56,168105.15,1168.3833333333334,3505.15,2,1,Home-Focused Buyers - Cluster 2
C1653,Individual,Sara,White,1974-08-02,F,USA,Colorado,Investment,4,Yes,Website,52,4,957106.48,239276.62,394592.34,160996.66,860.9325,3443.73,2,1,Home-Focused Buyers - Cluster 2
C1654,Individual,Judith,Brooks,1968-04-05,F,USA,California,Home,1,No,Website,58,4,1250065.3800000001,312516.34500000003,579412.56,182365.75,951.6375,3806.55,2,0,Home-Focused Buyers - Cluster 2
C1655,Individual,Sara,Cox,1965-05-16,F,USA,Texas,Investment,2,No,Website,61,3,974749.8,324916.60000000003,398928.35,234624.17,1088.5866666666668,3265.76,2,0,Home-Focused Buyers - Cluster 2
C1656,Individual,Jacob,Baker,1991-05-05,M,BELGIUM,Wallonia,Investment,4,Yes,Website,35,4,1401657.84,350414.46,531573.93,151178.64,1182.3725,4729.49,1,1,Home-Focused Buyers
C1657,Individual,Donald,Kim,1958-05-19,M,USA,California,Home,2,No,Website,68,4,1316624.69,329156.1725,487604.6,212701.42,1023.9675,4095.87,2,1,Home-Focused Buyers - Cluster 2
C1658,Individual,Ronald,Patterson,1970-08-07,M,USA,California,Home,5,No,Agency,56,4,1243178.6,310794.65,488058.16,167318.39,984.12,3936.48,2,1,Home-Focused Buyers - Cluster 2
C1659,Individual,Joshua,Thompson,1946-09-05,M,DENMARK,Zealand,Home,4,No,Website,80,4,1576416.87,394104.2175,536988.38,255581.25,1307.3,5229.2,1,0,Home-Focused Buyers
C1660,Individual,Henry,Richardson,1940-04-27,M,USA,Nevada,Home,4,Yes,Website,86,4,1330046.48,332511.62,529448.55,188384.96,1068.57,4274.28,2,0,Home-Focused Buyers - Cluster 2
C1661,Individual,Ronald,Cox,1975-08-20,M,USA,Washington,Home,4,No,Agency,51,3,1511063.27,503687.75666666665,626977.89,393104.03,1599.3433333333332,4798.03,1,0,Home-Focused Buyers
C1662,Individual,Gary,Montgomery,1967-05-16,M,RUSSIA,Tatarstan,Home,4,No,Website,59,4,1505862.74,376465.685,536177.39,238068.88,1320.35,5281.4,1,0,Home-Focused Buyers
C1663,Individual,Joshua,Garcia,1977-05-13,M,USA,Colorado,Investment,3,No,Agency,49,3,926064.21,308688.07,399712.39,208482.23,1042.71,3128.13,2,1,Home-Focused Buyers - Cluster 2
C1664,Individual,Judith,Hayes,1969-07-25,F,FRANCE,Occitanie,Investment,5,No,Agency,57,3,1390001.73,463333.91,559963.06,378059.82,1445.2933333333333,4335.88,1,0,Home-Focused Buyers
C1665,Individual,Harold,Bell,1995-12-16,M,USA,Arizona,Home,5,No,Website,30,4,966971.19,241742.7975,324550.9,159770.01,827.2,3308.8,2,1,Home-Focused Buyers - Cluster 2
C1666,Individual,Brenda,Edwards,1962-09-08,F,USA,Ohio,Home,2,No,Website,64,3,706503.5900000001,235501.19666666668,272425.15,189133.4,736.0433333333334,2208.13,2,1,Home-Focused Buyers - Cluster 2
C1667,Individual,Stephanie,Cook,1967-11-14,F,USA,California,Investment,4,No,Agency,58,3,831811.52,277270.50666666665,312521.87,258340.9,862.11,2586.33,2,1,Home-Focused Buyers - Cluster 2
C1668,Individual,Scott,Green,1957-11-12,M,AUSTRALIA,Victoria,Home,5,No,Website,68,4,1046863.21,261715.8025,439078.0,187791.7,872.2,3488.8,2,1,Home-Focused Buyers - Cluster 2
C1669,Individual,Steven,Collins,1960-04-07,M,CANADA,Alberta,Investment,3,Yes,Agency,66,4,948271.3400000001,237067.83500000002,330897.08,162335.17,837.5225,3350.09,2,1,Home-Focused Buyers - Cluster 2
C1670,Individual,Angela,Watson,1970-12-09,F,USA,Colorado,Home,3,Yes,Website,55,4,1356021.03,339005.2575,441253.62,149925.94,1076.59,4306.36,2,1,Home-Focused Buyers - Cluster 2
C1671,Individual,Ashley,Howard,1948-09-13,F,USA,California,Home,3,No,Agency,77,4,1329236.75,332309.1875,442394.76,126443.98,1120.62,4482.48,2,0,Home-Focused Buyers - Cluster 2
C1672,Individual,Jacqueline,Morales,1974-04-09,F,USA,Nevada,Investment,4,No,Website,52,3,728363.1699999999,242787.7233333333,361228.37,125572.05,889.9166666666666,2669.75,2,1,Home-Focused Buyers - Cluster 2
C1673,Individual,Katherine,Martin,1992-03-04,F,USA,Washington,Home,1,Yes,Website,34,4,1803634.76,450908.69,726903.51,222946.88,1422.9925,5691.97,1,0,Home-Focused Buyers
C1674,Individual,Emily,Jackson,1941-12-22,F,USA,California,Home,5,Yes,Website,84,4,1614623.53,403655.8825,551658.47,247904.66,1268.7075,5074.83,1,0,Home-Focused Buyers
C1675,Individual,Emma,Reyes,1985-04-08,F,CANADA,Alberta,Investment,5,No,Website,41,3,918037.6799999999,306012.56,362023.29,207569.34,1012.96,3038.88,2,1,Home-Focused Buyers - Cluster 2
C1676,Individual,Amy,Allen,1999-09-19,F,USA,Washington,Home,2,No,Website,26,4,1251637.0,312909.25,474039.53,186157.43,1019.1225,4076.49,2,1,Home-Focused Buyers - Cluster 2
C1677,Individual,Kevin,Thomas,1964-12-20,M,USA,Texas,Home,1,Yes,Website,61,3,942915.1799999999,314305.06,380233.97,211361.79,975.9433333333333,2927.83,2,1,Home-Focused Buyers - Cluster 2
C1678,Individual,Gary,Sanders,1961-03-06,M,USA,California,Home,1,Yes,Agency,65,3,1377654.29,459218.0966666667,501738.52,413239.73,1650.4733333333334,4951.42,1,0,Home-Focused Buyers
C1679,Individual,Christina,Nelson,1986-02-28,F,USA,Nevada,Investment,4,No,Website,40,3,1194618.9,398206.3,587797.99,199370.74,1268.0466666666669,3804.1400000000003,1,1,Home-Focused Buyers
C1680,Individual,Danielle,Howard,1999-09-25,F,USA,California,Investment,4,No,Agency,26,3,665078.77,221692.92333333334,278456.63,139826.6,692.13,2076.39,2,1,Home-Focused Buyers - Cluster 2
C1681,Individual,Carl,Alexander,1961-07-27,M,USA,Oregon,Home,3,Yes,Client,65,4,1408304.94,352076.235,484626.56,227720.97,1156.7625,4627.05,1,0,Home-Focused Buyers
C1682,Individual,Amanda,Brooks,1987-04-11,F,USA,Nevada,Home,2,No,Website,39,4,1469905.41,367476.3525,492569.41,241091.13,1257.0925,5028.37,1,0,Home-Focused Buyers
C1683,Individual,Amber,Patterson,1999-11-19,F,USA,Oregon,Investment,1,No,Client,26,4,1410114.6,352528.65,533570.63,223726.64,1144.74,4578.96,1,1,Home-Focused Buyers
C1684,Individual,Grace,Cooper,1977-07-01,F,USA,Colorado,Investment,4,No,Website,49,4,1109440.17,277360.0425,357429.62,208194.97,883.4825000000001,3533.9300000000003,2,1,Home-Focused Buyers - Cluster 2
C1685,Individual,Kathleen,Parker,1977-05-16,F,USA,California,Home,5,No,Agency,49,3,1109623.75,369874.5833333333,496154.56,222493.85,1274.52,3823.56,1,1,Home-Focused Buyers
C1686,Individual,David,Howard,1977-01-25,M,USA,California,Investment,2,Yes,Agency,49,4,1214377.82,303594.455,407908.02,164477.46,1073.905,4295.62,2,1,Home-Focused Buyers - Cluster 2
C1687,Individual,Eric,Anderson,1967-05-15,M,USA,California,Home,4,Yes,Website,59,4,1026117.62,256529.405,420273.62,152252.04,935.37,3741.48,2,1,Home-Focused Buyers - Cluster 2
C1688,Individual,Amanda,Flores,1996-04-28,F,USA,Oregon,Home,5,No,Client,30,3,1314384.27,438128.09,578952.08,279019.73,1281.9566666666667,3845.87,1,1,Home-Focused Buyers
C1689,Individual,Virginia,King,1985-01-26,F,USA,Oregon,Investment,1,Yes,Client,41,3,896100.8,298700.26666666666,441341.34,200717.88,973.09,2919.27,2,1,Home-Focused Buyers - Cluster 2
C1690,Individual,Terry,Martin,1951-08-18,M,DENMARK,North Denmark,Home,2,Yes,Agency,75,3,1662639.06,554213.02,598512.98,527323.78,1754.9366666666667,5264.81,1,0,Home-Focused Buyers
C1691,Individual,Robert,Reed,1946-03-25,M,USA,Arizona,Home,5,No,Website,80,4,1212731.6,303182.9,450265.88,164554.88,984.9525,3939.81,2,1,Home-Focused Buyers - Cluster 2
C1692,Individual,Joseph,Patterson,1991-03-08,M,CANADA,Ontario,Home,5,Yes,Agency,35,4,1165619.9100000001,291404.97750000004,504544.59,186508.92,984.9525,3939.81,2,1,Home-Focused Buyers - Cluster 2
C1693,Individual,Donald,Turner,1990-11-20,M,BELGIUM,Flanders,Home,1,No,Website,35,4,1557035.08,389258.77,464582.73,326871.64,1342.1525000000001,5368.610000000001,1,0,Home-Focused Buyers
C1694,Individual,Gloria,Foster,1957-07-18,F,USA,Virginia,Home,5,No,Agency,69,4,1457395.73,364348.9325,522366.74,267144.13,1202.695,4810.78,1,0,Home-Focused Buyers
C1695,Individual,Tiffany,Peterson,1955-12-13,F,BELGIUM,Flanders,Home,5,No,Website,70,3,975866.19,325288.73,491123.63,229127.73,1111.2966666666666,3333.89,2,1,Home-Focused Buyers - Cluster 2
C1696,Individual,Emily,Jones,1987-02-20,F,USA,Florida,Home,1,No,Website,39,4,1316025.35,329006.3375,382303.57,205863.07,1092.085,4368.34,2,0,Home-Focused Buyers - Cluster 2
C1697,Individual,Maria,Brown,1980-08-07,F,BELGIUM,Brussels,Home,2,No,Client,46,4,802813.26,200703.315,234850.32,170509.9,700.7825,2803.13,2,1,Home-Focused Buyers - Cluster 2
C1698,Individual,Zachary,Stone,1950-12-05,M,UK,Northern Ireland,Home,4,Yes,Website,75,3,764529.97,254843.32333333333,362728.99,180780.95,901.6266666666667,2704.88,2,1,Home-Focused Buyers - Cluster 2
C1699,Individual,Peter,Phillips,1969-07-15,M,AUSTRALIA,Western Australia,Home,3,Yes,Agency,57,4,1161971.24,290492.81,480048.34,172980.65,946.6524999999999,3786.6099999999997,2,1,Home-Focused Buyers - Cluster 2
C1700,Individual,Nicholas,Young,1943-11-04,M,USA,Nevada,Home,3,No,Website,82,4,1293648.37,323412.0925,564037.73,189015.42,1050.5725,4202.29,2,0,Home-Focused Buyers - Cluster 2
C1701,Individual,Karen,Montgomery,1982-06-27,F,USA,Arizona,Home,1,No,Website,44,3,916043.72,305347.9066666667,417201.93,248737.71,979.0866666666667,2937.26,2,1,Home-Focused Buyers - Cluster 2
C1702,Individual,Frank,Alexander,1990-01-04,M,USA,Washington,Investment,5,Yes,Website,36,3,1259181.49,419727.16333333333,505472.65,300057.11,1477.03,4431.09,1,0,Home-Focused Buyers
C1703,Individual,Gerald,Cox,1999-08-13,M,USA,Texas,Investment,4,No,Agency,27,3,868665.77,289555.25666666665,358849.76,233531.67,980.8699999999999,2942.6099999999997,2,1,Home-Focused Buyers - Cluster 2
C1704,Individual,Susan,Flores,1963-02-15,F,DENMARK,Capital Region,Home,4,No,Agency,63,3,1131490.6400000001,377163.5466666667,441154.94,270962.44,1251.25,3753.75,1,0,Home-Focused Buyers
C1705,Individual,Kenneth,Howard,1979-11-23,M,USA,Virginia,Investment,3,Yes,Website,46,3,1031987.6799999999,343995.8933333333,482341.23,248235.55,1049.3066666666666,3147.92,2,1,Home-Focused Buyers - Cluster 2
C1706,Individual,Matthew,Jordan,1976-05-13,M,USA,California,Home,3,Yes,Website,50,4,1417221.48,354305.37,590931.68,154582.17,1128.9675,4515.87,1,0,Home-Focused Buyers
C1707,Individual,Adam,Allen,1973-09-19,M,USA,Georgia,Home,1,Yes,Website,52,3,770609.62,256869.87333333332,272169.11,232185.85,899.7566666666667,2699.27,2,1,Home-Focused Buyers - Cluster 2
C1708,Individual,Andrea,Wilson,1986-08-06,F,GERMANY,Hesse,Home,1,Yes,Agency,40,3,854426.52,284808.84,399400.23,208186.63,897.3100000000001,2691.9300000000003,2,1,Home-Focused Buyers - Cluster 2
C1709,Individual,Danielle,Cox,1946-08-09,F,USA,Arizona,Investment,3,No,Agency,80,3,1336416.1600000001,445472.0533333334,502269.25,353854.21,1513.17,4539.51,1,0,Home-Focused Buyers
C1710,Individual,Joe,Flores,1957-05-26,M,CANADA,Alberta,Investment,2,Yes,Website,69,3,1027918.12,342639.37333333335,455861.82,207455.9,1156.0800000000002,3468.2400000000002,2,1,Home-Focused Buyers - Cluster 2
C1711,Individual,Debra,Hayes,1981-08-24,F,USA,California,Investment,3,Yes,Website,45,4,1015613.11,253903.2775,330207.8,185296.54,836.9425,3347.77,2,1,Home-Focused Buyers - Cluster 2
C1712,Individual,Ryan,Turner,1971-03-04,M,FRANCE,Occitanie,Home,5,No,Website,55,4,1280242.15,320060.5375,465704.47,115337.65,1102.08,4408.32,2,1,Home-Focused Buyers - Cluster 2
C1713,Individual,Julia,Cook,1981-02-08,F,USA,Oregon,Home,1,No,Website,45,4,1401670.4500000002,350417.61250000005,537445.29,233701.51,1186.5225,4746.09,1,0,Home-Focused Buyers
C1714,Individual,Nathan,Brooks,1948-07-05,M,USA,Colorado,Home,3,No,Website,78,4,1054289.58,263572.395,413091.69,180837.56,823.6625,3294.65,2,1,Home-Focused Buyers - Cluster 2
C1715,Individual,Hannah,Watson,1963-04-13,F,USA,Florida,Home,3,Yes,Agency,63,4,987214.1799999999,246803.54499999998,315841.36,113550.95,900.39,3601.56,2,1,Home-Focused Buyers - Cluster 2
C1716,Individual,Michelle,Montgomery,1980-10-13,F,USA,California,Home,1,No,Website,45,3,1027286.48,342428.82666666666,420929.08,246068.77,1129.1766666666665,3387.5299999999997,2,1,Home-Focused Buyers - Cluster 2
C1717,Individual,Martha,Thomas,1941-12-21,F,USA,California,Home,4,Yes,Website,84,3,915606.0700000001,305202.0233333334,370077.4,265442.27,980.8699999999999,2942.6099999999997,2,1,Home-Focused Buyers - Cluster 2
C1718,Individual,Janet,Peterson,1995-01-06,F,USA,California,Home,1,No,Website,31,4,1362121.47,340530.3675,577483.25,201663.74,1150.74,4602.96,2,0,Home-Focused Buyers - Cluster 2
C1719,Company,Halcyon,Co,1960-05-10,M,USA,Florida,Home,2,No,Agency,66,3,1178759.88,392919.95999999996,557392.74,246465.48,1263.8633333333335,3791.59,1,0,Home-Focused Buyers
C1720,Individual,Danielle,Kim,1996-10-10,F,USA,California,Home,5,Yes,Website,29,4,1396671.77,349167.9425,659880.36,167447.91,1122.0925,4488.37,1,1,Home-Focused Buyers
C1721,Individual,Carl,Weaver,1986-12-10,M,USA,Nevada,Home,2,No,Agency,39,4,1282729.71,320682.4275,379081.98,267578.12,1034.0675,4136.27,2,1,Home-Focused Buyers - Cluster 2
C1722,Individual,Jacqueline,Morris,1982-11-23,F,USA,Nevada,Home,3,No,Website,43,4,1676365.72,419091.43,605522.07,232493.29,1307.3,5229.2,1,0,Home-Focused Buyers
C1723,Individual,Carol,Allen,1998-02-02,F,CANADA,Quebec,Home,2,Yes,Agency,28,4,1084602.42,271150.605,399164.03,132481.59,900.39,3601.56,2,1,Home-Focused Buyers - Cluster 2
C1724,Individual,Justin,Cook,1956-06-19,M,USA,Virginia,Home,4,No,Website,70,4,1646338.3599999999,411584.58999999997,570262.07,217942.69,1358.9675,5435.87,1,0,Home-Focused Buyers
C1725,Individual,Sharon,Patterson,1959-01-12,F,USA,Nevada,Home,3,Yes,Website,67,4,1352500.23,338125.0575,460172.3,251007.77,1167.3975,4669.59,2,1,Home-Focused Buyers - Cluster 2
C1726,Individual,Diane,Scott,1948-08-15,F,UK,Northern Ireland,Home,3,No,Website,78,3,1141107.24,380369.08,669506.11,138741.01,1193.7733333333333,3581.32,1,0,Home-Focused Buyers
C1727,Individual,Katherine,Morales,1945-12-06,F,USA,New York,Home,3,No,Website,80,4,1563834.42,390958.605,619055.13,229319.93,1210.7375,4842.95,1,0,Home-Focused Buyers
C1728,Individual,Kimberly,Garcia,1944-03-08,F,USA,Oregon,Home,3,Yes,Client,82,4,1436312.58,359078.145,429908.37,194714.91,1225.2649999999999,4901.0599999999995,1,0,Home-Focused Buyers
C1729,Individual,Robert,Richardson,1955-06-26,M,CANADA,British Columbia,Home,3,Yes,Website,71,3,956356.54,318785.51333333337,404268.31,158224.66,1090.7733333333333,3272.3199999999997,2,1,Home-Focused Buyers - Cluster 2
C1730,Individual,Jeffrey,Young,1979-11-22,M,MEXICO,Puebla,Investment,5,Yes,Agency,46,3,796432.48,265477.49333333335,385425.29,174809.5,922.6899999999999,2768.0699999999997,2,1,Home-Focused Buyers - Cluster 2
C1731,Individual,Nathan,Garcia,1971-12-19,M,USA,California,Home,4,Yes,Website,54,4,1172220.1099999999,293055.02749999997,389967.22,219564.15,966.56,3866.24,2,1,Home-Focused Buyers - Cluster 2
C1732,Individual,Megan,Wilson,1970-07-15,F,CANADA,Alberta,Investment,2,No,Agency,56,3,1551003.8399999999,517001.27999999997,597681.88,373635.26,1654.4733333333334,4963.42,1,0,Home-Focused Buyers
C1733,Individual,Helen,Jones,1948-04-22,F,USA,California,Home,3,Yes,Agency,78,4,1179975.09,294993.7725,432544.27,179048.25,1009.9325,4039.73,2,1,Home-Focused Buyers - Cluster 2
C1734,Individual,Zachary,Roberts,1975-01-14,M,USA,California,Home,5,No,Website,51,3,1078504.94,359501.64666666667,462160.46,267559.14,1254.5033333333333,3763.51,1,1,Home-Focused Buyers
C1735,Individual,Amber,Miller,1969-10-07,F,USA,Utah,Investment,3,No,Website,56,3,1139995.98,379998.66,492594.19,241306.2,1258.3999999999999,3775.2,1,1,Home-Focused Buyers
C1736,Individual,Ann,Cook,1989-09-21,F,USA,California,Investment,4,Yes,Website,36,4,1482243.88,370560.97,606491.63,188370.61,1122.0925,4488.37,1,1,Home-Focused Buyers
C1737,Individual,Jennifer,Jackson,1992-12-24,F,USA,California,Investment,3,No,Website,33,3,1060946.57,353648.8566666667,520101.47,145719.42,1090.7733333333333,3272.3199999999997,2,1,Home-Focused Buyers - Cluster 2
C1738,Individual,Sharon,Hall,1977-02-25,F,USA,California,Home,5,No,Website,49,3,861195.69,287065.23,347283.41,231833.39,1016.7633333333333,3050.29,2,1,Home-Focused Buyers - Cluster 2
C1739,Individual,Steven,Smith,1985-02-25,M,RUSSIA,Novosibirsk,Investment,3,Yes,Website,41,4,998344.48,249586.12,442624.97,174150.21,872.2,3488.8,2,1,Home-Focused Buyers - Cluster 2
C1740,Individual,Ashley,Alexander,1951-09-15,F,USA,California,Home,5,Yes,Website,74,4,1439013.3399999999,359753.33499999996,561035.94,199407.76,1164.015,4656.06,1,0,Home-Focused Buyers
C1741,Individual,Alexander,Wright,1976-04-18,M,USA,Virginia,Home,5,No,Website,50,4,1310713.04,327678.26,454264.31,154091.71,1140.38,4561.52,2,0,Home-Focused Buyers - Cluster 2
C1742,Company,Crestwood,Co,1988-08-14,F,USA,California,Home,5,No,Agency,38,3,1177856.21,392618.73666666663,524488.63,192247.67,1431.79,4295.37,1,1,Home-Focused Buyers
C1743,Individual,Linda,Bell,1946-07-26,F,BELGIUM,Flanders,Home,1,No,Client,80,3,839069.28,279689.76,283283.47,273969.84,881.7833333333333,2645.35,2,1,Home-Focused Buyers - Cluster 2
C1744,Individual,Brian,Green,1961-11-16,M,RUSSIA,Krasnodar Krai,Investment,1,No,Website,64,4,1320002.42,330000.605,415154.19,186825.58,1092.085,4368.34,2,1,Home-Focused Buyers - Cluster 2
C1745,Individual,Ann,Sanders,1976-06-21,F,USA,California,Home,1,No,Website,50,3,1261495.5,420498.5,563558.93,330327.79,1487.6599999999999,4462.98,1,0,Home-Focused Buyers
C1746,Individual,Jennifer,Cox,1959-06-14,F,BELGIUM,Flanders,Home,3,No,Website,67,3,793835.85,264611.95,389328.46,145140.27,874.19,2622.57,2,1,Home-Focused Buyers - Cluster 2
C1747,Individual,Bryan,Flores,1965-02-19,M,USA,Colorado,Home,5,No,Client,61,3,1016661.44,338887.14666666667,468372.55,232448.63,1059.1499999999999,3177.45,2,1,Home-Focused Buyers - Cluster 2
C1748,Individual,Albert,Jones,1950-11-11,M,USA,California,Home,4,Yes,Website,75,3,1112272.46,370757.48666666663,566107.2,187305.08,1274.52,3823.56,1,0,Home-Focused Buyers
C1749,Individual,Brandon,Moore,1956-05-27,M,USA,California,Home,3,No,Website,70,3,832665.62,277555.20666666667,388898.15,194958.35,862.1066666666666,2586.3199999999997,2,1,Home-Focused Buyers - Cluster 2
C1750,Company,Stratos,Co,1991-01-12,M,USA,Colorado,Home,3,No,Website,35,4,1497163.73,374290.9325,509429.47,204319.7,1150.2,4600.8,1,1,Home-Focused Buyers
C1751,Individual,Christine,Scott,1955-02-28,F,USA,Ohio,Home,5,No,Website,71,4,873120.47,218280.1175,231620.61,205370.02,700.7825,2803.13,2,1,Home-Focused Buyers - Cluster 2
C1752,Individual,Jonathan,Cook,1980-02-06,M,USA,California,Investment,1,Yes,Website,46,3,1119600.47,373200.1566666667,421157.07,306003.32,1152.5966666666666,3457.79,2,0,Home-Focused Buyers - Cluster 2
C1753,Individual,Arthur,Peterson,1945-12-18,M,USA,Georgia,Investment,3,Yes,Website,80,3,770077.48,256692.49333333332,425499.05,130070.01,964.2666666666668,2892.8,2,1,Home-Focused Buyers - Cluster 2
C1754,Individual,Frank,Gray,1995-11-11,M,USA,Virginia,Home,2,Yes,Website,30,3,1361555.24,453851.74666666664,506527.22,387513.74,1471.8999999999999,4415.7,1,0,Home-Focused Buyers
C1755,Individual,Mark,Griffin,1998-08-26,M,USA,Nevada,Home,1,Yes,Website,28,3,672116.9199999999,224038.9733333333,285197.86,145565.84,776.2433333333333,2328.73,2,1,Home-Focused Buyers - Cluster 2
C1756,Individual,Daniel,Cook,1990-03-21,M,USA,Utah,Home,1,No,Website,36,4,1481404.3900000001,370351.09750000003,529820.54,212583.8,1146.0149999999999,4584.0599999999995,1,1,Home-Focused Buyers
C1757,Individual,Brian,Hayes,1985-07-01,M,GERMANY,Bavaria,Home,3,No,Client,41,3,1125366.62,375122.2066666667,477602.23,259309.56,1182.08,3546.24,1,1,Home-Focused Buyers
C1758,Individual,Carl,Pierce,1985-01-14,M,USA,Oregon,Investment,4,Yes,Agency,41,4,1006481.1799999999,251620.29499999998,321342.19,180048.26,801.065,3204.26,2,1,Home-Focused Buyers - Cluster 2
C1759,Individual,Jose,Stone,1974-10-10,M,USA,California,Investment,1,No,Website,51,4,1031917.22,257979.305,386654.16,168102.17,831.47,3325.88,2,1,Home-Focused Buyers - Cluster 2
C1760,Individual,Mary,Harris,1975-10-07,F,BELGIUM,Brussels,Home,2,No,Website,50,4,1454358.32,363589.58,484534.28,114987.3,1265.3825,5061.53,1,0,Home-Focused Buyers
C1761,Individual,Nicholas,Thompson,1955-01-08,M,USA,Washington,Home,1,No,Website,71,4,1181772.43,295443.1075,541585.04,149634.66,972.335,3889.34,2,1,Home-Focused Buyers - Cluster 2
C1762,Individual,Larry,Harris,1964-01-21,M,USA,Virginia,Home,1,No,Website,62,3,1023352.22,341117.4066666667,399439.17,281231.73,1090.9466666666667,3272.84,2,0,Home-Focused Buyers - Cluster 2
C1763,Individual,Kimberly,Young,1954-11-26,F,USA,New York,Home,3,No,Website,71,4,1789381.67,447345.4175,654120.74,228175.89,1374.585,5498.34,1,0,Home-Focused Buyers
C1764,Individual,Kelly,Baker,1946-11-05,F,USA,Nevada,Home,2,No,Agency,79,4,1668335.18,417083.795,575177.72,182975.25,1338.8999999999999,5355.599999999999,1,0,Home-Focused Buyers
C1765,Individual,Pamela,Reyes,1997-05-01,F,USA,Colorado,Home,1,Yes,Client,29,4,1734167.51,433541.8775,550819.24,260798.04,1577.2325,6308.93,1,0,Home-Focused Buyers
C1766,Individual,Sharon,Bennett,1993-05-05,F,USA,California,Home,4,No,Website,33,4,1371247.08,342811.77,562229.33,134160.06,1071.3925,4285.57,2,1,Home-Focused Buyers - Cluster 2
C1767,Individual,Joe,Sanders,1978-05-21,M,USA,Colorado,Home,3,No,Website,48,4,1455838.9100000001,363959.72750000004,564116.06,97402.8,1123.3175,4493.27,1,1,Home-Focused Buyers
C1768,Individual,Cynthia,Hughes,1943-03-01,F,RUSSIA,Saint Petersburg,Home,4,No,Website,83,4,985105.21,246276.3025,377838.86,156812.31,834.6575,3338.63,2,1,Home-Focused Buyers - Cluster 2
C1769,Company,Forsyte,Co,1985-10-22,M,USA,Oregon,Home,1,Yes,Client,40,3,985909.0,328636.3333333333,484144.21,220504.09,1101.55,3304.65,2,1,Home-Focused Buyers - Cluster 2
C1770,Individual,Betty,Parker,1945-11-17,F,USA,Washington,Home,1,Yes,Agency,80,3,1334771.42,444923.80666666664,616403.86,288705.15,1469.18,4407.54,1,0,Home-Focused Buyers
C1771,Company,Atlas,Co,1975-06-22,M,USA,Georgia,Home,3,Yes,Client,51,3,1280895.97,426965.3233333333,556838.33,227041.65,1435.6633333333332,4306.99,1,0,Home-Focused Buyers
C1772,Company,Forsyte,Co,1975-01-13,F,CANADA,Alberta,Investment,5,Yes,Agency,51,4,1105281.92,276320.48,401863.68,162365.24,1015.8675,4063.47,2,1,Home-Focused Buyers - Cluster 2
C1773,Individual,Kenneth,Williams,1980-12-25,M,USA,Nevada,Investment,3,Yes,Agency,45,4,1284141.19,321035.2975,445068.24,177044.7,984.6475,3938.59,2,1,Home-Focused Buyers - Cluster 2
C1774,Individual,Frank,James,1984-12-26,M,USA,Oregon,Home,4,No,Agency,41,4,1169335.49,292333.8725,399457.77,210817.61,1008.6625,4034.65,2,1,Home-Focused Buyers - Cluster 2
C1775,Individual,Betty,Howard,1970-10-07,F,USA,California,Home,3,No,Agency,55,4,1414776.99,353694.2475,496847.34,218721.31,1102.9724999999999,4411.889999999999,1,1,Home-Focused Buyers
C1776,Individual,Martha,Mitchell,1973-09-01,F,FRANCE,Occitanie,Home,1,No,Website,53,3,1071718.4,357239.4666666666,439467.59,218500.34,1196.1733333333334,3588.52,2,0,Home-Focused Buyers - Cluster 2
C1777,Individual,Jason,Long,1974-09-24,M,USA,California,Investment,5,No,Client,51,3,784629.95,261543.31666666665,341503.87,207636.64,900.46,2701.38,2,1,Home-Focused Buyers - Cluster 2
C1778,Individual,Jeffrey,Cox,1994-01-09,M,USA,Georgia,Investment,4,Yes,Website,32,3,1216664.8199999998,405554.93999999994,514358.91,219795.98,1339.73,4019.19,1,0,Home-Focused Buyers
C1779,Individual,Sharon,Thomas,1979-04-20,F,USA,California,Home,5,No,Client,47,4,1563236.5499999998,390809.13749999995,595227.23,285903.69,1287.1,5148.4,1,0,Home-Focused Buyers
C1780,Individual,Richard,Patterson,1956-05-18,M,USA,Utah,Investment,1,No,Website,70,4,1735557.1500000001,433889.28750000003,543401.76,334240.7,1341.715,5366.86,1,0,Home-Focused Buyers
C1781,Individual,Betty,Thomas,1968-10-08,F,USA,California,Home,4,No,Website,57,4,1383316.42,345829.105,524713.99,222032.52,1164.0149999999999,4656.0599999999995,1,0,Home-Focused Buyers
C1782,Individual,Ann,King,1999-12-04,F,UK,England,Investment,1,No,Website,26,4,897646.55,224411.6375,281637.63,151179.06,783.64,3134.56,2,1,Home-Focused Buyers - Cluster 2
C1783,Individual,Jacob,Garcia,1954-03-07,M,USA,California,Home,3,No,Website,72,4,1136482.92,284120.73,387708.89,198889.9,883.805,3535.22,2,1,Home-Focused Buyers - Cluster 2
C1784,Individual,Albert,Moore,1998-02-24,M,AUSTRALIA,Western Australia,Home,3,No,Client,28,4,1352274.53,338068.6325,441900.44,251143.26,1106.8725,4427.49,2,1,Home-Focused Buyers - Cluster 2
C1785,Individual,Lauren,Allen,1956-02-27,F,USA,Colorado,Home,1,Yes,Website,70,3,1006568.23,335522.74333333335,370207.67,278391.46,1156.5633333333333,3469.69,2,1,Home-Focused Buyers - Cluster 2
C1786,Individual,Adam,White,1995-03-07,M,USA,California,Home,1,No,Website,31,4,1247095.22,311773.805,581591.93,172701.3,1102.2725,4409.09,2,1,Home-Focused Buyers - Cluster 2
C1787,Individual,Stephen,Flores,1955-09-22,M,USA,Georgia,Investment,5,No,Agency,70,4,1289585.42,322396.355,528523.4,207895.14,1029.38,4117.52,2,1,Home-Focused Buyers - Cluster 2
C1788,Individual,Zachary,James,1989-10-27,M,USA,California,Home,3,No,Website,36,3,1116876.81,372292.27,495478.74,191147.09,1155.6966666666667,3467.09,2,1,Home-Focused Buyers - Cluster 2
C1789,Individual,Edward,Brooks,1982-07-25,M,USA,Colorado,Home,5,Yes,Agency,44,3,1359605.1,453201.7,470652.98,432946.6,1526.9566666666667,4580.87,1,0,Home-Focused Buyers
C1790,Individual,Jacob,Hansen,1940-02-18,M,USA,Nevada,Investment,5,No,Client,86,4,1335521.08,333880.27,402189.34,292398.57,1159.9675,4639.87,2,0,Home-Focused Buyers - Cluster 2
C1791,Individual,Gerald,Scott,1966-04-26,M,USA,California,Home,5,No,Agency,60,3,894512.8,298170.93333333335,358882.77,183228.95,1050.08,3150.24,2,1,Home-Focused Buyers - Cluster 2
C1792,Individual,Terry,Pierce,1995-06-17,M,USA,California,Home,3,No,Agency,31,4,1948563.24,487140.81,566173.43,424589.45,1676.3825,6705.53,1,0,Home-Focused Buyers
C1793,Individual,Richard,James,1969-04-05,M,USA,Utah,Investment,1,No,Website,57,4,1317525.03,329381.2575,538098.62,171624.15,1102.08,4408.32,2,1,Home-Focused Buyers - Cluster 2
C1794,Individual,Douglas,Chavez,1995-12-25,M,USA,Colorado,Home,3,No,Website,30,4,1378476.06,344619.015,460529.82,164304.6,1137.5875,4550.35,1,1,Home-Focused Buyers
C1795,Individual,William,Brown,1945-12-01,M,USA,California,Home,5,Yes,Website,80,4,1058019.94,264504.985,334197.72,192246.55,827.2,3308.8,2,1,Home-Focused Buyers - Cluster 2
C1796,Individual,Betty,Hughes,1950-09-21,F,USA,California,Investment,5,Yes,Client,75,3,1158919.94,386306.64666666667,425005.86,326577.18,1286.4833333333333,3859.45,1,1,Home-Focused Buyers
C1797,Individual,Katherine,Howard,1957-02-26,F,USA,Oregon,Home,3,Yes,Website,69,3,910545.9199999999,303515.30666666664,337603.6,255120.03,1033.6200000000001,3100.86,2,1,Home-Focused Buyers - Cluster 2
C1798,Individual,Bryan,Peterson,1966-08-10,M,USA,Arizona,Investment,1,Yes,Website,60,4,1601121.79,400280.4475,575322.53,169562.88,1263.96,5055.84,1,0,Home-Focused Buyers
C1799,Individual,Cheryl,Freeman,1950-01-11,F,USA,Colorado,Home,5,No,Agency,76,4,1022792.49,255698.1225,365006.8,182831.05,823.6625,3294.65,2,1,Home-Focused Buyers - Cluster 2
C1800,Individual,James,Campbell,1944-04-13,M,USA,Oregon,Home,1,No,Client,82,3,1120963.1,373654.3666666667,539648.88,237346.84,1301.6499999999999,3904.95,1,0,Home-Focused Buyers
C1801,Individual,Jose,Howard,1964-02-08,M,USA,California,Home,5,Yes,Website,62,3,1473065.73,491021.91,734629.38,225902.2,1422.97,4268.91,1,0,Home-Focused Buyers
C1802,Individual,Jack,Morris,1948-03-26,M,USA,Nevada,Investment,1,No,Client,78,4,1155979.49,288994.8725,386196.25,180667.53,1011.5875,4046.35,2,0,Home-Focused Buyers - Cluster 2
C1803,Individual,Susan,Bennett,1987-04-14,F,CANADA,Quebec,Investment,5,No,Agency,39,3,1329728.19,443242.73,588353.61,199373.42,1443.9800000000002,4331.9400000000005,1,0,Home-Focused Buyers
C1804,Individual,Albert,Kim,1989-03-03,M,USA,California,Home,1,No,Website,37,4,1735376.55,433844.1375,563448.9,256682.24,1504.0974999999999,6016.389999999999,1,0,Home-Focused Buyers
C1805,Individual,Austin,Kim,1953-01-09,M,UK,Northern Ireland,Investment,3,No,Website,73,4,1871670.17,467917.5425,553251.13,382707.57,1699.3675,6797.47,1,0,Home-Focused Buyers
C1806,Individual,Martha,Turner,1967-04-13,F,AUSTRALIA,New South Wales,Investment,2,No,Agency,59,3,974821.86,324940.62,463318.62,235332.62,1049.3066666666666,3147.92,2,0,Home-Focused Buyers - Cluster 2
C1807,Individual,Angela,Allen,1957-02-05,F,FRANCE,Brittany,Home,5,No,Website,69,3,1520931.78,506977.26,720719.85,301579.24,1469.18,4407.54,1,0,Home-Focused Buyers
C1808,Individual,Victoria,Stewart,1990-01-08,F,USA,Washington,Investment,2,No,Client,36,4,1102931.4500000002,275732.86250000005,411172.03,204957.28,989.46,3957.84,2,1,Home-Focused Buyers - Cluster 2
C1809,Individual,Laura,White,1981-05-03,F,USA,New York,Home,4,Yes,Agency,45,4,1221253.05,305313.2625,435031.56,199315.51,1104.2925,4417.17,2,1,Home-Focused Buyers - Cluster 2
C1810,Individual,Maria,Collins,1945-01-06,F,USA,Texas,Home,3,No,Agency,81,3,991862.87,330620.95666666667,445150.57,231783.95,1138.4233333333334,3415.27,2,1,Home-Focused Buyers - Cluster 2
C1811,Individual,Stephanie,Williams,1958-02-16,F,USA,California,Home,3,Yes,Agency,68,4,1189519.9,297379.975,503113.61,142150.33,1029.73,4118.92,2,1,Home-Focused Buyers - Cluster 2
C1812,Individual,Ryan,White,1977-04-18,M,FRANCE,Provence,Home,5,Yes,Website,49,4,1080880.0,270220.0,406648.6,164483.02,955.7624999999999,3823.0499999999997,2,1,Home-Focused Buyers - Cluster 2
C1813,Individual,Walter,Jordan,1947-12-02,M,GERMANY,Hamburg,Investment,3,Yes,Website,78,4,1552316.39,388079.0975,520934.42,242946.74,1294.645,5178.58,1,1,Home-Focused Buyers
C1814,Individual,Scott,Roberts,1987-04-07,M,DENMARK,North Denmark,Home,2,No,Website,39,4,1303261.99,325815.4975,392801.93,265536.81,1153.0825,4612.33,2,1,Home-Focused Buyers - Cluster 2
C1815,Individual,Aaron,Carter,1949-03-26,M,USA,California,Home,5,No,Agency,77,4,1182628.3,295657.075,549102.55,171154.65,942.035,3768.14,2,1,Home-Focused Buyers - Cluster 2
C1816,Individual,Sean,Miller,1962-04-08,M,CANADA,Quebec,Home,2,No,Website,64,4,1078876.87,269719.2175,390892.15,166982.01,909.9825,3639.93,2,1,Home-Focused Buyers - Cluster 2
C1817,Individual,Cynthia,Garcia,1944-07-28,F,USA,Virginia,Home,1,No,Agency,82,3,1240667.65,413555.8833333333,559209.89,234107.29,1412.0199999999998,4236.0599999999995,1,0,Home-Focused Buyers
C1818,Individual,Christine,Wood,1994-08-17,F,USA,Washington,Investment,5,Yes,Website,32,3,814797.06,271599.02,309389.23,242986.99,851.4266666666667,2554.28,2,1,Home-Focused Buyers - Cluster 2
C1819,Individual,William,Brown,1963-02-11,M,RUSSIA,Krasnodar Krai,Home,1,No,Website,63,3,1067644.33,355881.44333333336,405297.57,330128.52,1339.7466666666667,4019.2400000000002,1,0,Home-Focused Buyers
C1820,Individual,Nicholas,Howard,1979-08-21,M,FRANCE,Provence,Home,3,No,Website,47,4,970434.94,242608.735,338313.48,131530.57,840.8725,3363.49,2,1,Home-Focused Buyers - Cluster 2
C1821,Individual,Adam,Smith,1944-10-22,M,USA,Nevada,Home,5,No,Website,81,4,1733692.6199999999,433423.15499999997,662403.71,175256.09,1244.8049999999998,4979.219999999999,1,0,Home-Focused Buyers
C1822,Individual,Frank,Weaver,1996-02-28,M,USA,Oregon,Investment,5,Yes,Website,30,4,1388147.75,347036.9375,488803.45,205910.43,1184.81,4739.24,1,1,Home-Focused Buyers
C1823,Individual,Jacob,Watson,1967-08-11,M,USA,Oregon,Home,4,Yes,Website,59,3,993925.86,331308.62,454589.3,231977.76,994.8266666666667,2984.48,2,1,Home-Focused Buyers - Cluster 2
C1824,Individual,Jeffrey,Weaver,1962-09-05,M,USA,California,Home,3,No,Website,64,4,945036.97,236259.2425,301253.43,159232.31,857.7574999999999,3431.0299999999997,2,1,Home-Focused Buyers - Cluster 2
C1825,Individual,Eric,Jones,1956-12-28,M,MEXICO,Nuevo Leon,Home,2,No,Agency,69,4,948769.9299999999,237192.48249999998,359484.97,173890.35,802.7125,3210.85,2,1,Home-Focused Buyers - Cluster 2
C1826,Individual,Jack,Williams,1951-06-08,M,USA,Ohio,Home,4,No,Client,75,4,1300035.21,325008.8025,402845.37,169868.29,1159.5325,4638.13,2,0,Home-Focused Buyers - Cluster 2
C1827,Individual,Donald,Thompson,1973-01-02,M,USA,New York,Home,5,Yes,Website,53,4,1221529.77,305382.4425,483612.33,181279.77,988.7175,3954.87,2,0,Home-Focused Buyers - Cluster 2
C1828,Individual,William,Wood,1991-11-15,M,USA,California,Investment,2,Yes,Website,34,4,1199213.25,299803.3125,500475.25,138257.97,1114.2125,4456.85,2,1,Home-Focused Buyers - Cluster 2
C1829,Individual,Rachel,Ward,1997-07-17,F,USA,California,Home,5,Yes,Agency,29,3,1194095.83,398031.94333333336,544862.08,199052.96,1394.21,4182.63,1,1,Home-Focused Buyers
C1830,Individual,Virginia,Owens,1959-03-20,F,USA,Arizona,Home,3,No,Website,67,3,1363309.64,454436.54666666663,518130.19,365063.85,1487.6599999999999,4462.98,1,0,Home-Focused Buyers
C1831,Individual,Janice,Smith,1950-09-15,F,RUSSIA,Tatarstan,Home,3,No,Website,75,4,1004720.27,251180.0675,416215.94,152690.76,972.335,3889.34,2,1,Home-Focused Buyers - Cluster 2
C1832,Individual,Henry,Garcia,1987-04-21,M,USA,Oregon,Investment,1,Yes,Website,39,4,1282390.94,320597.735,582747.93,189974.77,1103.3225,4413.29,2,1,Home-Focused Buyers - Cluster 2
C1833,Individual,Jennifer,Weaver,1948-01-17,F,USA,Arizona,Investment,1,Yes,Website,78,3,1132086.83,377362.2766666667,454723.5,282320.19,1357.1933333333334,4071.58,1,0,Home-Focused Buyers
C1834,Individual,Zachary,Phillips,1963-03-13,M,BELGIUM,Flanders,Investment,5,No,Agency,63,4,1222274.5999999999,305568.64999999997,484614.3,169917.79,948.835,3795.34,2,1,Home-Focused Buyers - Cluster 2
C1835,Individual,Nicole,Pierce,1959-10-25,F,CANADA,Alberta,Investment,4,Yes,Agency,66,3,739211.6,246403.86666666667,362373.17,181421.79,849.7466666666668,2549.2400000000002,2,1,Home-Focused Buyers - Cluster 2
C1836,Individual,Judy,Wood,1960-10-08,F,USA,California,Investment,1,Yes,Website,65,4,1213775.31,303443.8275,433286.92,197900.76,958.755,3835.02,2,0,Home-Focused Buyers - Cluster 2
C1837,Individual,Julia,Freeman,1950-04-06,F,USA,California,Home,2,Yes,Client,76,4,1507583.69,376895.9225,523732.73,142843.57,1333.2775,5333.11,1,0,Home-Focused Buyers
C1838,Individual,Joyce,Morales,1965-01-14,F,CANADA,Alberta,Investment,1,No,Agency,61,4,1266344.58,316586.145,394185.4,155945.89,1030.83,4123.32,2,0,Home-Focused Buyers - Cluster 2
C1839,Individual,Kyle,Gray,1943-01-21,M,USA,California,Investment,2,No,Agency,83,4,967894.54,241973.635,328156.51,154509.23,821.355,3285.42,2,1,Home-Focused Buyers - Cluster 2
C1840,Individual,Gerald,Weaver,1986-06-22,M,UK,England,Investment,3,No,Website,40,3,911506.03,303835.3433333333,490529.51,189045.87,1064.7333333333333,3194.2,2,1,Home-Focused Buyers - Cluster 2
C1841,Individual,Austin,Williams,1947-05-27,M,USA,New York,Home,4,No,Website,79,4,1612088.13,403022.0325,556524.23,212960.69,1374.585,5498.34,1,0,Home-Focused Buyers
C1842,Company,Rexon,Co,1978-10-08,M,CANADA,Alberta,Home,3,Yes,Agency,47,3,1252827.37,417609.12333333335,592554.14,214864.23,1407.5133333333333,4222.54,1,0,Home-Focused Buyers
C1843,Individual,Jose,Stone,1952-06-18,M,GERMANY,Hesse,Home,4,No,Website,74,4,1487849.65,371962.4125,564487.75,126226.53,1218.84,4875.36,1,0,Home-Focused Buyers
C1844,Individual,Grace,Howard,1978-07-21,F,USA,Ohio,Home,1,No,Agency,48,4,1033138.51,258284.6275,364629.72,181212.71,837.88,3351.52,2,1,Home-Focused Buyers - Cluster 2
C1845,Individual,Joshua,Green,1949-09-11,M,USA,California,Investment,1,Yes,Website,77,3,889124.6799999999,296374.8933333333,561305.34,161195.85,972.0533333333333,2916.16,2,1,Home-Focused Buyers - Cluster 2
C1846,Individual,Sara,Allen,1985-10-26,F,RUSSIA,Novosibirsk,Home,5,Yes,Agency,40,3,886017.55,295339.18333333335,359371.65,234324.7,980.8699999999999,2942.6099999999997,2,1,Home-Focused Buyers - Cluster 2
C1847,Individual,Brian,Griffin,1952-04-01,M,USA,Utah,Home,4,No,Website,74,4,1080850.85,270212.7125,539787.73,145907.47,859.7125,3438.85,2,1,Home-Focused Buyers - Cluster 2
C1848,Individual,Sarah,Davis,1993-07-17,F,USA,California,Home,2,No,Website,33,4,1595352.82,398838.205,598972.24,174694.61,1295.0974999999999,5180.389999999999,1,0,Home-Focused Buyers
C1849,Individual,Joseph,Wilson,1976-09-02,M,CANADA,Alberta,Investment,3,Yes,Website,50,3,1019239.08,339746.36,386163.72,253517.9,1016.7633333333333,3050.29,2,1,Home-Focused Buyers - Cluster 2
C1850,Individual,Gregory,Miller,1971-07-25,M,USA,New York,Investment,5,Yes,Agency,55,4,1380990.75,345247.6875,514705.32,182738.17,1176.685,4706.74,1,0,Home-Focused Buyers
C1851,Individual,Kimberly,Miller,1954-06-08,F,UK,England,Home,3,Yes,Agency,72,4,1552543.97,388135.9925,568142.17,163085.03,1153.5575,4614.23,1,0,Home-Focused Buyers
C1852,Individual,Julie,Hall,1997-12-15,F,USA,Virginia,Home,4,No,Website,28,3,1674072.07,558024.0233333333,662938.18,499179.78,1733.68,5201.04,1,0,Home-Focused Buyers
C1853,Individual,Jennifer,Owens,1949-02-24,F,USA,Virginia,Investment,4,No,Website,77,4,1207329.15,301832.2875,474524.95,158069.76,1012.5575,4050.23,2,0,Home-Focused Buyers - Cluster 2
C1854,Company,Rexon,Co,1960-03-23,M,FRANCE,Ile-De-France,Investment,1,No,Client,66,4,1387997.02,346999.255,585205.19,215269.12,1104.2925,4417.17,2,0,Home-Focused Buyers - Cluster 2
C1855,Individual,Gloria,Hansen,1984-02-07,F,USA,California,Home,2,Yes,Website,42,4,1117305.8599999999,279326.46499999997,409255.12,218348.87,874.6275,3498.51,2,1,Home-Focused Buyers - Cluster 2
C1856,Company,Altira,Co,1994-05-24,M,USA,Virginia,Home,2,No,Website,32,3,1216231.4300000002,405410.47666666674,586091.18,255383.06,1334.1000000000001,4002.3,1,0,Home-Focused Buyers
C1857,Individual,Walter,Johnson,1987-03-22,M,USA,California,Investment,2,Yes,Website,39,3,919814.94,306604.98,372884.46,224651.58,932.37,2797.11,2,1,Home-Focused Buyers - Cluster 2
C1858,Individual,Amy,Hayes,1958-06-05,F,USA,Colorado,Home,5,No,Website,68,3,1161958.29,387319.43,516468.06,240569.01,1267.5866666666668,3802.76,1,1,Home-Focused Buyers
C1859,Individual,Zachary,Taylor,1943-11-18,M,USA,California,Home,5,Yes,Client,82,4,1087561.59,271890.3975,380297.96,161394.43,862.28,3449.12,2,1,Home-Focused Buyers - Cluster 2
C1860,Company,Caldera,Co,1970-07-17,F,USA,California,Home,4,Yes,Agency,56,4,1661197.49,415299.3725,496217.67,213463.01,1338.8999999999999,5355.599999999999,1,0,Home-Focused Buyers
C1861,Individual,Nathan,Evans,1982-01-08,M,USA,California,Investment,3,Yes,Website,44,4,1475178.95,368794.7375,508804.43,219915.05,1239.9025000000001,4959.610000000001,1,1,Home-Focused Buyers
C1862,Individual,Joshua,Long,1953-08-22,M,USA,California,Home,1,Yes,Website,73,3,988771.17,329590.39,462577.28,159890.05,1076.69,3230.07,2,1,Home-Focused Buyers - Cluster 2
C1863,Individual,Megan,Hansen,1948-03-04,F,UK,Scotland,Home,3,No,Website,78,4,1281313.02,320328.255,462169.28,169534.41,1039.19,4156.76,2,1,Home-Focused Buyers - Cluster 2
C1864,Individual,Hannah,Weaver,1972-04-25,F,USA,New York,Home,5,Yes,Website,54,4,1131730.6,282932.65,494313.18,160534.76,1027.325,4109.3,2,1,Home-Focused Buyers - Cluster 2
C1865,Individual,Sean,Rogers,1974-01-11,M,USA,Arizona,Investment,4,No,Website,52,3,1092253.24,364084.41333333333,423654.2,281964.37,1196.1733333333334,3588.52,2,1,Home-Focused Buyers - Cluster 2
C1866,Individual,Joyce,Martin,1971-08-23,F,USA,Nevada,Home,2,No,Agency,55,4,1620195.43,405048.8575,490055.89,266823.9,1380.26,5521.04,1,0,Home-Focused Buyers
C1867,Individual,Robert,Richardson,1952-01-13,M,USA,California,Home,2,Yes,Website,74,3,761781.8,253927.2666666667,423673.58,147264.94,791.0400000000001,2373.1200000000003,2,1,Home-Focused Buyers - Cluster 2
C1868,Individual,Michelle,Thomas,1975-11-28,F,UK,Wales,Home,1,No,Website,50,4,1469394.43,367348.6075,537563.89,159253.52,1198.3725,4793.49,1,0,Home-Focused Buyers
C1869,Individual,Margaret,Campbell,1975-10-05,F,MEXICO,Nuevo Leon,Home,5,No,Client,50,4,1335399.36,333849.84,457748.53,224917.93,1132.7375,4530.95,2,1,Home-Focused Buyers - Cluster 2
C1870,Individual,Lawrence,Moore,1980-10-13,M,USA,Washington,Investment,1,No,Agency,45,3,680865.94,226955.31333333332,295517.69,128668.21,842.68,2528.04,2,1,Home-Focused Buyers - Cluster 2
C1871,Individual,Amy,Reyes,1961-10-18,F,USA,Texas,Home,1,Yes,Website,64,4,1096466.77,274116.6925,361953.92,214948.78,1000.415,4001.66,2,1,Home-Focused Buyers - Cluster 2
C1872,Individual,Raymond,Jones,1940-10-23,M,MEXICO,Mexico City,Home,5,No,Client,85,3,1284121.27,428040.42333333334,542533.89,246266.66,1452.2633333333333,4356.79,1,0,Home-Focused Buyers
C1873,Individual,Cheryl,Collins,1959-03-10,F,CANADA,British Columbia,Home,5,No,Agency,67,4,841611.53,210402.8825,357647.97,110458.66,727.265,2909.06,2,1,Home-Focused Buyers - Cluster 2
C1874,Individual,Justin,Cooper,1972-11-18,M,USA,Colorado,Investment,1,No,Agency,53,3,1058361.99,352787.33,463077.47,210288.87,1125.17,3375.51,2,1,Home-Focused Buyers - Cluster 2
C1875,Individual,Melissa,Roberts,1943-09-13,F,USA,Nevada,Home,2,No,Client,82,3,1220153.8599999999,406717.9533333333,492821.75,235857.38,1339.73,4019.19,1,0,Home-Focused Buyers
C1876,Company,Bravada,Co,1981-03-17,M,USA,Ohio,Investment,4,Yes,Website,45,3,1543986.34,514662.11333333334,676167.22,299829.82,1523.6933333333334,4571.08,1,0,Home-Focused Buyers
C1877,Individual,Walter,Bryant,1961-09-16,M,USA,Arizona,Home,5,No,Agency,64,3,905899.79,301966.5966666667,470763.27,203005.54,1008.13,3024.39,2,1,Home-Focused Buyers - Cluster 2
C1878,Individual,Paul,Rogers,1967-10-07,M,USA,Washington,Home,5,No,Agency,58,3,958603.36,319534.4533333333,508552.39,141982.12,1097.4366666666667,3292.31,2,1,Home-Focused Buyers - Cluster 2
C1879,Individual,Deborah,Roberts,1977-01-23,F,USA,New York,Home,3,No,Website,49,3,1536294.68,512098.2266666666,584091.39,469262.61,1504.28,4512.84,1,0,Home-Focused Buyers
C1880,Individual,Joan,Morales,1998-01-22,F,USA,California,Home,5,Yes,Client,28,4,1319939.53,329984.8825,543500.27,208186.37,1053.27,4213.08,2,1,Home-Focused Buyers - Cluster 2
C1881,Individual,Brenda,Phillips,1989-09-13,F,USA,Oregon,Home,2,Yes,Website,36,3,972731.0900000001,324243.6966666667,392351.64,215216.2,1127.1499999999999,3381.45,2,1,Home-Focused Buyers - Cluster 2
C1882,Individual,Deborah,Turner,1960-03-22,F,USA,Virginia,Investment,3,No,Website,66,3,884144.1,294714.7,437974.4,161864.85,934.4333333333334,2803.3,2,1,Home-Focused Buyers - Cluster 2
C1883,Individual,Sean,Peterson,1941-02-11,M,USA,California,Home,1,No,Agency,85,4,1877399.3199999998,469349.82999999996,597724.45,200421.6,1489.11,5956.44,1,0,Home-Focused Buyers
C1884,Individual,Terry,Bell,1954-08-06,M,USA,Nevada,Home,5,Yes,Website,72,3,930994.2100000001,310331.4033333334,528465.5,197381.31,997.4133333333333,2992.24,2,1,Home-Focused Buyers - Cluster 2
C1885,Individual,Ryan,Bell,1967-10-26,M,GERMANY,Hamburg,Home,1,Yes,Agency,58,4,1740983.97,435245.9925,519657.03,362193.44,1564.0774999999999,6256.3099999999995,1,0,Home-Focused Buyers
C1886,Individual,Maria,Richardson,1999-11-16,F,USA,California,Home,5,No,Website,26,3,774293.9299999999,258097.97666666665,317660.44,148565.18,842.68,2528.04,2,1,Home-Focused Buyers - Cluster 2
C1887,Individual,Emma,Campbell,1986-01-07,F,USA,Oregon,Investment,1,No,Agency,40,3,822999.76,274333.25333333336,414588.69,175679.27,941.2099999999999,2823.6299999999997,2,1,Home-Focused Buyers - Cluster 2
C1888,Individual,Donald,Griffin,1962-08-06,M,USA,California,Home,3,No,Website,64,4,981962.01,245490.5025,317102.87,199424.86,820.9224999999999,3283.6899999999996,2,1,Home-Focused Buyers - Cluster 2
C1889,Individual,Matthew,Richardson,1987-07-10,M,USA,California,Home,4,Yes,Website,39,3,1193609.3,397869.76666666666,425609.69,363238.99,1205.9633333333334,3617.89,1,1,Home-Focused Buyers
C1890,Individual,Mark,Nelson,1954-03-12,M,CANADA,Ontario,Home,4,No,Client,72,4,1209659.27,302414.8175,483647.09,168842.21,1042.1725000000001,4168.6900000000005,2,0,Home-Focused Buyers - Cluster 2
C1891,Individual,Gary,James,1972-06-02,M,USA,Oregon,Home,2,No,Agency,54,4,1466482.7999999998,366620.69999999995,460945.04,227037.75,1244.8049999999998,4979.219999999999,1,1,Home-Focused Buyers
C1892,Individual,Nancy,Jones,1951-06-06,F,USA,Nevada,Investment,5,Yes,Agency,75,3,978638.94,326212.98,448573.99,221300.8,1033.4833333333333,3100.45,2,1,Home-Focused Buyers - Cluster 2
C1893,Individual,Ann,Davis,1962-12-27,F,USA,Washington,Home,1,Yes,Website,63,4,1458732.84,364683.21,554107.09,209114.19,1146.0149999999999,4584.0599999999995,1,1,Home-Focused Buyers
C1894,Individual,Joyce,Hall,1944-03-11,F,USA,Texas,Investment,4,No,Website,82,4,1284918.37,321229.5925,396878.27,205547.69,1027.81,4111.24,2,0,Home-Focused Buyers - Cluster 2
C1895,Company,Caldera,Co,1969-01-07,M,USA,Nevada,Investment,4,No,Agency,57,3,1170571.86,390190.62000000005,564033.78,199582.69,1308.5133333333333,3925.54,1,0,Home-Focused Buyers
C1896,Individual,Andrew,Bryant,1955-06-17,M,USA,Virginia,Investment,3,No,Agency,71,3,1158311.0,386103.6666666667,572824.93,219187.03,1139.1533333333334,3417.46,1,1,Home-Focused Buyers
C1897,Individual,Catherine,Rogers,1950-12-27,F,CANADA,Ontario,Home,2,No,Website,75,4,1108918.3399999999,277229.58499999996,444913.24,189843.68,941.61,3766.44,2,1,Home-Focused Buyers - Cluster 2
C1898,Individual,Daniel,James,1979-01-05,M,USA,New York,Home,1,Yes,Website,47,4,1159717.54,289929.385,403626.01,168771.25,951.8199999999999,3807.2799999999997,2,1,Home-Focused Buyers - Cluster 2
C1899,Individual,Joe,Mitchell,1996-04-05,M,UK,England,Home,3,No,Website,30,3,1001627.28,333875.76,453922.16,240781.62,1221.3833333333334,3664.15,2,1,Home-Focused Buyers - Cluster 2
C1900,Individual,Rachel,Griffin,1998-09-07,F,UK,England,Investment,4,No,Client,28,4,1185889.79,296472.4475,459585.99,191303.17,1210.7375000000002,4842.950000000001,2,1,Home-Focused Buyers - Cluster 2
C1901,Individual,Justin,Stewart,1982-09-17,M,CANADA,British Columbia,Home,4,No,Agency,43,4,1357680.7,339420.175,478845.33,177729.83,1151.37,4605.48,2,1,Home-Focused Buyers - Cluster 2
C1902,Company,Grandis,Co,1980-11-09,M,USA,Colorado,Investment,2,No,Agency,45,4,1127600.93,281900.2325,323302.12,213396.12,885.395,3541.58,2,1,Home-Focused Buyers - Cluster 2
C1903,Individual,Nicole,Bennett,1991-12-01,F,USA,Nevada,Home,2,No,Website,34,4,1453139.0699999998,363284.76749999996,452279.2,202812.08,1192.72,4770.88,1,0,Home-Focused Buyers
C1904,Individual,Christian,Nelson,1949-03-23,M,USA,Texas,Home,2,Yes,Website,77,4,1337265.67,334316.4175,406088.62,298524.77,1073.7375,4294.95,2,0,Home-Focused Buyers - Cluster 2
C1905,Individual,James,Morris,1961-02-02,M,USA,Virginia,Home,1,No,Website,65,3,1180529.35,393509.7833333334,503790.55,284027.76,1354.2933333333333,4062.88,1,0,Home-Focused Buyers
C1906,Individual,Michelle,Adams,1955-09-15,F,USA,California,Home,2,No,Agency,70,4,1487182.67,371795.6675,405665.29,334981.2,1158.6325,4634.53,1,0,Home-Focused Buyers
C1907,Individual,Kyle,Wright,1950-03-12,M,USA,Colorado,Home,3,No,Website,76,4,1751481.1500000001,437870.28750000003,545190.41,183675.08,1349.2,5396.8,1,0,Home-Focused Buyers
C1908,Individual,Andrea,Moore,1976-03-28,F,USA,California,Home,2,No,Website,50,4,1543714.5,385928.625,465488.76,210058.02,1324.385,5297.54,1,0,Home-Focused Buyers
C1909,Individual,Heather,Pierce,1985-12-04,F,USA,California,Investment,2,No,Agency,40,3,1238663.76,412887.92,579919.91,208210.52,1313.16,3939.48,1,0,Home-Focused Buyers
C1910,Company,Telnox,Co,1985-10-04,M,USA,California,Home,2,Yes,Agency,40,4,816793.9099999999,204198.47749999998,270241.73,151900.65,735.11,2940.44,2,1,Home-Focused Buyers - Cluster 2
C1911,Individual,Noah,Murray,1989-01-11,M,USA,California,Home,5,No,Agency,37,3,1195691.95,398563.98333333334,540051.95,255309.07,1268.0466666666669,3804.1400000000003,1,1,Home-Focused Buyers
C1912,Individual,Amanda,Jackson,1954-07-26,F,USA,Utah,Investment,1,No,Website,72,3,863871.21,287957.07,354725.86,246714.42,952.0733333333334,2856.2200000000003,2,0,Home-Focused Buyers - Cluster 2
C1913,Individual,Gary,King,1980-11-12,M,FRANCE,Provence,Home,5,No,Website,45,4,1210353.53,302588.3825,410180.27,203878.93,972.245,3888.98,2,1,Home-Focused Buyers - Cluster 2
C1914,Individual,Brenda,Gray,1993-08-24,F,UK,Scotland,Home,4,Yes,Website,33,3,1553786.78,517928.9266666667,608153.01,462947.81,1584.7333333333333,4754.2,1,0,Home-Focused Buyers
C1915,Individual,Angela,Williams,1964-06-09,F,USA,Arizona,Investment,4,No,Client,62,3,1015184.58,338394.86,498329.2,123213.47,1076.6899999999998,3230.0699999999997,2,1,Home-Focused Buyers - Cluster 2
C1916,Individual,Zachary,Weaver,1948-10-15,M,USA,California,Investment,2,No,Website,77,3,1257058.52,419019.50666666665,485832.54,360056.73,1303.7766666666666,3911.33,1,0,Home-Focused Buyers
C1917,Individual,Angela,Montgomery,1971-09-16,F,AUSTRALIA,New South Wales,Home,2,No,Client,54,4,1007433.23,251858.3075,371637.67,207166.22,820.9224999999999,3283.6899999999996,2,1,Home-Focused Buyers - Cluster 2
C1918,Individual,Dorothy,Murray,1940-09-17,F,USA,California,Home,1,No,Client,85,4,1019401.51,254850.3775,345383.67,136551.67,765.6675,3062.67,2,1,Home-Focused Buyers - Cluster 2
C1919,Company,Vantage,Co,1968-01-19,F,USA,Nevada,Investment,1,No,Website,58,4,1083015.76,270753.94,498317.73,168474.31,929.2725,3717.09,2,0,Home-Focused Buyers - Cluster 2
C1920,Individual,Jonathan,Pierce,1969-10-26,M,GERMANY,North Rhine-Westphalia,Home,5,No,Agency,56,4,1523588.92,380897.23,577630.33,188000.19,1278.045,5112.18,1,0,Home-Focused Buyers
C1921,Individual,Carolyn,Adams,1956-12-24,F,FRANCE,Provence,Home,5,No,Website,69,3,980793.6799999999,326931.2266666666,366009.11,272608.2,1089.46,3268.38,2,1,Home-Focused Buyers - Cluster 2
C1922,Individual,Jessica,Garcia,1988-01-09,F,USA,California,Home,1,No,Agency,38,3,1549836.17,516612.05666666664,654336.12,402461.19,1592.1233333333332,4776.37,1,0,Home-Focused Buyers
C1923,Individual,Sarah,Cooper,1947-03-07,F,MEXICO,Jalisco,Investment,1,Yes,Client,79,4,1302917.16,325729.29,414731.61,162818.91,1140.38,4561.52,2,0,Home-Focused Buyers - Cluster 2
C1924,Individual,Joe,Cooper,1958-01-03,M,USA,California,Home,3,No,Client,68,4,1453954.37,363488.5925,486561.68,180436.9,1253.3075,5013.23,1,1,Home-Focused Buyers
C1925,Individual,Jordan,Baker,1942-01-19,M,USA,Colorado,Home,2,No,Agency,84,4,1165252.94,291313.235,407382.75,195608.73,1093.05,4372.2,2,1,Home-Focused Buyers - Cluster 2
C1926,Individual,Joshua,Watson,1997-11-05,M,MEXICO,Puebla,Home,1,Yes,Website,28,4,1238034.03,309508.5075,458341.23,168406.6,1014.73,4058.92,2,1,Home-Focused Buyers - Cluster 2
C1927,Individual,Victoria,Long,1952-11-05,F,USA,California,Investment,1,Yes,Website,73,4,1325474.94,331368.735,496630.54,203777.68,1280.6875,5122.75,1,0,Home-Focused Buyers
C1928,Individual,Paul,Scott,1998-02-20,M,AUSTRALIA,New South Wales,Home,4,Yes,Client,28,3,741930.22,247310.07333333333,278982.99,185007.22,736.0433333333334,2208.13,2,1,Home-Focused Buyers - Cluster 2
C1929,Individual,Angela,Baker,1941-10-24,F,MEXICO,Jalisco,Home,1,Yes,Agency,84,4,1329874.96,332468.74,437806.03,175560.33,1127.175,4508.7,2,0,Home-Focused Buyers - Cluster 2
C1930,Individual,Rachel,Adams,1966-01-22,F,USA,Colorado,Investment,3,No,Agency,60,4,1184992.23,296248.0575,507885.52,158985.82,990.9875000000001,3963.9500000000003,2,0,Home-Focused Buyers - Cluster 2
C1931,Individual,Melissa,Jackson,1995-05-01,F,USA,Utah,Home,5,Yes,Website,31,4,1323884.1099999999,330971.02749999997,526514.11,203562.37,1047.99,4191.96,2,1,Home-Focused Buyers - Cluster 2
C1932,Individual,Dorothy,Allen,1962-05-13,F,USA,California,Investment,2,No,Website,64,4,1713149.19,428287.2975,551780.87,375891.04,1342.1525000000001,5368.610000000001,1,0,Home-Focused Buyers
C1933,Company,Oasis,Co,1994-04-05,F,AUSTRALIA,Queensland,Home,1,No,Client,32,3,822428.05,274142.68333333335,413006.8,152349.87,851.87,2555.61,2,1,Home-Focused Buyers - Cluster 2
C1934,Individual,Noah,Montgomery,1978-03-25,M,FRANCE,Ile-De-France,Investment,4,Yes,Client,48,4,1719384.46,429846.115,639415.77,198828.9,1422.9925,5691.97,1,0,Home-Focused Buyers
C1935,Individual,Ashley,Young,1983-04-14,F,USA,Arizona,Home,5,No,Website,43,3,1205890.37,401963.4566666667,460353.21,296231.36,1357.1933333333334,4071.58,1,1,Home-Focused Buyers
C1936,Individual,Jeffrey,Brown,1984-02-24,M,RUSSIA,Krasnodar Krai,Home,1,Yes,Agency,42,3,965899.1000000001,321966.3666666667,373735.42,286118.59,992.2199999999999,2976.66,2,1,Home-Focused Buyers - Cluster 2
C1937,Individual,Ashley,Richardson,1961-03-16,F,USA,Arizona,Home,3,Yes,Website,65,4,1707838.06,426959.515,553235.72,351976.66,1419.32,5677.28,1,0,Home-Focused Buyers
C1938,Individual,Peter,Anderson,1973-07-28,M,CANADA,Quebec,Home,4,Yes,Website,53,3,1154671.2,384890.39999999997,452275.63,337448.81,1205.9633333333334,3617.89,1,1,Home-Focused Buyers
C1939,Individual,Gloria,White,1979-06-09,F,USA,Florida,Investment,1,Yes,Agency,47,3,674304.95,224768.31666666665,327053.12,160844.99,839.1433333333334,2517.4300000000003,2,1,Home-Focused Buyers - Cluster 2
C1940,Individual,Barbara,Turner,1997-02-01,F,CANADA,Manitoba,Home,4,No,Agency,29,4,1403901.1400000001,350975.28500000003,537290.74,134739.12,1216.595,4866.38,1,1,Home-Focused Buyers
C1941,Individual,Maria,James,1943-05-20,F,USA,Nevada,Home,5,No,Client,83,4,1368615.25,342153.8125,446979.46,172783.03,1140.38,4561.52,2,0,Home-Focused Buyers - Cluster 2
C1942,Company,Stratos,Co,1984-11-10,F,USA,Nevada,Home,2,Yes,Agency,41,3,1133984.52,377994.84,543673.09,177310.11,1313.16,3939.48,1,1,Home-Focused Buyers
C1943,Individual,Eric,Long,1973-01-04,M,USA,Arizona,Home,1,No,Website,53,3,967521.23,322507.07666666666,400543.99,242361.5,1042.71,3128.13,2,0,Home-Focused Buyers - Cluster 2
C1944,Individual,Henry,Pierce,1986-02-15,M,USA,California,Investment,1,No,Website,40,4,1971083.9300000002,492770.98250000004,607539.65,332945.53,1602.67,6410.68,1,0,Home-Focused Buyers
C1945,Individual,Sean,Johnson,1967-02-26,M,MEXICO,Mexico City,Investment,3,No,Website,59,4,1112541.88,278135.47,404942.23,118965.05,939.4875,3757.95,2,1,Home-Focused Buyers - Cluster 2
C1946,Individual,Mark,Bell,1955-01-15,M,USA,California,Home,1,No,Agency,71,3,1056227.37,352075.79000000004,450915.03,252105.14,1111.25,3333.75,2,0,Home-Focused Buyers - Cluster 2
C1947,Individual,Walter,Mitchell,1979-02-02,M,USA,Nevada,Home,3,No,Website,47,3,1247905.56,415968.52,470318.22,341208.08,1328.47,3985.41,1,0,Home-Focused Buyers
C1948,Individual,Melissa,Harris,1955-04-01,F,USA,Arizona,Home,2,No,Agency,71,3,1530233.0,510077.6666666667,591831.53,361816.43,1527.8633333333335,4583.59,1,0,Home-Focused Buyers
C1949,Individual,Christina,James,1955-07-20,F,USA,Colorado,Home,2,Yes,Agency,71,3,1020270.72,340090.24,489550.72,204368.26,1274.52,3823.56,2,1,Home-Focused Buyers - Cluster 2
C1950,Individual,Edward,Weaver,1975-03-27,M,USA,Ohio,Home,4,No,Agency,51,4,1033306.43,258326.6075,377128.4,174551.95,933.355,3733.42,2,1,Home-Focused Buyers - Cluster 2
C1951,Individual,Alexander,Murray,1996-09-08,M,USA,Utah,Home,1,Yes,Website,30,4,1128864.17,282216.0425,454474.49,135540.98,972.335,3889.34,2,1,Home-Focused Buyers - Cluster 2
C1952,Company,Optima,Co,1992-05-06,M,USA,Nevada,Home,3,No,Agency,34,3,1235262.65,411754.2166666666,575463.2,191641.45,1451.5366666666669,4354.610000000001,1,0,Home-Focused Buyers
C1953,Individual,Donald,Miller,1972-10-16,M,GERMANY,Bavaria,Home,1,Yes,Website,53,4,1199064.43,299766.1075,494656.28,177534.71,946.6525,3786.61,2,1,Home-Focused Buyers - Cluster 2
C1954,Individual,Judy,Roberts,1966-09-03,F,AUSTRALIA,Western Australia,Investment,3,No,Website,60,3,809731.0700000001,269910.3566666667,334529.95,175786.75,899.9899999999999,2699.97,2,1,Home-Focused Buyers - Cluster 2
C1955,Individual,Benjamin,Wright,1998-05-20,M,CANADA,Quebec,Home,1,No,Website,28,4,1707150.06,426787.515,462288.76,373575.86,1380.26,5521.04,1,1,Home-Focused Buyers
C1956,Individual,Julie,Weaver,1967-08-21,F,USA,Oregon,Home,2,No,Agency,59,4,1224023.79,306005.9475,608146.84,175812.42,920.7075,3682.83,2,1,Home-Focused Buyers - Cluster 2
C1957,Individual,Adam,Howard,1962-09-24,M,USA,California,Home,4,Yes,Website,63,4,1318838.26,329709.565,430163.14,188578.82,1150.2,4600.8,2,0,Home-Focused Buyers - Cluster 2
C1958,Individual,Susan,Foster,1970-10-09,F,USA,California,Home,3,No,Website,55,4,1567012.19,391753.0475,640625.73,204992.11,1287.0549999999998,5148.219999999999,1,0,Home-Focused Buyers
C1959,Individual,Judy,Morales,1942-02-20,F,USA,Texas,Home,1,No,Website,84,3,626084.02,208694.67333333334,304533.78,146707.13,753.3133333333334,2259.94,2,1,Home-Focused Buyers - Cluster 2
C1960,Individual,Dorothy,Brown,1987-08-02,F,USA,Colorado,Home,2,Yes,Website,39,3,1196488.96,398829.6533333333,529520.87,332640.41,1350.4933333333333,4051.48,1,0,Home-Focused Buyers
C1961,Individual,William,Campbell,1994-09-26,M,USA,California,Home,5,No,Agency,31,4,1289265.38,322316.345,501471.56,209895.78,1138.4975,4553.99,2,1,Home-Focused Buyers - Cluster 2
C1962,Individual,Kimberly,Harris,1995-08-01,F,MEXICO,Puebla,Home,5,No,Agency,31,3,971475.24,323825.08,398527.61,254253.54,1108.1033333333332,3324.31,2,1,Home-Focused Buyers - Cluster 2
C1963,Company,Terova,Co,1968-03-01,M,USA,Texas,Home,5,No,Website,58,3,983925.13,327975.04333333333,435919.77,180093.56,1090.7733333333333,3272.3199999999997,2,1,Home-Focused Buyers - Cluster 2
C1964,Individual,Kevin,Martin,1972-06-17,M,USA,Virginia,Home,5,No,Agency,54,3,1149434.67,383144.88999999996,501520.52,295744.88,1359.24,4077.7200000000003,1,1,Home-Focused Buyers
C1965,Individual,Sean,Wright,1997-01-09,M,USA,California,Home,4,No,Agency,29,3,1489053.39,496351.12999999995,517834.79,468935.42,1579.3133333333335,4737.9400000000005,1,0,Home-Focused Buyers
C1966,Individual,Ronald,Howard,1964-02-10,M,CANADA,British Columbia,Home,1,No,Agency,62,4,1210176.2,302544.05,487865.86,219709.14,1111.6475,4446.59,2,0,Home-Focused Buyers - Cluster 2
C1967,Individual,Roger,Bryant,1957-10-09,M,USA,Oregon,Investment,4,No,Agency,68,3,747143.37,249047.79,340611.95,143800.0,859.2633333333333,2577.79,2,1,Home-Focused Buyers - Cluster 2
C1968,Individual,Judy,Griffin,1958-11-02,F,USA,California,Investment,3,Yes,Client,67,3,987718.99,329239.66333333333,421709.56,200926.35,1072.7266666666667,3218.1800000000003,2,1,Home-Focused Buyers - Cluster 2
C1969,Individual,Jesse,James,1993-06-14,M,USA,Colorado,Investment,2,Yes,Agency,33,4,1030940.4299999999,257735.10749999998,462830.35,136888.93,854.58,3418.32,2,1,Home-Focused Buyers - Cluster 2
C1970,Individual,Raymond,Howard,1978-02-25,M,USA,Arizona,Investment,4,Yes,Website,48,3,1346312.7000000002,448770.9000000001,576990.75,237460.8,1361.7433333333333,4085.23,1,0,Home-Focused Buyers
C1971,Individual,Emma,Jordan,1976-07-18,F,USA,Virginia,Home,5,No,Website,50,3,673422.3200000001,224474.1066666667,274917.87,181197.22,775.5666666666666,2326.7,2,1,Home-Focused Buyers - Cluster 2
C1972,Individual,Carol,Wilson,1972-01-05,F,USA,California,Home,4,Yes,Website,54,3,943260.84,314420.27999999997,478022.04,212067.21,1077.3333333333333,3232.0,2,1,Home-Focused Buyers - Cluster 2
C1973,Company,Oasis,Co,1993-09-13,M,USA,Washington,Home,4,Yes,Agency,32,4,1450499.68,362624.92,413926.08,294188.66,1214.7825,4859.13,1,0,Home-Focused Buyers
C1974,Individual,Keith,Peterson,1950-04-09,M,USA,Nevada,Home,5,Yes,Agency,76,4,968686.8500000001,242171.71250000002,431287.44,131583.82,809.6575,3238.63,2,1,Home-Focused Buyers - Cluster 2
C1975,Individual,Dorothy,Campbell,1975-08-05,F,BELGIUM,Wallonia,Home,4,No,Agency,51,3,985031.21,328343.73666666663,454364.35,214837.5,1023.8800000000001,3071.6400000000003,2,1,Home-Focused Buyers - Cluster 2
C1976,Individual,Albert,Wilson,1995-05-03,M,USA,Florida,Home,5,No,Client,31,4,1146120.65,286530.1625,503445.63,104911.93,1030.29,4121.16,2,1,Home-Focused Buyers - Cluster 2
C1977,Individual,Jason,Bennett,1994-04-07,M,USA,Virginia,Home,1,No,Website,32,4,2001430.4300000002,500357.60750000004,608264.77,314372.82,1577.2325,6308.93,1,0,Home-Focused Buyers
C1978,Company,Summit,Co,1967-02-06,F,USA,California,Investment,5,Yes,Website,59,3,1205900.67,401966.88999999996,433524.31,360530.43,1290.0866666666668,3870.26,1,1,Home-Focused Buyers
C1979,Individual,Brian,Richardson,1942-05-25,M,USA,Colorado,Home,3,Yes,Agency,84,4,1287568.79,321892.1975,430285.43,194243.69,1014.73,4058.92,2,1,Home-Focused Buyers - Cluster 2
C1980,Individual,Barbara,Green,1956-05-09,F,USA,Texas,Investment,4,No,Website,70,4,1579565.09,394891.2725,588343.01,223777.94,1228.8325,4915.33,1,0,Home-Focused Buyers
C1981,Individual,Sarah,Flores,1992-12-09,F,CANADA,Quebec,Home,5,No,Agency,33,4,1440160.68,360040.17,498028.07,226302.61,1245.935,4983.74,1,1,Home-Focused Buyers
C1982,Individual,Jose,Long,1947-09-05,M,USA,California,Home,4,Yes,Website,79,3,1545398.56,515132.85333333333,553675.21,451859.26,1669.3466666666666,5008.04,1,0,Home-Focused Buyers
C1983,Individual,Ryan,Reed,1961-03-13,M,UK,Northern Ireland,Home,3,No,Website,65,4,1317304.52,329326.13,411125.74,179742.66,1070.475,4281.9,2,1,Home-Focused Buyers - Cluster 2
C1984,Individual,Jesse,Watson,1956-10-18,M,USA,California,Home,4,No,Website,69,3,846287.21,282095.73666666663,315840.76,222487.81,994.52,2983.56,2,1,Home-Focused Buyers - Cluster 2
C1985,Individual,Gregory,Bell,1963-05-11,M,UK,Scotland,Home,1,Yes,Agency,63,4,1149379.8599999999,287344.96499999997,344251.82,171040.21,1014.73,4058.92,2,1,Home-Focused Buyers - Cluster 2
C1986,Individual,Thomas,Griffin,1977-04-23,M,USA,New York,Investment,1,No,Website,49,4,1442798.93,360699.7325,524650.21,160247.33,1153.5575,4614.23,1,1,Home-Focused Buyers
C1987,Individual,Douglas,Davis,1986-10-18,M,BELGIUM,Wallonia,Investment,5,No,Website,39,4,1316082.96,329020.74,515152.93,216265.08,1104.1725,4416.69,2,1,Home-Focused Buyers - Cluster 2
C1988,Individual,Henry,Thompson,1994-09-19,M,USA,California,Home,5,Yes,Website,31,4,1301018.95,325254.7375,409994.99,190112.97,972.245,3888.98,2,1,Home-Focused Buyers - Cluster 2
C1989,Individual,William,Montgomery,1959-11-19,M,USA,Texas,Home,3,No,Agency,66,4,1380788.8599999999,345197.21499999997,505173.86,259576.23,1135.325,4541.3,2,1,Home-Focused Buyers - Cluster 2
C1990,Individual,Scott,Howard,1976-11-28,M,USA,Texas,Investment,5,No,Agency,49,3,1253745.81,417915.27,566711.76,253453.37,1303.4733333333334,3910.42,1,0,Home-Focused Buyers
C1991,Individual,Susan,Reed,1950-07-09,F,USA,California,Home,3,No,Website,76,4,1134341.88,283585.47,405445.85,102745.33,900.39,3601.56,2,1,Home-Focused Buyers - Cluster 2
C1992,Individual,Rachel,Hansen,1943-01-19,F,USA,Texas,Home,3,Yes,Website,83,3,1266058.76,422019.58666666667,471352.97,383231.2,1445.08,4335.24,1,0,Home-Focused Buyers
C1993,Individual,Douglas,Thompson,1985-06-09,M,USA,New York,Home,2,No,Website,41,3,1385369.38,461789.7933333333,549422.32,343389.83,1454.4099999999999,4363.23,1,0,Home-Focused Buyers
C1994,Individual,Nicole,Miller,1994-07-21,F,USA,Oregon,Investment,3,Yes,Website,32,3,1257875.21,419291.73666666663,498128.56,359341.4,1454.4099999999999,4363.23,1,0,Home-Focused Buyers
C1995,Individual,Michelle,Scott,1993-03-05,F,USA,California,Investment,4,No,Agency,33,4,1044043.64,261010.91,348872.01,218454.43,905.7525,3623.01,2,1,Home-Focused Buyers - Cluster 2
C1996,Individual,Samantha,Brooks,1992-06-20,F,USA,Nevada,Home,1,Yes,Website,34,4,1151831.48,287957.87,568415.25,157537.5,1027.325,4109.3,2,1,Home-Focused Buyers - Cluster 2
C1997,Individual,Matthew,Cox,1942-09-27,M,USA,Arizona,Home,4,Yes,Website,83,4,1101825.4,275456.35,484864.24,168349.69,910.42,3641.68,2,1,Home-Focused Buyers - Cluster 2
C1998,Individual,Mark,Patterson,1963-09-13,M,USA,Virginia,Home,5,Yes,Website,62,3,1023688.56,341229.52,431674.94,220468.16,1140.3999999999999,3421.2,2,1,Home-Focused Buyers - Cluster 2
C1999,Individual,Lawrence,Montgomery,1944-06-15,M,USA,Ohio,Home,4,Yes,Client,82,3,838587.38,279529.12666666665,455786.14,180409.23,919.0466666666666,2757.14,2,1,Home-Focused Buyers - Cluster 2
C2000,Individual,Amanda,James,1996-03-24,F,USA,Georgia,Home,1,Yes,Agency,30,3,913528.5,304509.5,364977.97,252835.34,1033.4833333333333,3100.45,2,1,Home-Focused Buyers - Cluster 2
